Station_ID,Timestamp,CO_Channel,NOx_Channel,NO2_Channel,Ambient_Temperature,Relative_Humidity,Absolute_Humidity
STN-01,01-01-2021 00:00,1.2,411,157,4.8,56.3,0.9245
STN-01,01-01-2021 01:00,1.5,397,167,2.9,54.7,0.8249
STN-01,01-01-2021 02:00,0.7,300,135,1.8,50.1,0.7405
STN-01,01-01-2021 03:00,0.5,284,142,0.9,48.8,0.6769
STN-01,01-01-2021 04:00,0,209,118,0.9,53.6,0.7118
STN-01,01-01-2021 05:00,0,284,111,1.6,54.2,0.7196
STN-01,01-01-2021 06:00,0.9,334,122,2.7,57.3,0.7971
STN-01,01-01-2021 07:00,2,418,161,1.4,50.9,0.6762
STN-01,01-01-2021 08:00,2.4,468,152,2.1,50.5,0.7257
STN-01,01-01-2021 09:00,2.6,482,158,3.5,47.7,0.7078
STN-01,01-01-2021 10:00,1.9,386,141,5.8,41.5,0.7022
STN-01,01-01-2021 11:00,2.4,436,152,7.6,46,0.7934
STN-01,01-01-2021 12:00,2,349,146,8.7,46.7,0.8085
STN-01,01-01-2021 13:00,1.9,314,,8.6,46.4,0.7946
STN-01,01-01-2021 14:00,1.8,237,115,10,41.9,0.7829
STN-01,01-01-2021 15:00,1.2,198,124,10.2,37,0.7102
STN-01,01-01-2021 16:00,0.8,230,135,9.5,36.8,0.689
STN-01,01-01-2021 17:00,1.1,,144,9.3,38.2,0.6873
STN-01,01-01-2021 18:00,1.4,159,113,7.9,48.1,0.8073
STN-01,01-01-2021 19:00,1.9,239,125,7.8,49.4,0.8062
STN-01,01-01-2021 20:00,1.7,,104,5.2,54.3,0.7896
STN-01,01-01-2021 21:00,1.2,147,96,4.2,52.3,0.7494
STN-01,01-01-2021 22:00,0.6,129,97,2.1,59,0.7594
STN-01,01-01-2021 23:00,2,329,135,0.2,55.9,0.6626
STN-01,02-01-2021 00:00,1.5,295,111,1,59.2,0.706
STN-01,02-01-2021 01:00,1.3,190,110,1,58.8,0.676
STN-01,02-01-2021 02:00,1.2,197,117,1.4,112.0389668,0.6673
STN-01,02-01-2021 03:00,0.9,161,126,0.3,55.7,0.6207
STN-01,02-01-2021 04:00,0.3,154,99,-0.4,55.2,0.5673
STN-01,02-01-2021 05:00,0,151,85,0.5,54.9,0.5951
STN-01,02-01-2021 06:00,1.9,309,111,0,65.2,0.717
STN-01,02-01-2021 07:00,3.5,469,140,0.9,66.3,0.7656
STN-01,02-01-2021 08:00,4.1,541,149,1.7,67.7,0.7781
STN-01,02-01-2021 09:00,4.5,544,153,2.4,69.2,0.8069
STN-01,02-01-2021 10:00,4.3,526,157,5,66.2,0.8174
STN-01,02-01-2021 11:00,2.8,353,128,6.6,60.2,0.7579
STN-01,02-01-2021 12:00,2.1,196,109,7.4,59.6,0.7734
STN-01,02-01-2021 13:00,1,14,75,7.4,54.9,0.7034
STN-01,02-01-2021 14:00,1.3,45,87,8.1,52,0.6649
STN-01,02-01-2021 15:00,0.6,6,83,9.1,44.3,0.6149
STN-01,02-01-2021 16:00,1.6,134,120,9.1,41.2,0.5828
STN-01,02-01-2021 17:00,2.2,216,149,8.2,39.3,0.5195
STN-01,02-01-2021 18:00,2.6,241,165,,36.1,
STN-01,02-01-2021 19:00,2.6,,176,4.4,37.3,0.4248
STN-01,02-01-2021 20:00,2.3,349,159,2.9,40.3,0.4332
STN-01,02-01-2021 21:00,1.4,289,145,2.7,41.2,0.3847
STN-01,02-01-2021 22:00,0,95,117,1.9,48.4,0.4621
STN-01,02-01-2021 23:00,0.2,103,119,-0.2,54.9,0.4603
STN-01,03-01-2021 00:00,0.1,79,95,0.3,55.9,0.4832
STN-01,03-01-2021 01:00,0,43,97,-0.6,58.8,0.4344
STN-01,03-01-2021 02:00,0,10,92,-1.1,65.8,0.4825
STN-01,03-01-2021 03:00,0.2,30,92,-1.3,68.8,0.5275
STN-01,03-01-2021 04:00,0,1,62,-0.6,69.2,0.558
STN-01,03-01-2021 05:00,0.7,81,86,-1.4,69.7,0.5264
STN-01,03-01-2021 06:00,0.4,56,74,-0.4,68.1,0.539
STN-01,03-01-2021 07:00,1.7,213,110,0.9,59.1,0.469
STN-01,03-01-2021 08:00,1.4,124,97,1.7,53.7,0.4496
STN-01,03-01-2021 09:00,1.3,123,89,3.5,48.5,0.4679
STN-01,03-01-2021 10:00,1.9,238,138,6.2,40.5,0.4698
STN-01,03-01-2021 11:00,2.4,276,135,7.6,35.4,0.4575
STN-01,03-01-2021 12:00,2.8,275,127,9.6,34.1,0.4988
STN-01,03-01-2021 13:00,3,243,127,11.2,31.9,0.5065
STN-01,03-01-2021 14:00,2.6,169,104,10.5,28.2,0.4418
STN-01,03-01-2021 15:00,2.6,173,100,11.4,30.9,0.4891
STN-01,03-01-2021 16:00,3.3,330,120,11.4,35.1,0.5406
STN-01,03-01-2021 17:00,3.9,505,160,11.2,33.9,0.5722
STN-01,03-01-2021 18:00,4.7,505,148,9,43.1,0.6443
STN-01,03-01-2021 19:00,5.3,512,152,9.7,47.4,0.7176
STN-01,03-01-2021 20:00,4.6,484,139,9.2,47.5,0.6901
STN-01,03-01-2021 21:00,3.2,321,118,6.4,48.3,0.6259
STN-01,03-01-2021 22:00,2,190,108,5.6,51.5,0.6154
STN-01,03-01-2021 23:00,2.4,286,127,4.2,60,0.6379
STN-01,04-01-2021 00:00,,321,120,3.6,65.2,0.6167
STN-01,04-01-2021 01:00,2.4,291,119,1.9,71.7,0.6559
STN-01,04-01-2021 02:00,1.7,252,106,2.3,75.1,0.6955
STN-01,04-01-2021 03:00,5.422903302,294,141,2.8,76.9,0.6981
STN-01,04-01-2021 04:00,0.9,208,98,3.3,70.5,0.6704
STN-01,04-01-2021 05:00,1.5,251,100,3.8,75.7,0.758
STN-01,04-01-2021 06:00,1.9,,95,3.9,73.2,0.7425
STN-01,04-01-2021 07:00,2.4,414,116,4.5,65.1,0.691
STN-01,04-01-2021 08:00,2.8,489,145,6.6,60.6,0.6918
STN-01,04-01-2021 09:00,2.5,407,146,8.4,55.1,0.6917
STN-01,04-01-2021 10:00,2.4,521,163,11,50.7,0.7289
STN-01,04-01-2021 11:00,2.6,591,168,13.2,41.5,0.6629
STN-01,04-01-2021 12:00,2.1,492,155,15.4,38.3,0.7017
STN-01,04-01-2021 13:00,2.3,525,163,15.3,37.8,0.6807
STN-01,04-01-2021 14:00,1.6,435,125,15.7,39.3,0.668
STN-01,04-01-2021 15:00,0.8,305,112,16.1,34.8,0.6153
STN-01,04-01-2021 16:00,1.1,911.9537755,,16.2,33.8,
STN-01,04-01-2021 17:00,1.4,292,110,16,36.4,0.6753
STN-01,04-01-2021 18:00,2.6,378,145,13.9,42,0.7015
STN-01,04-01-2021 19:00,3.4,400,141,13.2,38.8,0.6631
STN-01,04-01-2021 20:00,4.3,493,172,10.8,49.4,0.7251
STN-01,04-01-2021 21:00,3.7,520,177,9.1,56,0.7263
STN-01,04-01-2021 22:00,2,293,126,8.3,55.5,0.7217
STN-01,04-01-2021 23:00,2.3,310,128,7.2,56.4,0.7165
STN-01,05-01-2021 00:00,2.3,374,150,6.6,53.7,0.6438
STN-01,05-01-2021 01:00,2.2,417,147,5.7,52.3,0.5558
STN-01,05-01-2021 02:00,1.6,323,133,5.5,51.7,0.5131
STN-01,05-01-2021 03:00,1.3,277,128,6.1,54.6,0.5771
STN-01,05-01-2021 04:00,1.5,286,107,6.1,55.9,0.5719
STN-01,05-01-2021 05:00,1.6,303,108,6.4,57.1,0.5963
STN-01,05-01-2021 06:00,2.1,425,140,5.9,53.4,0.5476
STN-01,05-01-2021 07:00,3,590,177,7.3,53.1,0.5878
STN-01,05-01-2021 08:00,3.6,651,189,7.2,47.4,0.539
STN-01,05-01-2021 09:00,3.7,610,190,9,43.6,0.5682
STN-01,05-01-2021 10:00,3.8,593,192,10.8,,
STN-01,05-01-2021 11:00,3.2,,172,12.5,35.1,0.5273
STN-01,05-01-2021 12:00,3.9,535,173,12.7,33,0.4724
STN-01,05-01-2021 13:00,4.4,516,154,13.6,30,0.4738
STN-01,05-01-2021 14:00,3.6,480,152,13.9,30.2,0.4781
STN-01,05-01-2021 15:00,3.5,506,155,12.4,34.1,0.438
STN-01,05-01-2021 16:00,3.1,475,153,12.2,33.2,0.4367
STN-01,05-01-2021 17:00,4.2,512,160,12.5,35.6,0.5043
STN-01,05-01-2021 18:00,5.2,609,190,11.3,36.6,0.5048
STN-01,05-01-2021 19:00,5.2,671,198,9,44.1,0.524
STN-01,05-01-2021 20:00,4.7,634,196,6.9,50.5,0.5156
STN-01,05-01-2021 21:00,3.4,570,205,5.5,48.3,0.4519
STN-01,05-01-2021 22:00,3,567,206,5.3,49.9,0.4625
STN-01,05-01-2021 23:00,2.9,555,212,5,52.2,0.4968
STN-01,06-01-2021 00:00,2.6,575,214,4.9,58.7,0.5747
STN-01,06-01-2021 01:00,2.4,512,174,4.2,55.8,0.5214
STN-01,06-01-2021 02:00,1.2,298,122,3.4,54.9,0.4904
STN-01,06-01-2021 03:00,0.3,261,115,3.6,57.5,0.5196
STN-01,06-01-2021 04:00,1.2,320,112,3.4,56.8,0.4965
STN-01,06-01-2021 05:00,1.5,313,106,3.6,58,0.5205
STN-01,06-01-2021 06:00,,232,95,4.1,63.3,0.5905
STN-01,06-01-2021 07:00,1.7,294,119,5.7,60.6,0.636
STN-01,06-01-2021 08:00,,443,158,6.8,59.4,0.6598
STN-01,06-01-2021 09:00,3.4,460,158,7.7,57.1,0.6846
STN-01,06-01-2021 10:00,2.6,467,161,9.2,49.7,0.6174
STN-01,06-01-2021 11:00,1.7,385,132,12.7,43,0.6488
STN-01,06-01-2021 12:00,2.9,457,165,16.4,39.8,0.7407
STN-01,06-01-2021 13:00,2.6,463,161,17.8,,0.7788
STN-01,06-01-2021 14:00,1.2,360,139,16.6,41.7,0.732
STN-01,06-01-2021 15:00,1,280,127,16.6,40.7,0.7225
STN-01,06-01-2021 16:00,1.8,339,130,15.3,47.3,2.050943356
STN-01,06-01-2021 17:00,2.5,389,154,14.5,54.4,0.8273
STN-01,06-01-2021 18:00,3.2,433,158,,57.4,0.7984
STN-01,06-01-2021 19:00,2.5,349,144,,58.2,0.8124
STN-01,06-01-2021 20:00,2.1,292,143,8.7,55.6,0.7443
STN-01,06-01-2021 21:00,0.5,185,105,6.4,63.7,0.76
STN-01,06-01-2021 22:00,0.05,1,10.23069561,8.3,61.6,0.7709
STN-01,06-01-2021 23:00,0.05,1,1,7.4,62,0.7476
STN-01,07-01-2021 00:00,0.05,1,1,6.2,65.5,0.7171
STN-01,07-01-2021 01:00,0.05,1,1,5.7,67,0.728
STN-01,07-01-2021 02:00,0.05,1,1,4.8,65.3,0.6636
STN-01,07-01-2021 03:00,0,161,83,4.6,66.9,0.6894
STN-01,07-01-2021 04:00,0,200,89,3.4,62.8,0.6059
STN-01,07-01-2021 05:00,0.3,349,108,2.5,64.1,0.5633
STN-01,07-01-2021 06:00,0.4,360,97,1.8,66.9,0.6073
STN-01,07-01-2021 07:00,2.4,,136,2.4,67.5,0.618
STN-01,07-01-2021 08:00,3.6,705,167,4.4,65.1,0.6779
STN-01,07-01-2021 09:00,4.1,800,200,7.5,56.5,0.6575
STN-01,07-01-2021 10:00,3.3,770,206,11.1,49.3,0.6538
STN-01,07-01-2021 11:00,3.1,747,213,13.9,42.6,0.6339
STN-01,07-01-2021 12:00,2.2,557,179,15.7,31.7,0.5528
STN-01,07-01-2021 13:00,1.5,476,162,17.4,27.1,0.5526
STN-01,07-01-2021 14:00,1.6,422,155,16.9,26.7,0.4907
STN-01,07-01-2021 15:00,2.2,418,150,16.8,32.7,0.529
STN-01,07-01-2021 16:00,2.7,428,136,16.5,34.3,0.5288
STN-01,07-01-2021 17:00,2.7,429,139,15.7,33.2,0.4793
STN-01,07-01-2021 18:00,2.7,391,150,14.5,30.3,0.4743
STN-01,07-01-2021 19:00,3.4,370,140,13.1,35.9,0.4936
STN-01,07-01-2021 20:00,3.7,416,135,12.6,39.8,0.5016
STN-01,07-01-2021 21:00,2.5,305,110,,47.6,0.5098
STN-01,07-01-2021 22:00,1.2,139,97,10.8,46.7,0.5308
STN-01,07-01-2021 23:00,1.3,186,114,8.9,48.8,0.4813
STN-01,08-01-2021 00:00,0.3,73,101,9.6,47.3,0.4743
STN-01,08-01-2021 01:00,0,12,76,9.3,49,0.5199
STN-01,08-01-2021 02:00,0,1,49,8.5,51.7,0.5016
STN-01,08-01-2021 03:00,0.1,129,85,7.5,57.8,0.5558
STN-01,08-01-2021 04:00,0,61,54,6.3,61.5,0.5654
STN-01,08-01-2021 05:00,0,133,68,3,61.6,0.4826
STN-01,08-01-2021 06:00,0,163,71,3,64.3,0.5366
STN-01,08-01-2021 07:00,0.1,105,81,3.6,64.2,0.5295
STN-01,08-01-2021 08:00,1.8,311,150,4.1,61.5,0.5002
STN-01,08-01-2021 09:00,2.6,336,133,5.6,60.4,0.5401
STN-01,08-01-2021 10:00,2.5,368,152,8.2,59.3,
STN-01,08-01-2021 11:00,2.6,401,160,9.3,55.1,0.5759
STN-01,08-01-2021 12:00,2.6,360,153,11.3,48.4,0.5481
STN-01,08-01-2021 13:00,2.4,312,132,13,44.8,0.5835
STN-01,08-01-2021 14:00,1,194,95,13.1,43.1,0.5588
STN-01,08-01-2021 15:00,1.1,195,92,12.4,45.5,0.5313
STN-01,08-01-2021 16:00,0.9,203,84,12.7,47,0.5602
STN-01,08-01-2021 17:00,1.6,249,94,12.2,51.5,0.6078
STN-01,08-01-2021 18:00,2.4,373,111,11.7,55.3,0.6379
STN-01,08-01-2021 19:00,3.1,436,119,12,60.4,0.7318
STN-01,08-01-2021 20:00,3.2,462,126,10.2,70.8,0.8102
STN-01,08-01-2021 21:00,2.4,340,90,8.8,72.8,0.8355
STN-01,08-01-2021 22:00,3,380,85,9.1,71.7,0.8407
STN-01,08-01-2021 23:00,3.2,432,102,8.4,73.1,0.8515
STN-01,09-01-2021 00:00,3.4,566,137,6.7,75.7,0.8296
STN-01,09-01-2021 01:00,1.9,432,101,7,76.1,0.8773
STN-01,09-01-2021 02:00,,419,85,7.4,73.4,0.8562
STN-01,09-01-2021 03:00,1.7,421,103,6.3,75.9,0.8401
STN-01,09-01-2021 04:00,1.3,,62,5.7,74.7,0.8023
STN-01,09-01-2021 05:00,0.7,322,53,4.8,80.2,0.8669
STN-01,09-01-2021 06:00,0.8,408,66,4.2,79.5,0.8408
STN-01,09-01-2021 07:00,1.6,501,83,4.7,84.2,0.8889
STN-01,09-01-2021 08:00,2.2,622,115,5.4,86.1,0.951
STN-01,09-01-2021 09:00,2.1,578,125,7.1,81.4,0.9671
STN-01,09-01-2021 10:00,1.3,536,133,9,76.2,1.0017
STN-01,09-01-2021 11:00,1.2,522,129,11.7,71.8,1.0294
STN-01,09-01-2021 12:00,0.8,354,115,14.2,67.8,1.0991
STN-01,09-01-2021 13:00,1.6,387,130,13.7,68,1.0585
STN-01,09-01-2021 14:00,1.6,404,123,13.5,69.6,1.0719
STN-01,09-01-2021 15:00,1.9,414,145,12.3,67.4,0.9994
STN-01,09-01-2021 16:00,,316,149,13.3,59.6,0.9741
STN-01,09-01-2021 17:00,2.4,416,175,12.3,63,0.9819
STN-01,09-01-2021 18:00,3,459,182,9.9,65.1,1.023
STN-01,09-01-2021 19:00,3.7,495,191,8.9,,0.99
STN-01,09-01-2021 20:00,3.5,499,188,7.9,60.7,0.9368
STN-01,09-01-2021 21:00,2.2,456,144,6.4,65,0.9074
STN-01,09-01-2021 22:00,1.5,399,122,7.9,65.1,0.969
STN-01,09-01-2021 23:00,2.9,,150,6.4,67.1,0.9381
STN-01,10-01-2021 00:00,1.9,419,148,4,71.3,0.8685
STN-01,10-01-2021 01:00,1,295,127,3.4,74.8,0.8716
STN-01,10-01-2021 02:00,1,284,109,2.8,73.4,0.8021
STN-01,10-01-2021 03:00,1.4,364,125,2.9,81,0.8592
STN-01,10-01-2021 04:00,1.4,313,103,3.3,81.3,0.9065
STN-01,10-01-2021 05:00,1,285,99,2.2,79,0.8547
STN-01,10-01-2021 06:00,0.6,268,102,1.5,77.9,0.8249
STN-01,10-01-2021 07:00,1.8,352,125,1.9,77.1,0.8167
STN-01,10-01-2021 08:00,1.7,375,126,2.2,70.1,0.7404
STN-01,10-01-2021 09:00,2.4,431,133,3.6,68.3,0.7611
STN-01,10-01-2021 10:00,2.2,398,146,5.9,58.9,0.7237
STN-01,10-01-2021 11:00,2.2,378,145,8.4,55.8,0.7353
STN-01,10-01-2021 12:00,2,358,154,8.4,55,0.6911
STN-01,10-01-2021 13:00,,271,144,8.8,51.3,0.6239
STN-01,10-01-2021 14:00,1.8,288,135,,47.7,0.6193
STN-01,10-01-2021 15:00,1.3,324,145,10.1,44.1,0.565
STN-01,10-01-2021 16:00,1,331,168,,43.2,
STN-01,10-01-2021 17:00,3.2,487,210,10.2,47.3,0.6058
STN-01,10-01-2021 18:00,4.4,629,219,7.2,54.2,0.5675
STN-01,10-01-2021 19:00,3.8,501,178,5.9,56,0.5656
STN-01,10-01-2021 20:00,2.7,427,161,5.4,52.2,0.4831
STN-01,10-01-2021 21:00,1.6,310,131,4.5,,0.5182
STN-01,10-01-2021 22:00,,237,116,2.9,59.5,0.4891
STN-01,10-01-2021 23:00,1.3,237,113,2.9,66.2,
STN-01,11-01-2021 00:00,1.1,196,99,2.8,63.9,0.5637
STN-01,11-01-2021 01:00,0.9,176,85,1.1,68.4,0.5576
STN-01,11-01-2021 02:00,1.2,206,82,0.5,68,0.5241
STN-01,11-01-2021 03:00,1,181,87,1.4,70.4,0.5769
STN-01,11-01-2021 04:00,0.7,222,88,2.2,68.1,0.5606
STN-01,11-01-2021 05:00,1.9,405,119,1.4,70,0.5593
STN-01,11-01-2021 06:00,1.8,409,125,2.1,75.5,0.6269
STN-01,11-01-2021 07:00,1.8,419,128,0.2,75.3,0.5717
STN-01,11-01-2021 08:00,2.1,521,149,1.3,66.9,0.5213
STN-01,11-01-2021 09:00,1.8,424,150,3.9,,0.5112
STN-01,11-01-2021 10:00,1.6,463,176,6.2,47.3,0.3922
STN-01,11-01-2021 11:00,2.1,477,199,9.5,38.1,0.3666
STN-01,11-01-2021 12:00,1.1,333,155,10.2,36.6,0.3567
STN-01,11-01-2021 13:00,1.8,331,164,10.5,38.2,0.3081
STN-01,11-01-2021 14:00,1.2,294,156,10.9,39.2,0.3422
STN-01,11-01-2021 15:00,1.3,281,151,13.5,38.8,0.4358
STN-01,11-01-2021 16:00,2.1,338,144,14.8,39.1,0.5177
STN-01,11-01-2021 17:00,2.4,332,149,14.5,37.9,0.4954
STN-01,11-01-2021 18:00,3.7,434,146,13.4,48.3,0.604
STN-01,11-01-2021 19:00,3.6,470,142,11.1,49.3,0.5626
STN-01,11-01-2021 20:00,3.7,519,154,9.9,55.6,0.6
STN-01,11-01-2021 21:00,2.7,418,130,9,58.2,0.622
STN-01,11-01-2021 22:00,2.6,346,124,7.7,62.3,0.6021
STN-01,11-01-2021 23:00,3.1,449,124,6.3,72.8,0.6886
STN-01,12-01-2021 00:00,3.5,473,128,6.2,76.4,0.7767
STN-01,12-01-2021 01:00,1.7,322,88,5.1,78.9,0.7576
STN-01,12-01-2021 02:00,2.6,384,,4.7,83.7,0.813
STN-01,12-01-2021 03:00,2.2,359,93,3.7,88,
STN-01,12-01-2021 04:00,1.9,336,81,2.4,97.2,0.9004
STN-01,12-01-2021 05:00,1.7,364,101,2.2,98.6,0.918
STN-01,12-01-2021 06:00,2,493,115,1.6,94,0.8272
STN-01,12-01-2021 07:00,3.3,600,153,1.1,91.9,0.8227
STN-01,12-01-2021 08:00,3.4,580,146,0.8,88.3,0.7791
STN-01,12-01-2021 09:00,3.4,606,155,3.6,77.6,0.7464
STN-01,12-01-2021 10:00,2.5,542,155,6,71.7,0.7637
STN-01,12-01-2021 11:00,1.3,389,140,8.9,66.3,0.7594
STN-01,12-01-2021 12:00,2.9,491,145,10.6,61,0.7277
STN-01,12-01-2021 13:00,4.1,,159,10.9,58.6,0.6787
STN-01,12-01-2021 14:00,3.8,576,143,11.8,69.5,0.7989
STN-01,12-01-2021 15:00,3,460,116,11.8,68.5,0.8215
STN-01,12-01-2021 16:00,2.9,433,132,,63,0.7671
STN-01,12-01-2021 17:00,3.7,559,153,13.2,66.1,0.7629
STN-01,12-01-2021 18:00,4.4,575,166,14.5,65.2,0.8443
STN-01,12-01-2021 19:00,5.6,658,197,14,64.7,0.8743
STN-01,12-01-2021 20:00,4.6,610,179,13.6,63.2,0.8494
STN-01,12-01-2021 21:00,2.6,470,139,13.1,60.6,0.838
STN-01,12-01-2021 22:00,1.1,349,130,10,62.6,0.7385
STN-01,12-01-2021 23:00,1.2,280,123,7.7,64.5,0.7116
STN-01,13-01-2021 00:00,2.6,374,145,7.5,66.4,0.7079
STN-01,13-01-2021 01:00,1.4,287,137,6.4,66,0.6404
STN-01,13-01-2021 02:00,1.2,250,125,-17.90142222,69,0.6039
STN-01,13-01-2021 03:00,0.9,302,135,3.5,72.6,0.5701
STN-01,13-01-2021 04:00,0.6,238,108,3.9,67.7,0.5055
STN-01,13-01-2021 05:00,0.9,360,115,4.8,66.5,0.5231
STN-01,13-01-2021 06:00,0.1,289,102,4.5,62.4,0.4663
STN-01,13-01-2021 07:00,1,421,135,3.3,56,0.3472
STN-01,13-01-2021 08:00,2,520,163,4.8,53.3,0.3544
STN-01,13-01-2021 09:00,2,537,167,7.5,51.3,0.4708
STN-01,13-01-2021 10:00,0.8,470,160,9.5,41.1,0.3821
STN-01,13-01-2021 11:00,0.7,464,155,12.1,32.1,0.3355
STN-01,13-01-2021 12:00,,409,157,13.9,28.2,0.3191
STN-01,13-01-2021 13:00,1.1,407,160,12.7,30.8,0.2509
STN-01,13-01-2021 14:00,0.7,321,137,14.1,25.3,0.2156
STN-01,13-01-2021 15:00,1.2,434,164,14.3,31.2,0.2709
STN-01,13-01-2021 16:00,2.1,509,174,16.2,33.1,0.3151
STN-01,13-01-2021 17:00,,525,175,15.7,34.1,0.3374
STN-01,13-01-2021 18:00,3.9,536,174,13,40.2,0.3548
STN-01,13-01-2021 19:00,5,633,195,12.1,43.2,0.3636
STN-01,13-01-2021 20:00,4.4,504,168,10.6,43.9,0.3403
STN-01,13-01-2021 21:00,1.8,256,121,9.9,45.7,0.3853
STN-01,13-01-2021 22:00,1,176,87,9.2,48.8,0.3905
STN-01,13-01-2021 23:00,1.2,135,66,8.1,53.6,0.3908
STN-01,14-01-2021 00:00,2.3,308,87,7.1,60.4,0.4004
STN-01,14-01-2021 01:00,,322,85,6.2,67.2,0.4651
STN-01,14-01-2021 02:00,2.3,318,97,5.2,70.2,0.4783
STN-01,14-01-2021 03:00,0.9,194,91,2.9,78.2,0.4756
STN-01,14-01-2021 04:00,1.2,175,63,3.3,82.3,0.5463
STN-01,14-01-2021 05:00,1.4,120,79,2.6,88,0.6129
STN-01,14-01-2021 06:00,2.2,197,112,2.3,84,0.5523
STN-01,14-01-2021 07:00,1.7,207,115,3.9,83.1,0.6276
STN-01,14-01-2021 08:00,1.3,247,122,4,79,0.5947
STN-01,14-01-2021 09:00,1.5,326,158,6.1,68.8,0.5551
STN-01,14-01-2021 10:00,1.8,293,164,8.5,61.5,0.5182
STN-01,14-01-2021 11:00,2.5,316,159,9.9,60.8,0.5541
STN-01,14-01-2021 12:00,3.4,380,177,11.3,50.3,0.4553
STN-01,14-01-2021 13:00,3.5,353,149,13.5,51.6,0.5211
STN-01,14-01-2021 14:00,3.7,382,146,14.7,51.6,0.5573
STN-01,14-01-2021 15:00,3.2,334,146,16.1,,0.5327
STN-01,14-01-2021 16:00,3.2,338,,16.7,45.9,0.5508
STN-01,14-01-2021 17:00,4.1,439,188,14.4,50.8,0.5532
STN-01,14-01-2021 18:00,4.5,461,199,13.1,48.8,0.5254
STN-01,14-01-2021 19:00,4.1,435,193,13,49.4,0.5281
STN-01,14-01-2021 20:00,4.3,568,217,11,57.4,0.58
STN-01,14-01-2021 21:00,2.8,424,174,11.5,51.2,0.5724
STN-01,14-01-2021 22:00,2.7,415,160,11.8,57.6,0.6499
STN-01,14-01-2021 23:00,3,470,186,11.6,58.8,0.6522
STN-01,15-01-2021 00:00,3,444,164,11.9,60.5,0.7304
STN-01,15-01-2021 01:00,1.7,278,,11.3,74.5,0.8758
STN-01,15-01-2021 02:00,0.7,195,87,9.6,75.8,0.8318
STN-01,15-01-2021 03:00,0.6,208,95,7.3,81.3,0.7976
STN-01,15-01-2021 04:00,0.7,163,68,7.4,83.2,0.8504
STN-01,15-01-2021 05:00,1.1,187,79,7.3,78.3,0.8063
STN-01,15-01-2021 06:00,1.2,242,,5.7,82.1,0.7828
STN-01,15-01-2021 07:00,2.6,331,106,7,78.6,0.7463
STN-01,15-01-2021 08:00,3.9,485,145,8.4,73.4,
STN-01,15-01-2021 09:00,3.9,495,138,10.9,72.9,0.8445
STN-01,15-01-2021 10:00,4.2,484,166,13.1,65.2,0.8102
STN-01,15-01-2021 11:00,3.5,481,174,14.2,63.2,0.7759
STN-01,15-01-2021 12:00,3.5,481,174,14.2,63.2,0.7759
STN-01,15-01-2021 13:00,,358,130,14.6,63,0.7737
STN-01,15-01-2021 14:00,1.4,322,106,14.4,61.4,0.7431
STN-01,15-01-2021 15:00,0.9,297,95,15.8,56.6,0.7655
STN-01,15-01-2021 16:00,1.4,340,102,14.1,63,0.7722
STN-01,15-01-2021 17:00,1.2,326,131,14.2,58.3,0.7247
STN-01,15-01-2021 18:00,1.9,400,142,12.6,65.7,0.8036
STN-01,15-01-2021 19:00,2.3,490,169,11.4,68.4,0.8023
STN-01,15-01-2021 20:00,2.5,448,154,8.8,69.6,0.74
STN-01,15-01-2021 21:00,1.6,486,159,7.5,73.2,0.7195
STN-01,15-01-2021 22:00,0.7,386,135,5.3,74.7,0.6622
STN-01,15-01-2021 23:00,1.7,481,147,6.8,75.6,0.7066
STN-01,16-01-2021 00:00,2.8,653,168,8.4,82.5,0.7856
STN-01,16-01-2021 01:00,2.5,690,159,7.8,88.8,0.8647
STN-01,16-01-2021 02:00,2.1,609,149,6.1,87.7,0.8015
STN-01,16-01-2021 03:00,1.3,572,141,5.2,89.7,0.8045
STN-01,16-01-2021 04:00,1.3,518,97,5.4,93.2,0.8597
STN-01,16-01-2021 05:00,1.7,576,115,5,99,0.9119
STN-01,16-01-2021 06:00,1.7,604,,3.7,99,0.8527
STN-01,16-01-2021 07:00,2.7,732,161,2.6,99,0.797
STN-01,16-01-2021 08:00,4.5,923,208,,99,0.8028
STN-01,16-01-2021 09:00,3.8,843,207,5.6,91.6,0.7789
STN-01,16-01-2021 10:00,3.8,855,234,8.1,81.8,0.7511
STN-01,16-01-2021 11:00,3,741,211,8.9,82.8,0.7799
STN-01,16-01-2021 12:00,2.9,696,208,11.2,78.6,0.7864
STN-01,16-01-2021 13:00,2.7,600,193,12.5,76,0.789
STN-01,16-01-2021 14:00,2.4,515,170,14.3,70.1,0.7907
STN-01,16-01-2021 15:00,3.3,582,181,14.9,70.1,0.804
STN-01,16-01-2021 16:00,,715,201,15.4,76,0.882
STN-01,16-01-2021 17:00,4.9,679,213,15.6,74.5,0.9171
STN-01,16-01-2021 18:00,4.8,680,225,12.2,76.3,0.8585
STN-01,16-01-2021 19:00,4,495,,11.4,73.5,0.8701
STN-01,16-01-2021 20:00,3.6,407,189,8.8,75.5,0.8546
STN-01,16-01-2021 21:00,3,375,178,9.2,74.2,0.8565
STN-01,16-01-2021 22:00,2,265,,8.1,75.7,0.8393
STN-01,16-01-2021 23:00,1.9,263,155,8,77.6,0.8502
STN-01,17-01-2021 00:00,,355,156,6.9,83.7,0.8942
STN-01,17-01-2021 01:00,1.9,378,146,6.9,84.6,0.9489
STN-01,17-01-2021 02:00,2,413,152,6.3,83.1,0.9151
STN-01,17-01-2021 03:00,1.2,326,115,4.9,89.9,0.9161
STN-01,17-01-2021 04:00,0.7,224,93,5,80.2,0.8087
STN-01,17-01-2021 05:00,1,269,74,4.9,76.2,0.7326
STN-01,17-01-2021 06:00,1.9,,100,4.5,79.7,0.7699
STN-01,17-01-2021 07:00,2.7,434,126,5.3,69.4,0.7168
STN-01,17-01-2021 08:00,2.9,491,152,5.5,62.7,0.6322
STN-01,17-01-2021 09:00,3.5,630,169,6.2,61.1,0.6456
STN-01,17-01-2021 10:00,2.5,545,152,8.7,55.4,0.6683
STN-01,17-01-2021 11:00,1.4,407,121,10.3,50.7,0.6644
STN-01,17-01-2021 12:00,1.6,411,112,12.5,53.8,0.7504
STN-01,17-01-2021 13:00,3.1,449,143,13.7,51.5,0.7468
STN-01,17-01-2021 14:00,2.9,,151,12.7,50.5,0.6829
STN-01,17-01-2021 15:00,2.2,435,152,13.6,47.2,0.6783
STN-01,17-01-2021 16:00,2.5,432,150,12.6,50.6,0.6895
STN-01,17-01-2021 17:00,3.3,502,157,12.2,57.8,0.7499
STN-01,17-01-2021 18:00,4.4,567,,9.7,60.2,0.7201
STN-01,17-01-2021 19:00,4.7,531,163,8.6,63.3,
STN-01,17-01-2021 20:00,3.2,368,149,8,59.2,0.7494
STN-01,17-01-2021 21:00,2.1,375,160,7.2,57.1,0.6622
STN-01,17-01-2021 22:00,1.9,312,,6.3,57.2,0.6263
STN-01,17-01-2021 23:00,0.8,264,130,5.1,61.6,
STN-01,18-01-2021 00:00,0.7,228,110,3.9,64.4,0.5759
STN-01,18-01-2021 01:00,0,207,102,3.7,64.5,0.5723
STN-01,18-01-2021 02:00,0.8,295,105,4.4,66.8,0.5633
STN-01,18-01-2021 03:00,0.5,196,,4.6,69,0.59
STN-01,18-01-2021 04:00,0,79,62,3.8,68.4,0.5727
STN-01,18-01-2021 05:00,0,132,63,4.3,70.7,0.5801
STN-01,18-01-2021 06:00,0.3,215,61,2.3,69.5,0.5206
STN-01,18-01-2021 07:00,0.9,298,81,1.8,64.6,0.4855
STN-01,18-01-2021 08:00,3.2,524,135,1.3,59.9,0.4168
STN-01,18-01-2021 09:00,4.8,655,180,1.8,55.4,0.3482
STN-01,18-01-2021 10:00,4,654,198,5.3,50.1,0.372
STN-01,18-01-2021 11:00,2.5,563,177,5.6,45,0.2875
STN-01,18-01-2021 12:00,2.8,663,186,5.8,43.6,0.2388
STN-01,18-01-2021 13:00,2.6,690,180,5.6,42.3,0.1858
STN-01,18-01-2021 14:00,,,183,5.7,41.6,0.1896
STN-01,18-01-2021 15:00,1.7,606,176,5.6,46.5,0.2514
STN-01,18-01-2021 16:00,1.7,599,190,6.5,44.5,0.2408
STN-01,18-01-2021 17:00,2.7,603,199,7.3,43.9,0.2673
STN-01,18-01-2021 18:00,3.3,541,197,5.1,48.2,0.2589
STN-01,18-01-2021 19:00,3.3,542,191,2.8,52.5,0.2549
STN-01,18-01-2021 20:00,3.3,586,200,1.3,58,0.2832
STN-01,18-01-2021 21:00,1.8,451,176,0.7,58.1,0.2784
STN-01,18-01-2021 22:00,2.4,431,147,-0.9,66.8,0.3357
STN-01,18-01-2021 23:00,3,407,138,-1.1,70.6,0.3882
STN-01,19-01-2021 00:00,2.6,400,134,-1.8,73.1,0.407
STN-01,19-01-2021 01:00,1.7,256,97,-0.4,72.2,0.4805
STN-01,19-01-2021 02:00,1,182,77,0.8,72.3,0.5123
STN-01,19-01-2021 03:00,0.3,101,83,1.5,64.4,0.4197
STN-01,19-01-2021 04:00,0,38,43,0.3,66.7,0.3858
STN-01,19-01-2021 05:00,0,20,61,0.4,,0.3687
STN-01,19-01-2021 06:00,0.1,93,97,-0.2,72,0.3819
STN-01,19-01-2021 07:00,1.1,283,130,0.8,66.1,0.3469
STN-01,19-01-2021 08:00,3.1,486,164,2.4,64.5,0.4022
STN-01,19-01-2021 09:00,3.3,528,188,4.8,53.7,0.4134
STN-01,19-01-2021 10:00,4.3,629,212,7.7,46.3,0.3907
STN-01,19-01-2021 11:00,2.8,521,200,9.4,37.7,0.347
STN-01,19-01-2021 12:00,2.8,419,182,11.2,34.3,0.298
STN-01,19-01-2021 13:00,2.4,426,169,10.8,37.3,
STN-01,19-01-2021 14:00,2.1,396,163,11.3,32.6,0.3061
STN-01,19-01-2021 15:00,2,,155,12.2,32.6,0.3204
STN-01,19-01-2021 16:00,2.6,418,151,12.8,30.4,0.3095
STN-01,19-01-2021 17:00,3.1,482,151,12.8,33.7,0.3628
STN-01,19-01-2021 18:00,3.5,538,164,11.6,40,0.42
STN-01,19-01-2021 19:00,3.4,462,164,10.2,43.2,0.4352
STN-01,19-01-2021 20:00,3.6,543,185,9.2,48.4,0.475
STN-01,19-01-2021 21:00,1.8,441,160,8.3,55.5,0.5644
STN-01,19-01-2021 22:00,1.1,406,157,7.5,57.2,0.5575
STN-01,19-01-2021 23:00,0.4,314,129,6.7,62.7,0.5934
STN-01,20-01-2021 00:00,0,272,121,6.6,60.2,0.5773
STN-01,20-01-2021 01:00,0.2,224,95,4.7,64.9,0.5881
STN-01,20-01-2021 02:00,0,162,67,3.8,69.8,0.6308
STN-01,20-01-2021 03:00,0,160,82,3.3,71.7,0.6112
STN-01,20-01-2021 04:00,0,128,60,3.5,68.4,0.5762
STN-01,20-01-2021 05:00,0,99,62,1.9,72.9,0.5245
STN-01,20-01-2021 06:00,0,212,105,1.5,73.2,0.5025
STN-01,20-01-2021 07:00,1.9,,142,1.8,77.7,0.5733
STN-01,20-01-2021 08:00,2.5,513,163,4.1,72.7,0.5939
STN-01,20-01-2021 09:00,4.2,629,194,7.1,71.2,0.6709
STN-01,20-01-2021 10:00,4,623,209,10.1,59.4,0.6149
STN-01,20-01-2021 11:00,3,553,193,12.4,53.6,0.5962
STN-01,20-01-2021 12:00,2.5,474,165,14.1,49,0.6218
STN-01,20-01-2021 13:00,2.6,434,169,13,50.4,0.6036
STN-01,20-01-2021 14:00,1.4,263,129,14,57,0.7116
STN-01,20-01-2021 15:00,1.3,244,113,14.3,51.9,0.6764
STN-01,20-01-2021 16:00,0.8,174,120,15.5,49.8,0.7395
STN-01,20-01-2021 17:00,2,271,126,14.5,52.4,0.7454
STN-01,20-01-2021 18:00,2.3,193,129,12,54.8,0.696
STN-01,20-01-2021 19:00,2.8,275,157,10.4,56.6,0.7085
STN-01,20-01-2021 20:00,2.7,217,131,11.2,56.6,0.7318
STN-01,20-01-2021 21:00,2,272,132,9.8,59.3,0.7112
STN-01,20-01-2021 22:00,1.5,273,130,10.3,59.3,0.7231
STN-01,20-01-2021 23:00,,313,125,9.9,61.9,0.7305
STN-01,21-01-2021 00:00,1,271,118,10.6,62.2,0.7394
STN-01,21-01-2021 01:00,0.9,246,119,8.8,62,0.6981
STN-01,21-01-2021 02:00,1.2,254,113,9.2,68.1,0.7913
STN-01,21-01-2021 03:00,1.5,234,128,11.2,65.9,0.8567
STN-01,21-01-2021 04:00,0.3,84,71,11,65.9,0.8467
STN-01,21-01-2021 05:00,0,56,67,9.6,63.2,0.7743
STN-01,21-01-2021 06:00,0,28,,9.1,64.1,0.8133
STN-01,21-01-2021 07:00,0.5,151,102,8.5,63.8,0.7835
STN-01,21-01-2021 08:00,1.2,266,139,9.7,58.2,0.799
STN-01,21-01-2021 09:00,1.3,349,150,10.7,57.4,0.8305
STN-01,21-01-2021 10:00,1.9,414,175,13.1,51.4,0.7988
STN-01,21-01-2021 11:00,1.7,386,172,14.1,41.2,0.6589
STN-01,21-01-2021 12:00,0.8,331,155,13.9,40.2,0.6243
STN-01,21-01-2021 13:00,1.1,364,140,15.2,47.3,0.7433
STN-01,21-01-2021 14:00,1.5,386,131,14.4,52.2,0.7674
STN-01,21-01-2021 15:00,1.6,383,138,15.3,47.2,0.7047
STN-01,21-01-2021 16:00,2.3,425,138,16.2,43.7,
STN-01,21-01-2021 17:00,2.5,432,139,15,43.8,0.6874
STN-01,21-01-2021 18:00,4.4,593,162,,53.9,0.731
STN-01,21-01-2021 19:00,3.4,453,118,12.2,57.8,0.7954
STN-01,21-01-2021 20:00,3.6,460,131,10.9,57.8,0.7349
STN-01,21-01-2021 21:00,2.8,378,105,10.6,64.6,0.779
STN-01,21-01-2021 22:00,2.4,362,81,10.9,65,0.7848
STN-01,21-01-2021 23:00,,257,72,11.2,65,0.8007
STN-01,22-01-2021 00:00,0.8,166,59,9.8,68.3,0.799
STN-01,22-01-2021 01:00,1,205,72,10,61.1,0.7191
STN-01,22-01-2021 02:00,0,155,56,8.9,68.3,0.7928
STN-01,22-01-2021 03:00,0.2,67,61,,70.4,0.7666
STN-01,22-01-2021 04:00,0.5,93,48,8.7,76.9,0.8384
STN-01,22-01-2021 05:00,0.2,114,49,7.8,79.2,0.8495
STN-01,22-01-2021 06:00,0,66,51,7.8,80.4,0.8813
STN-01,22-01-2021 07:00,0.5,230,81,6.6,85.1,0.8837
STN-01,22-01-2021 08:00,1.9,324,126,7.2,76.8,0.8345
STN-01,22-01-2021 09:00,2.6,401,144,9.2,73.2,0.8615
STN-01,22-01-2021 10:00,2.3,467,153,12.6,63.4,0.8603
STN-01,22-01-2021 11:00,2,453,159,14.1,62.5,0.8762
STN-01,22-01-2021 12:00,1.9,403,142,14.9,66.2,0.9014
STN-01,22-01-2021 13:00,2.1,432,144,15.6,67.3,0.8894
STN-01,22-01-2021 14:00,1.2,380,146,15.2,67.3,0.896
STN-01,22-01-2021 15:00,1.5,360,146,16.7,62.7,0.8977
STN-01,22-01-2021 16:00,1.7,381,142,16.7,62.4,0.9413
STN-01,22-01-2021 17:00,2.3,392,147,17,62.6,0.9619
STN-01,22-01-2021 18:00,3.7,518,187,16,64.7,0.9827
STN-01,22-01-2021 19:00,3.9,553,197,15.2,60.7,0.9288
STN-01,22-01-2021 20:00,4.1,660,207,14.4,60.8,0.9237
STN-01,22-01-2021 21:00,3,512,179,14.7,65.9,0.9802
STN-01,22-01-2021 22:00,2.2,429,158,15,66.2,1.0032
STN-01,22-01-2021 23:00,1.6,393,146,12.1,64.9,0.8709
STN-01,23-01-2021 00:00,0.3,183,122,11.8,59.3,0.8013
STN-01,23-01-2021 01:00,0,158,95,11.5,55.6,0.7939
STN-01,23-01-2021 02:00,0.4,211,102,13.3,47.7,0.7584
STN-01,23-01-2021 03:00,0.1,176,85,12.2,52.1,0.7228
STN-01,23-01-2021 04:00,0,87,39,11.2,53.5,0.6926
STN-01,23-01-2021 05:00,0,22,40,10.5,55.7,0.7186
STN-01,23-01-2021 06:00,0,1,51,10,49.6,
STN-01,23-01-2021 07:00,0.8,182,100,10.2,47,0.6234
STN-01,23-01-2021 08:00,1.7,294,137,11.2,35.5,0.5332
STN-01,23-01-2021 09:00,2.2,331,162,12,33.1,0.5218
STN-01,23-01-2021 10:00,2.3,416,188,12.9,30.6,0.4713
STN-01,23-01-2021 11:00,1.7,293,171,15.1,29.1,0.5309
STN-01,23-01-2021 12:00,0.8,142,147,16.4,27.3,0.5355
STN-01,23-01-2021 13:00,0.9,190,170,15.4,,0.4013
STN-01,23-01-2021 14:00,0.2,122,146,16.5,20.1,0.4464
STN-01,23-01-2021 15:00,0,122,142,16.1,19.4,0.4208
STN-01,23-01-2021 16:00,0.8,187,146,17.5,20,0.4676
STN-01,23-01-2021 17:00,1.7,325,169,17.1,21.9,0.5168
STN-01,23-01-2021 18:00,2.7,410,181,15.9,26.8,0.5416
STN-01,23-01-2021 19:00,2.4,365,173,13.4,33.3,0.5564
STN-01,23-01-2021 20:00,2.8,461,183,11.2,39.7,0.5564
STN-01,23-01-2021 21:00,5.886554759,323,153,10.1,40.8,0.5332
STN-01,23-01-2021 22:00,0.7,222,116,10.9,44.2,0.5826
STN-01,23-01-2021 23:00,1.2,258,115,11.2,50,0.6531
STN-01,24-01-2021 00:00,1,247,107,11.1,52.5,0.6495
STN-01,24-01-2021 01:00,0.8,239,88,10.6,51.4,0.6173
STN-01,24-01-2021 02:00,0.1,,80,10.6,53.3,0.653
STN-01,24-01-2021 03:00,0,89,72,9.4,55.5,0.6578
STN-01,24-01-2021 04:00,0,80,78,9,52.8,0.5823
STN-01,24-01-2021 05:00,0.6,129,81,8.3,53.8,0.6101
STN-01,24-01-2021 06:00,0.6,,101,8.4,50.8,0.6174
STN-01,24-01-2021 07:00,1.5,299,140,9.6,49.3,0.6879
STN-01,24-01-2021 08:00,2.1,370,155,10.7,41.2,0.6358
STN-01,24-01-2021 09:00,3.1,452,179,12.4,38,0.6505
STN-01,24-01-2021 10:00,1.8,392,166,14.4,35.4,0.6568
STN-01,24-01-2021 11:00,1.9,393,163,,27.1,0.6089
STN-01,24-01-2021 12:00,2.1,346,,18.1,21.8,0.5999
STN-01,24-01-2021 13:00,2.4,361,129,19.1,19.9,0.6137
STN-01,24-01-2021 14:00,2.3,387,140,19.4,17.8,0.5661
STN-01,24-01-2021 15:00,1.9,341,147,20.5,17.5,0.56
STN-01,24-01-2021 16:00,2.4,395,172,20.2,18.1,0.5973
STN-01,24-01-2021 17:00,3.5,496,207,19,21.9,0.6149
STN-01,24-01-2021 18:00,4,533,204,18.1,29.4,0.675
STN-01,24-01-2021 19:00,3.4,460,201,16.7,32,0.7112
STN-01,24-01-2021 20:00,2.9,377,193,17.2,34.3,0.7537
STN-01,24-01-2021 21:00,2.1,274,174,16.4,36.6,0.7355
STN-01,24-01-2021 22:00,2.1,282,169,15.3,41,0.7531
STN-01,24-01-2021 23:00,2.9,378,196,15.1,41.2,0.7819
STN-01,25-01-2021 00:00,3,468,196,15.3,43.9,0.8007
STN-01,25-01-2021 01:00,2.7,423,179,14.9,41.8,0.7488
STN-01,25-01-2021 02:00,2.7,442,173,13,45.3,0.7195
STN-01,25-01-2021 03:00,1.8,343,166,12.5,44.4,0.7181
STN-01,25-01-2021 04:00,2,313,132,11.7,44.2,0.6944
STN-01,25-01-2021 05:00,1.6,242,116,11.8,42.2,0.6569
STN-01,25-01-2021 06:00,1.9,314,131,10.9,44.8,0.6456
STN-01,25-01-2021 07:00,2.9,418,163,11.8,36.9,0.5947
STN-01,25-01-2021 08:00,4.1,620,181,12.9,38.1,0.6587
STN-01,25-01-2021 09:00,4.7,,180,13.8,36.2,0.6618
STN-01,25-01-2021 10:00,3.4,,171,14.2,36.5,0.6883
STN-01,25-01-2021 11:00,2.7,484,150,17.1,30.2,0.6934
STN-01,25-01-2021 12:00,2.6,422,158,17.3,28.9,0.6388
STN-01,25-01-2021 13:00,2.2,301,143,18.7,22.9,0.6225
STN-01,25-01-2021 14:00,2.2,306,128,17.8,25.7,0.5969
STN-01,25-01-2021 15:00,2,433,142,19.5,27.3,0.6737
STN-01,25-01-2021 16:00,2.5,497,156,19.9,31.4,0.7233
STN-01,25-01-2021 17:00,2.8,527,157,17.8,40.3,0.76
STN-01,25-01-2021 18:00,3.7,684,184,14.1,46.6,0.7638
STN-01,25-01-2021 19:00,3.4,529,184,12.5,52.9,0.847
STN-01,25-01-2021 20:00,3.2,547,187,11.8,54.4,0.8642
STN-01,25-01-2021 21:00,2.9,553,192,11.4,54,0.8682
STN-01,25-01-2021 22:00,1.9,430,165,10,60.6,0.9007
STN-01,25-01-2021 23:00,2.1,451,153,10.4,60.6,0.9237
STN-01,26-01-2021 00:00,1.8,398,155,9.2,60.6,0.8727
STN-01,26-01-2021 01:00,1.3,352,149,8.3,61.1,0.8573
STN-01,26-01-2021 02:00,0,200,105,7.3,60.7,0.8208
STN-01,26-01-2021 03:00,0,182,105,8.1,64.3,0.8605
STN-01,26-01-2021 04:00,0.1,216,87,6,68.5,0.8088
STN-01,26-01-2021 05:00,0.7,252,104,6.4,73.1,0.8745
STN-01,26-01-2021 06:00,1.2,370,125,5.6,71.7,0.8472
STN-01,26-01-2021 07:00,2.2,438,129,4.7,63,0.6983
STN-01,26-01-2021 08:00,2.4,467,135,4.8,62.9,0.6764
STN-01,26-01-2021 09:00,2.7,472,140,5.8,59.8,0.6695
STN-01,26-01-2021 10:00,2.7,531,166,6.2,54.9,0.6087
STN-01,26-01-2021 11:00,2.4,506,,8.2,55,0.6834
STN-01,26-01-2021 12:00,2.1,502,165,10.4,46,0.6331
STN-01,26-01-2021 13:00,2.2,486,156,10.4,46.4,
STN-01,26-01-2021 14:00,1.7,438,162,,45.5,0.5242
STN-01,26-01-2021 15:00,1.2,404,147,10.6,44.9,0.5944
STN-01,26-01-2021 16:00,0.9,301,127,9.9,45.4,0.5927
STN-01,26-01-2021 17:00,1.4,284,107,9.7,45.6,0.5979
STN-01,26-01-2021 18:00,2,348,122,7.2,46.2,0.5459
STN-01,26-01-2021 19:00,2.2,287,124,5.8,53.1,0.6015
STN-01,26-01-2021 20:00,1.6,293,104,5.3,55.2,0.6222
STN-01,26-01-2021 21:00,0.4,190,99,5.2,59.9,0.6458
STN-01,26-01-2021 22:00,0,139,102,4.7,59.3,0.6203
STN-01,26-01-2021 23:00,0,113,95,4,62.5,0.598
STN-01,27-01-2021 00:00,0,119,101,3.5,63.9,0.5162
STN-01,27-01-2021 01:00,0,6,89,4.1,63,0.5116
STN-01,27-01-2021 02:00,0,45,74,2.8,62.3,0.4268
STN-01,27-01-2021 03:00,0.8,169,107,1.7,63.5,0.4255
STN-01,27-01-2021 04:00,1.2,190,93,1.8,65,0.4268
STN-01,27-01-2021 05:00,0,10,70,1.3,57,0.3291
STN-01,27-01-2021 06:00,0,46,75,1.9,57.2,0.3236
STN-01,27-01-2021 07:00,0,94,86,2.6,56.2,0.3481
STN-01,27-01-2021 08:00,1,253,110,1.9,58.3,0.3446
STN-01,27-01-2021 09:00,0,167,95,3.4,50.4,0.3221
STN-01,27-01-2021 10:00,0,107,76,6.4,136.3537016,0.3792
STN-01,27-01-2021 11:00,0,119,,7.3,47.2,0.3741
STN-01,27-01-2021 12:00,0.5,192,99,8.2,47.2,0.4
STN-01,27-01-2021 13:00,0.9,242,119,8.7,50.5,0.4473
STN-01,27-01-2021 14:00,1.3,209,108,9.2,57.7,0.517
STN-01,27-01-2021 15:00,1.8,327,127,10.5,56.4,0.5225
STN-01,27-01-2021 16:00,2.2,423,144,9.8,56.5,0.4764
STN-01,27-01-2021 17:00,2.6,386,118,8.7,60.6,0.4982
STN-01,27-01-2021 18:00,3.7,423,169,7.2,64.4,0.5285
STN-01,27-01-2021 19:00,2.9,276,153,5.4,67.3,0.5371
STN-01,27-01-2021 20:00,3.2,287,146,3.5,77.2,0.6225
STN-01,27-01-2021 21:00,1.9,296,,1.8,77.1,0.5508
STN-01,27-01-2021 22:00,2.3,364,154,0.9,77.9,0.5288
STN-01,27-01-2021 23:00,3.3,548,179,2.5,72.9,0.5293
STN-01,28-01-2021 00:00,2.4,514,169,2,77.1,0.5409
STN-01,28-01-2021 01:00,1.7,479,147,2.2,85.6,0.6247
STN-01,28-01-2021 02:00,1.7,439,116,2.6,86.3,0.6503
STN-01,28-01-2021 03:00,1.9,496,122,2.4,86.7,0.6444
STN-01,28-01-2021 04:00,1.7,451,106,1.1,83.4,0.6264
STN-01,28-01-2021 05:00,0.9,384,99,-0.1,81.7,0.5621
STN-01,28-01-2021 06:00,0.5,381,99,-0.4,78.8,0.5171
STN-01,28-01-2021 07:00,1.6,442,115,0.3,80,0.5358
STN-01,28-01-2021 08:00,2.2,531,124,1.9,72.7,0.5211
STN-01,28-01-2021 09:00,2.1,443,123,2.6,65.2,0.4739
STN-01,28-01-2021 10:00,1.8,428,120,6,60.1,0.4951
STN-01,28-01-2021 11:00,1.8,426,124,8,57.2,0.4869
STN-01,28-01-2021 12:00,0.9,348,131,8.8,47.2,0.3902
STN-01,28-01-2021 13:00,1.1,305,124,11,49.2,0.4645
STN-01,28-01-2021 14:00,1.2,274,132,11.3,46.5,0.4124
STN-01,28-01-2021 15:00,0.9,243,112,11.1,49.7,0.3998
STN-01,28-01-2021 16:00,0.6,231,109,11,48.2,0.3525
STN-01,28-01-2021 17:00,1.1,267,122,10.9,50.3,0.3707
STN-01,28-01-2021 18:00,2.4,341,155,11,49.3,0.4274
STN-01,28-01-2021 19:00,3,407,171,10.5,58.6,0.541
STN-01,28-01-2021 20:00,2.9,455,,10.1,58.3,0.5544
STN-01,28-01-2021 21:00,2.6,413,175,10.5,59.1,0.5852
STN-01,28-01-2021 22:00,2.4,447,169,9.6,61.1,0.5733
STN-01,28-01-2021 23:00,2.7,479,189,9.8,62.5,0.5956
STN-01,29-01-2021 00:00,2.1,482,183,9.3,53.7,0.5196
STN-01,29-01-2021 01:00,0.9,348,142,9.5,58.2,0.5862
STN-01,29-01-2021 02:00,0.8,314,146,9.6,60.1,0.5984
STN-01,29-01-2021 03:00,0.2,305,141,9.3,62.2,0.5918
STN-01,29-01-2021 04:00,0.6,333,125,9,58.7,0.5654
STN-01,29-01-2021 05:00,0.9,356,136,8.6,58.9,0.5724
STN-01,29-01-2021 06:00,1.2,301,136,9.6,56.1,0.5906
STN-01,29-01-2021 07:00,2.6,477,165,7.8,63,0.6021
STN-01,29-01-2021 08:00,3.3,550,182,9.7,61.4,0.6399
STN-01,29-01-2021 09:00,3.4,613,170,10.5,59.7,0.6449
STN-01,29-01-2021 10:00,2.5,468,149,13.8,46.5,0.6287
STN-01,29-01-2021 11:00,1.9,469,132,15.2,44.2,0.6645
STN-01,29-01-2021 12:00,2.3,436,133,15.7,44.4,0.6626
STN-01,29-01-2021 13:00,2.3,334,116,17.3,41.8,0.7132
STN-01,29-01-2021 14:00,1.7,311,105,16.4,39.1,0.6129
STN-01,29-01-2021 15:00,1.6,241,117,16.2,34.4,0.5191
STN-01,29-01-2021 16:00,2,309,122,15.5,42.1,0.5657
STN-01,29-01-2021 17:00,2.6,371,134,16.3,46.9,0.6741
STN-01,29-01-2021 18:00,3.5,424,168,15.6,49.8,0.7288
STN-01,29-01-2021 19:00,3.7,492,200,14.3,49.5,0.7183
STN-01,29-01-2021 20:00,2.9,400,177,13.4,54.7,0.7755
STN-01,29-01-2021 21:00,2.7,394,176,12.1,58.5,0.8145
STN-01,29-01-2021 22:00,2.6,388,167,13.6,62.5,0.9268
STN-01,29-01-2021 23:00,1.9,338,144,11.5,59.9,0.8087
STN-01,30-01-2021 00:00,2.5,401,154,10.5,63.9,0.8577
STN-01,30-01-2021 01:00,3,429,154,10.7,68.4,0.8913
STN-01,30-01-2021 02:00,2.2,355,129,8.9,73.3,0.8668
STN-01,30-01-2021 03:00,1.4,288,119,9.8,75.1,0.9495
STN-01,30-01-2021 04:00,1.6,253,93,9.5,78,0.9727
STN-01,30-01-2021 05:00,1.6,253,93,9.5,78,0.9727
STN-01,30-01-2021 06:00,3.2,460,119,8.9,82.2,0.9901
STN-01,30-01-2021 07:00,2.7,471,130,8.9,86,1.0421
STN-01,30-01-2021 08:00,3.9,622,157,10,75.1,0.974
STN-01,30-01-2021 09:00,3.1,503,153,10.6,68,0.9116
STN-01,30-01-2021 10:00,2.9,489,,14.9,58.2,0.9605
STN-01,30-01-2021 11:00,2.4,407,147,16.6,57.9,0.9988
STN-01,30-01-2021 12:00,2.7,391,153,16,53.7,0.9228
STN-01,30-01-2021 13:00,4,512,162,16,57.7,0.9631
STN-01,30-01-2021 14:00,2.9,373,131,15.9,53.1,0.8674
STN-01,30-01-2021 15:00,2.7,387,147,14.9,50.6,0.8191
STN-01,30-01-2021 16:00,2.8,499,163,14.9,51.6,0.8362
STN-01,30-01-2021 17:00,3.8,649,193,13.8,52.9,0.8503
STN-01,30-01-2021 18:00,4.9,712,206,13.9,52.1,0.9049
STN-01,30-01-2021 19:00,5,640,220,12,57.3,0.9217
STN-01,30-01-2021 20:00,3.9,540,194,9.6,59.8,0.8976
STN-01,30-01-2021 21:00,3.7,564,199,8.5,61.3,0.8662
STN-01,30-01-2021 22:00,3.4,460,172,7.2,59.4,0.7925
STN-01,30-01-2021 23:00,3.1,441,168,6.6,61.4,0.8094
STN-01,31-01-2021 00:00,2.5,439,152,4.6,71.9,0.7811
STN-01,31-01-2021 01:00,2.1,472,169,4.1,74.5,0.7722
STN-01,31-01-2021 02:00,1.5,400,137,4.6,79.7,0.8662
STN-01,31-01-2021 03:00,1.1,467,156,2.3,76.5,0.7381
STN-01,31-01-2021 04:00,0.6,421,129,2,82,0.7564
STN-01,31-01-2021 05:00,0.6,358,126,1.8,79.9,0.7435
STN-01,31-01-2021 06:00,0.4,308,129,0.1,83.3,0.74
STN-01,31-01-2021 07:00,1.8,520,158,-1.2,88.4,0.791
STN-01,31-01-2021 08:00,1.8,528,153,-1.4,90.1,0.8024
STN-01,31-01-2021 09:00,1.3,448,164,1,82.5,0.8074
STN-01,31-01-2021 10:00,0.8,410,167,3.8,72.7,0.7538
STN-01,31-01-2021 11:00,0.2,340,161,5.3,61.8,0.6331
STN-01,31-01-2021 12:00,0.3,337,154,7.1,56.7,0.6033
STN-01,31-01-2021 13:00,0.4,270,155,6.9,58.2,0.5735
STN-01,31-01-2021 14:00,0,121,,8,49.8,0.5201
STN-01,31-01-2021 15:00,0,212,132,7.8,55.2,0.5436
STN-01,31-01-2021 16:00,0.7,313,141,6.9,63,0.6138
STN-01,31-01-2021 17:00,1.1,310,150,6.4,62.4,0.6044
STN-01,31-01-2021 18:00,1.8,344,158,5.6,63.1,0.6041
STN-01,31-01-2021 19:00,2.1,357,165,3.5,65.8,0.5912
STN-01,31-01-2021 20:00,1.6,288,176,2.9,60.2,0.5105
STN-01,31-01-2021 21:00,1.3,303,182,2.2,56.9,0.4638
STN-01,31-01-2021 22:00,1.4,329,177,3.3,58.3,0.5008
STN-01,31-01-2021 23:00,2.2,474,197,2.3,59,0.4856
STN-01,01-02-2021 00:00,2,406,215,1.1,55.7,0.3827
STN-01,01-02-2021 01:00,1.5,379,201,-0.1,60.2,0.3901
STN-01,01-02-2021 02:00,0.6,240,169,-1.1,58.8,0.3157
STN-01,01-02-2021 03:00,0.6,247,160,-2,67,0.3326
STN-01,01-02-2021 04:00,0.8,292,162,-3.4,65.3,0.2574
STN-01,01-02-2021 05:00,0.5,223,152,-1.7,66.7,0.3684
STN-01,01-02-2021 06:00,1.5,375,177,-0.5,65.4,0.3621
STN-01,01-02-2021 07:00,1.8,481,200,-0.9,66.7,0.3459
STN-01,01-02-2021 08:00,3.5,650,238,-0.5,62.3,0.3317
STN-01,01-02-2021 09:00,3,494,215,2.3,53,0.3606
STN-01,01-02-2021 10:00,1.3,418,208,4.9,44.7,0.3347
STN-01,01-02-2021 11:00,0.8,362,200,7.3,35.3,0.2785
STN-01,01-02-2021 12:00,0.2,308,180,6.7,33,0.2125
STN-01,01-02-2021 13:00,0.5,268,178,8.5,33.9,0.2311
STN-01,01-02-2021 14:00,0.7,319,186,7.5,36.1,0.1869
STN-01,01-02-2021 15:00,0.9,340,189,7.1,37.2,0.1912
STN-01,01-02-2021 16:00,1.3,413,201,8.4,36.1,0.2147
STN-01,01-02-2021 17:00,1.6,391,205,8,39.8,0.2509
STN-01,01-02-2021 18:00,,464,219,6.6,44.5,0.2932
STN-01,01-02-2021 19:00,2.5,465,200,5.5,41.4,0.2633
STN-01,01-02-2021 20:00,2.1,434,187,4.3,44.8,0.2484
STN-01,01-02-2021 21:00,0.7,276,153,3.6,46.5,0.2921
STN-01,01-02-2021 22:00,0,178,,3.3,55.9,0.3875
STN-01,01-02-2021 23:00,0,88,106,3.8,52.9,0.3392
STN-01,02-02-2021 00:00,0,83,101,5.8,48.1,0.4083
STN-01,02-02-2021 01:00,0,99,109,7.5,40.2,0.3489
STN-01,02-02-2021 02:00,0,78,130,7.5,37.7,0.2855
STN-01,02-02-2021 03:00,0,151,149,6.8,41.1,0.2768
STN-01,02-02-2021 04:00,0,121,123,6,46.5,0.2923
STN-01,02-02-2021 05:00,0.1,162,123,5.4,48.7,0.3122
STN-01,02-02-2021 06:00,0,21,102,4.6,52.4,0.3092
STN-01,02-02-2021 07:00,0.1,218,145,4.9,48,0.2312
STN-01,02-02-2021 08:00,1.7,476,181,5.2,52.7,0.2972
STN-01,02-02-2021 09:00,2.2,521,196,5.3,52.5,0.2874
STN-01,02-02-2021 10:00,2,499,206,7.9,51.9,0.3248
STN-01,02-02-2021 11:00,2.7,528,214,9,51.5,0.3295
STN-01,02-02-2021 12:00,2.7,528,214,9,51.5,0.3295
STN-01,02-02-2021 13:00,2.5,391,176,11.8,43,0.2657
STN-01,02-02-2021 14:00,2,403,182,10.2,56.7,0.3693
STN-01,02-02-2021 15:00,2,420,196,10.6,56.5,0.3649
STN-01,02-02-2021 16:00,2.3,387,179,10.8,53.5,0.3318
STN-01,02-02-2021 17:00,3.4,450,196,9.8,53.6,0.3203
STN-01,02-02-2021 18:00,4,546,205,6.9,62.7,0.3426
STN-01,02-02-2021 19:00,5.1,641,203,4.3,72,0.3771
STN-01,02-02-2021 20:00,4.5,569,179,1.8,78.7,0.3745
STN-01,02-02-2021 21:00,2.6,339,133,1.9,75.2,0.3812
STN-01,02-02-2021 22:00,1.6,236,124,1.4,73.3,0.365
STN-01,02-02-2021 23:00,1.1,198,102,-1.1,78.5,0.3609
STN-01,03-02-2021 00:00,0.2,185,78,-1.3,83.9,0.4297
STN-01,03-02-2021 01:00,,187,77,-1.5,80.6,0.3801
STN-01,03-02-2021 02:00,0,131,74,-2.3,82.6,0.3778
STN-01,03-02-2021 03:00,0.3,205,92,-3.1,86.8,0.4106
STN-01,03-02-2021 04:00,0,,63,-2.9,91.3,0.4997
STN-01,03-02-2021 05:00,0,106,64,-2.1,92.7,0.5555
STN-01,03-02-2021 06:00,1,266,108,-0.8,86.9,0.5483
STN-01,03-02-2021 07:00,2.4,464,164,0.4,90.9,0.6419
STN-01,03-02-2021 08:00,3,558,166,0.6,82.2,0.561
STN-01,03-02-2021 09:00,3.4,571,172,3.4,77.1,0.5715
STN-01,03-02-2021 10:00,3.9,640,199,4.7,73.4,0.5776
STN-01,03-02-2021 11:00,2.8,472,165,8.9,66.4,0.6189
STN-01,03-02-2021 12:00,2.9,387,148,9.5,67.7,0.644
STN-01,03-02-2021 13:00,3.4,421,160,10.7,61.9,0.6
STN-01,03-02-2021 14:00,2.5,340,,12.2,61.6,0.6247
STN-01,03-02-2021 15:00,3.3,,181,11.1,63.7,0.5664
STN-01,03-02-2021 16:00,3.2,442,206,12.9,56.9,0.5564
STN-01,03-02-2021 17:00,3.4,514,207,11.9,58.3,0.5553
STN-01,03-02-2021 18:00,,466,191,12.2,61.1,0.6601
STN-01,03-02-2021 19:00,3.6,543,217,10.7,66.1,0.699
STN-01,03-02-2021 20:00,3.2,,200,9.6,63.2,0.7051
STN-01,03-02-2021 21:00,2.6,374,191,9,63.4,0.6978
STN-01,03-02-2021 22:00,2,307,187,8,64.4,0.6735
STN-01,03-02-2021 23:00,1.7,207,150,9.3,66.2,0.7542
STN-01,04-02-2021 00:00,0.9,205,153,8,56.9,0.5841
STN-01,04-02-2021 01:00,0,62,115,6.6,56.6,0.533
STN-01,04-02-2021 02:00,0,121,115,5.7,54.5,0.4786
STN-01,04-02-2021 03:00,0,126,130,5.6,56.1,0.4835
STN-01,04-02-2021 04:00,0,185,124,4.2,,0.4756
STN-01,04-02-2021 05:00,0.2,,135,3.9,71.9,0.5498
STN-01,04-02-2021 06:00,0.6,166,138,5.7,74,0.6598
STN-01,04-02-2021 07:00,1.6,269,173,5.7,75.9,0.6949
STN-01,04-02-2021 08:00,2.5,346,187,5,74,0.6752
STN-01,04-02-2021 09:00,2.2,271,181,-22.11990617,68.3,0.661
STN-01,04-02-2021 10:00,1,178,162,9.9,55,0.6661
STN-01,04-02-2021 11:00,1.5,148,163,10.6,55.6,0.6749
STN-01,04-02-2021 12:00,1.5,177,169,11.8,49.7,0.6475
STN-01,04-02-2021 13:00,1.9,237,,13.2,43.4,0.578
STN-01,04-02-2021 14:00,2.2,192,165,14.2,44.8,0.6063
STN-01,04-02-2021 15:00,2.4,243,182,14.1,42.5,0.5639
STN-01,04-02-2021 16:00,2,240,187,13.4,45.5,0.5784
STN-01,04-02-2021 17:00,2.4,302,187,12.9,46.2,0.5677
STN-01,04-02-2021 18:00,2.8,425,434.4096772,11.6,55.8,0.6646
STN-01,04-02-2021 19:00,4.3,572,244,,63.2,0.6944
STN-01,04-02-2021 20:00,3.7,564,237,7.5,65.6,0.6304
STN-01,04-02-2021 21:00,3,568,234,6.4,66.6,0.6092
STN-01,04-02-2021 22:00,2.4,515,231,5.8,75.6,0.688
STN-01,04-02-2021 23:00,2.8,576,219,4.3,80.6,0.6598
STN-01,05-02-2021 00:00,2.4,537,212,3.4,85.8,0.6463
STN-01,05-02-2021 01:00,1.5,474,211,2.8,78.3,0.566
STN-01,05-02-2021 02:00,1.2,438,193,1.8,77.7,0.5383
STN-01,05-02-2021 03:00,0.6,406,193,2.3,76,0.5529
STN-01,05-02-2021 04:00,0.1,315,156,3.4,76.5,0.6182
STN-01,05-02-2021 05:00,0.8,,174,3.5,73.1,0.5886
STN-01,05-02-2021 06:00,0.7,453,185,3.2,75.5,0.5661
STN-01,05-02-2021 07:00,1.2,520,219,3.1,73.9,0.5437
STN-01,05-02-2021 08:00,2.3,671,236,4.6,71,0.5637
STN-01,05-02-2021 09:00,3.1,720,255,4,70,0.5496
STN-01,05-02-2021 10:00,3.5,744,276,5.7,61.3,0.4759
STN-01,05-02-2021 11:00,2.6,595,259,6.4,53.3,0.4527
STN-01,05-02-2021 12:00,1.2,476,226,7.4,46.2,0.4094
STN-01,05-02-2021 13:00,1.6,444,233,7.9,46.1,0.4142
STN-01,05-02-2021 14:00,1,356,200,7.6,48.8,0.4221
STN-01,05-02-2021 15:00,1,329,173,6.6,54.6,0.4374
STN-01,05-02-2021 16:00,2.4,467,188,6,57.9,0.4547
STN-01,05-02-2021 17:00,3.1,477,208,5.6,64.6,0.5311
STN-01,05-02-2021 18:00,3.1,435,207,6,65.4,0.5978
STN-01,05-02-2021 19:00,2.2,434,205,2.9,63,0.4869
STN-01,05-02-2021 20:00,2.1,423,209,,71.5,0.5794
STN-01,05-02-2021 21:00,0.9,362,188,0.9,76.9,
STN-01,05-02-2021 22:00,0.6,285,172,-0.6,86.2,0.7068
STN-01,05-02-2021 23:00,0,193,154,-1.9,88.4,0.6506
STN-01,06-02-2021 00:00,0,202,162,-0.1,83,0.6246
STN-01,06-02-2021 01:00,0,128,127,-2.1,85.2,0.5821
STN-01,06-02-2021 02:00,0,34,94,-2.7,89.3,0.5812
STN-01,06-02-2021 03:00,0,56,112,-2,91.1,0.6306
STN-01,06-02-2021 04:00,0,90,,-2,85.1,0.581
STN-01,06-02-2021 05:00,0.4,183,130,-1.8,86.4,0.5829
STN-01,06-02-2021 06:00,0,167,126,-1.1,89.3,0.7025
STN-01,06-02-2021 07:00,0.9,317,161,-2.8,86.6,0.6185
STN-01,06-02-2021 08:00,1.9,521,200,-1.2,80.9,0.5812
STN-01,06-02-2021 09:00,1.4,394,198,1.9,71.3,0.558
STN-01,06-02-2021 10:00,1.3,344,193,3.3,59.6,0.4677
STN-01,06-02-2021 11:00,0.5,184,172,5,54.3,0.4516
STN-01,06-02-2021 12:00,1.2,226,174,,52.6,0.4709
STN-01,06-02-2021 13:00,2.1,236,161,8.2,55.7,0.5636
STN-01,06-02-2021 14:00,0.9,208,145,7.9,49.5,0.4953
STN-01,06-02-2021 15:00,1,152,135,27.17512919,41.2,0.5174
STN-01,06-02-2021 16:00,1.5,135,144,3.959924021,37.4,0.4746
STN-01,06-02-2021 17:00,2,240,173,26.70728795,37,0.4502
STN-01,06-02-2021 18:00,2.9,248,163,11.4,40.7,0.5154
STN-01,06-02-2021 19:00,2.9,240,158,12.1,42.9,0.5729
STN-01,06-02-2021 20:00,1.8,151,144,9.4,49.1,0.5599
STN-01,06-02-2021 21:00,1.6,205,151,10.1,53,0.6116
STN-01,06-02-2021 22:00,0.8,46,130,9.7,55.9,0.628
STN-01,06-02-2021 23:00,1,98,132,7.3,64,0.6345
STN-01,07-02-2021 00:00,1.3,111,138,6.5,66.4,0.6199
STN-01,07-02-2021 01:00,1.5,128,140,5.6,75.1,
STN-01,07-02-2021 02:00,0.9,89,127,5.3,69.2,0.5802
STN-01,07-02-2021 03:00,0.4,167,154,5.1,65.5,0.5194
STN-01,07-02-2021 04:00,0,59,118,3.7,62.8,0.4566
STN-01,07-02-2021 05:00,0,128,129,3,62.6,0.4184
STN-01,07-02-2021 06:00,,229,148,3,63.5,0.4522
STN-01,07-02-2021 07:00,0.5,283,145,2.4,65.5,0.4744
STN-01,07-02-2021 08:00,1.8,413,190,3.6,58.1,0.4344
STN-01,07-02-2021 09:00,2.1,432,198,2.8,60.4,0.4194
STN-01,07-02-2021 10:00,,345,161,6.5,46.1,0.3929
STN-01,07-02-2021 11:00,0,318,149,6.6,41.4,0.2996
STN-01,07-02-2021 12:00,0,390,175,7.8,38.3,0.2595
STN-01,07-02-2021 13:00,0.3,418,174,9.5,37.8,0.2827
STN-01,07-02-2021 14:00,0.4,,178,9.8,35.5,0.244
STN-01,07-02-2021 15:00,0.2,294,173,9.8,31.2,0.1763
STN-01,07-02-2021 16:00,0.7,265,169,10.4,34.6,0.2844
STN-01,07-02-2021 17:00,2.3,330,178,11.1,37.1,0.3467
STN-01,07-02-2021 18:00,,318,180,,40.9,0.4281
STN-01,07-02-2021 19:00,3.1,319,212,9.8,41.8,0.4569
STN-01,07-02-2021 20:00,3.1,330,201,8.4,52.7,0.5529
STN-01,07-02-2021 21:00,2.1,293,195,7.2,53.7,0.5235
STN-01,07-02-2021 22:00,1.1,259,172,5.3,62,0.5234
STN-01,07-02-2021 23:00,2,333,185,5.2,67.5,0.55
STN-01,08-02-2021 00:00,1.9,285,157,5,71,0.5727
STN-01,08-02-2021 01:00,1.3,253,148,5.8,65.1,0.5388
STN-01,08-02-2021 02:00,0.9,212,129,4.4,67.1,0.5503
STN-01,08-02-2021 03:00,1.1,208,132,4.2,69.1,0.5576
STN-01,08-02-2021 04:00,0.6,187,100,4.2,73.8,0.5891
STN-01,08-02-2021 05:00,0.6,192,90,4.3,76.2,0.647
STN-01,08-02-2021 06:00,0.3,160,84,4.2,75,0.6443
STN-01,08-02-2021 07:00,1.4,333,110,4.6,69.5,0.5974
STN-01,08-02-2021 08:00,1.8,396,137,5.6,63.4,0.573
STN-01,08-02-2021 09:00,1.6,417,,6.6,62.7,0.5957
STN-01,08-02-2021 10:00,1.4,403,152,8.7,51.4,0.5453
STN-01,08-02-2021 11:00,1.5,321,137,10.7,46.2,0.4985
STN-01,08-02-2021 12:00,2.5,285,140,14.4,44.4,0.5534
STN-01,08-02-2021 13:00,2.1,220,123,17.3,42.4,0.6427
STN-01,08-02-2021 14:00,1.9,155,114,16,50.4,0.6991
STN-01,08-02-2021 15:00,2.4,243,119,17.4,51.9,0.7395
STN-01,08-02-2021 16:00,1.8,201,112,17.4,53.9,0.7806
STN-01,08-02-2021 17:00,2.8,281,129,15.9,63.4,0.8585
STN-01,08-02-2021 18:00,3.2,370,164,14.6,61.1,0.8307
STN-01,08-02-2021 19:00,3.5,497,195,12.7,57.2,0.7246
STN-01,08-02-2021 20:00,3.3,491,,13.2,59.4,0.7754
STN-01,08-02-2021 21:00,1.8,326,158,14,57.7,0.8064
STN-01,08-02-2021 22:00,0.4,225,147,10.3,68.4,0.839
STN-01,08-02-2021 23:00,0.3,217,166,10,63.7,0.7547
STN-01,09-02-2021 00:00,1.1,248,160,8.2,70.1,0.7722
STN-01,09-02-2021 01:00,0,89,131,8.1,75.5,0.8546
STN-01,09-02-2021 02:00,0,15,,5.8,77.1,0.7629
STN-01,09-02-2021 03:00,0.7,110,128,6.3,77.9,
STN-01,09-02-2021 04:00,0.7,132,115,4.1,81.2,0.7096
STN-01,09-02-2021 05:00,0.6,129,107,4.2,78.5,0.7315
STN-01,09-02-2021 06:00,1.4,231,130,4.4,73.8,0.7016
STN-01,09-02-2021 07:00,1.6,256,133,5.9,69.8,0.6861
STN-01,09-02-2021 08:00,3.4,458,155,7.5,66.1,0.6728
STN-01,09-02-2021 09:00,3.9,532,193,8.5,64.1,0.6636
STN-01,09-02-2021 10:00,3.1,500,176,9.5,66,0.6831
STN-01,09-02-2021 11:00,2.9,477,282.9548539,11.4,65.4,0.7175
STN-01,09-02-2021 12:00,-1.549169317,392,145,12,63.4,0.6763
STN-01,09-02-2021 13:00,1.8,405,136,12.5,60.7,0.6327
STN-01,09-02-2021 14:00,0,173,78,13,58.2,0.634
STN-01,09-02-2021 15:00,0,160,80,12.8,54.5,0.6343
STN-01,09-02-2021 16:00,1.5,306,124,13.1,57.7,0.6878
STN-01,09-02-2021 17:00,2.3,306,134,13.9,58,0.8018
STN-01,09-02-2021 18:00,2.9,,152,11.6,62.4,0.8335
STN-01,09-02-2021 19:00,3.6,,173,10.1,64.2,0.8677
STN-01,09-02-2021 20:00,3.2,458,170,8.5,65.9,0.8386
STN-01,09-02-2021 21:00,3,395,156,7.8,70,0.8763
STN-01,09-02-2021 22:00,1.8,286,136,7.9,73.9,0.9323
STN-01,09-02-2021 23:00,2.4,351,165,8.2,70.4,0.8983
STN-01,10-02-2021 00:00,2.9,418,158,6.6,72.4,0.79
STN-01,10-02-2021 01:00,2,348,140,4.2,81.4,0.8375
STN-01,10-02-2021 02:00,1.8,341,128,3.6,79.6,0.7746
STN-01,10-02-2021 03:00,1.4,355,129,4.6,77.7,0.7954
STN-01,10-02-2021 04:00,0.4,241,115,3,82.3,0.7899
STN-01,10-02-2021 05:00,0.3,261,129,2.1,86.2,0.7855
STN-01,10-02-2021 06:00,0.7,234,128,2.3,83.4,0.7694
STN-01,10-02-2021 07:00,1.9,380,143,2.7,88.2,0.8467
STN-01,10-02-2021 08:00,2.7,451,167,4.7,82.2,0.8503
STN-01,10-02-2021 09:00,3.1,532,194,5.4,77.3,0.8439
STN-01,10-02-2021 10:00,,563,196,10.4,65.9,0.8622
STN-01,10-02-2021 11:00,2,414,192,12.4,58.3,0.8169
STN-01,10-02-2021 12:00,1.7,336,196,13.1,56.3,0.7649
STN-01,10-02-2021 13:00,1.2,273,,13.4,58.6,0.7805
STN-01,10-02-2021 14:00,0.8,161,163,14.1,54.4,0.7498
STN-01,10-02-2021 15:00,1.8,245,173,15,57.1,0.7713
STN-01,10-02-2021 16:00,1.9,275,180,14.9,59.7,0.7995
STN-01,10-02-2021 17:00,1.3,211,,14,64.4,0.889
STN-01,10-02-2021 18:00,2.2,248,173,13.3,70,0.9544
STN-01,10-02-2021 19:00,3.2,338,206,13.7,69.9,0.9922
STN-01,10-02-2021 20:00,2.3,,198,13,73.7,1.0583
STN-01,10-02-2021 21:00,0.7,206,189,12.1,69.7,0.9909
STN-01,10-02-2021 22:00,0.3,144,161,10.9,73.7,0.9948
STN-01,10-02-2021 23:00,0,120,150,10.4,69.7,0.9328
STN-01,11-02-2021 00:00,0.9,239,164,10.1,70,0.9503
STN-01,11-02-2021 01:00,0.5,149,145,10.6,65.3,0.9331
STN-01,11-02-2021 02:00,0.8,170,144,10.9,67,0.9698
STN-01,11-02-2021 03:00,0.6,186,163,11.1,64.1,0.9553
STN-01,11-02-2021 04:00,0.6,190,150,10,64.1,0.8826
STN-01,11-02-2021 05:00,1.1,247,144,10.5,67.9,0.9563
STN-01,11-02-2021 06:00,2.3,350,141,10.5,71.9,1.0037
STN-01,11-02-2021 07:00,2.3,365,151,9.9,73.3,1.0084
STN-01,11-02-2021 08:00,3.3,451,178,10.7,72.2,1.0101
STN-01,11-02-2021 09:00,,490,193,10.4,72.2,1.0104
STN-01,11-02-2021 10:00,1.5,361,188,13.4,63.8,0.9855
STN-01,11-02-2021 11:00,1,343,183,15.7,54.7,0.9334
STN-01,11-02-2021 12:00,1.6,300,173,,55.8,0.9601
STN-01,11-02-2021 13:00,2.1,318,161,16.5,57.9,0.9639
STN-01,11-02-2021 14:00,0.6,160,141,15.3,58.4,0.9041
STN-01,11-02-2021 15:00,0.5,174,150,15.2,55.8,0.856
STN-01,11-02-2021 16:00,0.5,182,147,15.4,58.4,1.032475318
STN-01,11-02-2021 17:00,1.5,243,176,13.5,65.5,0.679830609
STN-01,11-02-2021 18:00,2.6,375,207,12.9,70.7,1.000341336
STN-01,11-02-2021 19:00,3.3,461,202,10.2,72.3,1.328467184
STN-01,11-02-2021 20:00,3.4,516,193,9.4,69.7,0.565413295
STN-01,11-02-2021 21:00,1.4,413,149,7.2,73.5,0.8803
STN-01,11-02-2021 22:00,0.8,328,144,6.4,73.4,0.8661
STN-01,11-02-2021 23:00,0.7,252,116,5.3,73,0.8545
STN-01,12-02-2021 00:00,1.8,354,119,5.9,72.3,0.9082
STN-01,12-02-2021 01:00,1.8,357,115,4.8,72.7,0.8987
STN-01,12-02-2021 02:00,0.7,234,80,4.4,73.6,0.8693
STN-01,12-02-2021 03:00,0,124,71,3.9,78.5,0.8722
STN-01,12-02-2021 04:00,0.2,145,85,2.8,77.3,0.8216
STN-01,12-02-2021 05:00,0.3,172,91,2.2,78.2,0.8196
STN-01,12-02-2021 06:00,0.5,166,90,2.9,,0.8792
STN-01,12-02-2021 07:00,1.1,193,112,4.2,79.3,0.9374
STN-01,12-02-2021 08:00,1.5,259,126,5,73.7,0.8856
STN-01,12-02-2021 09:00,1,270,126,5.1,74.6,0.9031
STN-01,12-02-2021 10:00,,256,142,,65.2,0.8118
STN-01,12-02-2021 11:00,0,225,149,8.1,53.9,0.7467
STN-01,12-02-2021 12:00,1.1,268,161,9,48.2,0.6494
STN-01,12-02-2021 13:00,1.1,221,152,8.6,49.2,0.6431
STN-01,12-02-2021 14:00,0.1,193,149,11.2,47.9,0.6481
STN-01,12-02-2021 15:00,0.6,319,152,12.4,46.8,0.6804
STN-01,12-02-2021 16:00,1.2,402,176,13,46.2,0.6772
STN-01,12-02-2021 17:00,1.9,454,192,12.3,48.6,0.7171
STN-01,12-02-2021 18:00,3.2,573,237,11.1,53.6,0.7379
STN-01,12-02-2021 19:00,3.2,521,232,10.7,59.1,0.8022
STN-01,12-02-2021 20:00,2.3,426,223,9.6,59.2,0.785
STN-01,12-02-2021 21:00,1.2,360,194,8.2,57.3,0.7281
STN-01,12-02-2021 22:00,0.4,287,190,6.8,60.4,0.6918
STN-01,12-02-2021 23:00,0.2,186,161,7.3,63.9,0.7551
STN-01,13-02-2021 00:00,0.1,211,146,6.4,68,0.7474
STN-01,13-02-2021 01:00,0,,118,6.9,69.2,0.7553
STN-01,13-02-2021 02:00,0,,107,6.6,69.6,0.7053
STN-01,13-02-2021 03:00,0,59,95,7.6,69.6,0.756
STN-01,13-02-2021 04:00,0,47,70,7.4,72.6,0.7894
STN-01,13-02-2021 05:00,0,93,85,6.8,70.1,0.719
STN-01,13-02-2021 06:00,0,86,114,6.4,65.1,0.6591
STN-01,13-02-2021 07:00,0,187,145,6.8,,
STN-01,13-02-2021 08:00,1.1,394,180,8,54.8,0.5657
STN-01,13-02-2021 09:00,0.7,309,165,11,52.5,0.6433
STN-01,13-02-2021 10:00,0.5,289,168,12.4,49.4,0.6383
STN-01,13-02-2021 11:00,0,206,156,15,42.2,0.5999
STN-01,13-02-2021 12:00,0,229,177,16.6,34.2,0.4964
STN-01,13-02-2021 13:00,0,279,171,17.1,34.4,0.4982
STN-01,13-02-2021 14:00,0,246,168,17.9,30,0.4989
STN-01,13-02-2021 15:00,,361,181,18.9,31.1,0.554
STN-01,13-02-2021 16:00,1,311,180,19.4,35.1,0.6376
STN-01,13-02-2021 17:00,1.3,310,194,17.2,34.8,0.5945
STN-01,13-02-2021 18:00,2,357,,15.3,,0.6355
STN-01,13-02-2021 19:00,2.8,437,230,12.5,48.1,0.6599
STN-01,13-02-2021 20:00,2.2,388,219,10.5,54.3,0.641
STN-01,13-02-2021 21:00,1.8,352,193,9.2,54,0.5841
STN-01,13-02-2021 22:00,1.2,245,169,8.4,57.6,0.6137
STN-01,13-02-2021 23:00,,283,155,6.2,61.5,0.6096
STN-01,14-02-2021 00:00,1.3,256,139,4.8,62,0.5967
STN-01,14-02-2021 01:00,1,175,138,3.6,59.5,0.5492
STN-01,14-02-2021 02:00,0.9,210,136,1.7,58.3,0.4651
STN-01,14-02-2021 03:00,1.3,320,164,2.2,67.4,0.5499
STN-01,14-02-2021 04:00,1.4,309,131,2.8,68.8,0.566
STN-01,14-02-2021 05:00,1.6,292,133,2,73.2,0.6319
STN-01,14-02-2021 06:00,1.4,265,140,1.3,75.1,0.6059
STN-01,14-02-2021 07:00,2,282,169,1.6,71.5,0.5924
STN-01,14-02-2021 08:00,3,386,172,3,66.4,0.6014
STN-01,14-02-2021 09:00,4.3,447,193,5.6,65.2,0.669
STN-01,14-02-2021 10:00,3.1,386,187,8.3,58.3,0.6475
STN-01,14-02-2021 11:00,2,335,,8.8,56.1,0.6064
STN-01,14-02-2021 12:00,2.4,316,166,10.5,55.6,0.6751
STN-01,14-02-2021 13:00,3,312,171,12,53.5,0.6797
STN-01,14-02-2021 14:00,2.8,392,204,13.2,51.4,0.6698
STN-01,14-02-2021 15:00,2.9,383,219,14,49.5,0.6773
STN-01,14-02-2021 16:00,3.1,387,233,14.7,49.5,0.7117
STN-01,14-02-2021 17:00,4.5,545,253,14.4,50.4,0.7503
STN-01,14-02-2021 18:00,5.4,651,265,12.3,54.5,0.7531
STN-01,14-02-2021 19:00,5.5,631,282,10.6,55.7,0.7222
STN-01,14-02-2021 20:00,5.2,594,250,9.6,56.2,0.7105
STN-01,14-02-2021 21:00,3.1,483,228,,53.6,0.6798
STN-01,14-02-2021 22:00,2.6,509,251,8.9,61.8,0.7547
STN-01,14-02-2021 23:00,2,431,216,6.9,62.7,0.7049
STN-01,15-02-2021 00:00,0.6,267,177,6.2,57.6,0.6574
STN-01,15-02-2021 01:00,0,211,153,6.1,,
STN-01,15-02-2021 02:00,0.1,202,130,5.6,64.7,0.7282
STN-01,15-02-2021 03:00,0.4,195,129,5.2,66.6,0.7757
STN-01,15-02-2021 04:00,0,95,89,5,73.4,0.8413
STN-01,15-02-2021 05:00,0,87,75,4.8,78.1,0.8825
STN-01,15-02-2021 06:00,0,117,85,3.6,79,0.8457
STN-01,15-02-2021 07:00,0.7,192,105,3.3,72.9,0.765
STN-01,15-02-2021 08:00,2.2,450,170,5.2,69.4,0.8203
STN-01,15-02-2021 09:00,1.7,432,163,7.2,65.5,0.8343
STN-01,15-02-2021 10:00,0.7,281,149,9.5,55.1,0.7936
STN-01,15-02-2021 11:00,0.3,207,148,11.5,49,0.7506
STN-01,15-02-2021 12:00,0.2,213,162,13.2,44,0.7014
STN-01,15-02-2021 13:00,0.2,,145,12.8,49.5,0.7538
STN-01,15-02-2021 14:00,0.2,135,130,12.5,50.7,0.7402
STN-01,15-02-2021 15:00,1.3,239,157,13.7,50.3,0.7508
STN-01,15-02-2021 16:00,1.1,229,176,11.8,48.2,
STN-01,15-02-2021 17:00,1.5,284,176,12.8,46.1,0.6539
STN-01,15-02-2021 18:00,2.6,284,193,9.6,51.2,0.6251
STN-01,15-02-2021 19:00,3.6,284,205,7.2,58.7,0.6431
STN-01,15-02-2021 20:00,3,284,184,7.3,61.5,0.7012
STN-01,15-02-2021 21:00,1.8,284,157,6.7,56.8,0.5907
STN-01,15-02-2021 22:00,1.3,255,160,5.6,59.9,0.5778
STN-01,15-02-2021 23:00,1.5,219,151,3.1,59.4,0.5193
STN-01,16-02-2021 00:00,1.6,215,150,2.2,53.9,0.4426
STN-01,16-02-2021 01:00,1.3,153,121,2.4,57.9,0.4764
STN-01,16-02-2021 02:00,1.4,130,115,2.6,60.4,0.529
STN-01,16-02-2021 03:00,1.4,129,123,2.3,69.2,0.6304
STN-01,16-02-2021 04:00,1.7,163,95,1.5,70.8,0.6437
STN-01,16-02-2021 05:00,1.3,116,91,1.8,72.9,0.6589
STN-01,16-02-2021 06:00,1.6,216,107,2.7,75.6,0.7301
STN-01,16-02-2021 07:00,3.3,380,153,,69.6,0.6454
STN-01,16-02-2021 08:00,4.2,552,189,2.9,65,0.6203
STN-01,16-02-2021 09:00,4.8,621,223,5,55.7,0.5964
STN-01,16-02-2021 10:00,3.7,482,216,8.1,48,0.5864
STN-01,16-02-2021 11:00,3.3,,218,9.3,52.5,0.6175
STN-01,16-02-2021 12:00,2.8,445,201,11.2,46.6,0.6081
STN-01,16-02-2021 13:00,3.6,437,198,12.9,43.1,0.6188
STN-01,16-02-2021 14:00,2.5,373,192,13.1,40.4,0.5757
STN-01,16-02-2021 15:00,2.9,384,198,13.7,40.5,0.5838
STN-01,16-02-2021 16:00,2.4,350,202,13.4,38.4,0.5233
STN-01,16-02-2021 17:00,,,214,12.4,40.8,0.5077
STN-01,16-02-2021 18:00,2.6,342,205,12.3,47,0.5967
STN-01,16-02-2021 19:00,3.1,396,205,11.7,49.6,0.6209
STN-01,16-02-2021 20:00,3,441,202,12,50.9,0.6634
STN-01,16-02-2021 21:00,3.1,493,202,11.5,50.9,0.6412
STN-01,16-02-2021 22:00,2.9,405,185,13,47.9,0.6565
STN-01,16-02-2021 23:00,2.6,431,184,11.4,53.3,0.6493
STN-01,17-02-2021 00:00,2.6,404,170,12.3,55,0.6908
STN-01,17-02-2021 01:00,2.2,378,164,11.9,52,0.6222
STN-01,17-02-2021 02:00,2.2,378,148,12.6,50.8,0.6113
STN-01,17-02-2021 03:00,2.2,395,154,10.9,,0.6204
STN-01,17-02-2021 04:00,1.1,263,107,12,54.7,0.6293
STN-01,17-02-2021 05:00,0.2,196,91,11.3,55.8,0.6336
STN-01,17-02-2021 06:00,0,120,110,10.7,57.1,0.6112
STN-01,17-02-2021 07:00,1.1,287,143,11.7,59.2,0.6561
STN-01,17-02-2021 08:00,2.2,469,175,12.4,54.5,0.6611
STN-01,17-02-2021 09:00,3.1,568,194,12.7,52.1,0.6624
STN-01,17-02-2021 10:00,2.5,504,185,15.2,42,0.6313
STN-01,17-02-2021 11:00,2.3,367,167,16.3,37.3,0.6071
STN-01,17-02-2021 12:00,2.2,404,163,18.4,26.8,0.5358
STN-01,17-02-2021 13:00,2.5,398,178,18.8,29.2,0.5712
STN-01,17-02-2021 14:00,1,234,135,18.8,31.5,0.5941
STN-01,17-02-2021 15:00,0.8,287,146,19.2,30.2,0.5716
STN-01,17-02-2021 16:00,1,324,179,17.7,29.6,0.5383
STN-01,17-02-2021 17:00,2.1,460,195,16.4,37.2,0.6074
STN-01,17-02-2021 18:00,3,506,212,16.8,32.2,0.6264
STN-01,17-02-2021 19:00,3.3,511,218,14.6,32.9,0.5961
STN-01,17-02-2021 20:00,2.5,393,195,12.4,35.6,0.5992
STN-01,17-02-2021 21:00,0.6,278,161,10.3,35.8,
STN-01,17-02-2021 22:00,1.7,371,173,11.2,36.4,0.5889
STN-01,17-02-2021 23:00,1.2,308,160,9.5,42.3,0.5873
STN-01,18-02-2021 00:00,,368,164,9.3,44.1,0.619
STN-01,18-02-2021 01:00,0.7,324,139,9.2,46.8,0.6293
STN-01,18-02-2021 02:00,0,303,129,8,52.7,0.6402
STN-01,18-02-2021 03:00,0,455,161,7,54.9,0.618
STN-01,18-02-2021 04:00,0.8,438,129,8.3,55.4,0.6988
STN-01,18-02-2021 05:00,1.2,480,145,,55.4,0.6704
STN-01,18-02-2021 06:00,1.6,594,173,7.3,56.7,0.6196
STN-01,18-02-2021 07:00,2.2,654,176,8.4,53.7,0.6185
STN-01,18-02-2021 08:00,3.6,824,228,9.9,52.2,0.645
STN-01,18-02-2021 09:00,4.2,872,239,11.7,,0.6956
STN-01,18-02-2021 10:00,2.7,735,227,12.1,49.7,0.6415
STN-01,18-02-2021 11:00,3.2,786,233,12.2,50.5,0.6402
STN-01,18-02-2021 12:00,2.7,711,215,12,47.3,0.5296
STN-01,18-02-2021 13:00,2.8,607,212,12.8,45.3,0.5236
STN-01,18-02-2021 14:00,2.3,562,208,12.3,45.4,0.5131
STN-01,18-02-2021 15:00,,677,214,13,52.5,0.6325
STN-01,18-02-2021 16:00,3.1,681,218,12.8,50,0.6111
STN-01,18-02-2021 17:00,3.5,748,223,13.5,54.6,0.6963
STN-01,18-02-2021 18:00,3.7,748,220,12.2,61.3,0.7319
STN-01,18-02-2021 19:00,4,719,225,11.4,61.8,0.7665
STN-01,18-02-2021 20:00,4.1,761,231,12.7,65.1,0.8775
STN-01,18-02-2021 21:00,3,632,218,11.1,70,0.9084
STN-01,18-02-2021 22:00,1.4,475,202,10.3,68.7,0.8421
STN-01,18-02-2021 23:00,2,465,187,9.6,69.2,0.8584
STN-01,19-02-2021 00:00,2.1,501,190,9.3,73.5,0.8606
STN-01,19-02-2021 01:00,1.7,408,149,7.2,74.7,0.8303
STN-01,19-02-2021 02:00,1.8,396,135,7.3,72.9,0.8352
STN-01,19-02-2021 03:00,1.3,413,145,7.3,71.6,0.8091
STN-01,19-02-2021 04:00,0.7,273,92,5.9,74.8,0.7778
STN-01,19-02-2021 05:00,0.6,339,104,4.7,77.1,0.7407
STN-01,19-02-2021 06:00,0.2,337,105,5.5,82.4,0.8597
STN-01,19-02-2021 07:00,1.5,436,126,,78.5,0.9012
STN-01,19-02-2021 08:00,3,649,158,5.3,75.7,0.841
STN-01,19-02-2021 09:00,2.5,609,160,8.3,65.6,0.8587
STN-01,19-02-2021 10:00,0.7,451,149,10.9,56.5,0.825
STN-01,19-02-2021 11:00,0.6,484,171,12.9,55.6,0.8519
STN-01,19-02-2021 12:00,1.1,515,179,14.3,56.3,0.8859
STN-01,19-02-2021 13:00,1.9,531,189,14.7,58.5,0.8876
STN-01,19-02-2021 14:00,1.8,474,194,14.9,59.8,0.9126
STN-01,19-02-2021 15:00,0.4,208,151,15.2,54.7,0.85
STN-01,19-02-2021 16:00,1.3,303,180,14.7,56.4,0.8509
STN-01,19-02-2021 17:00,2.9,476,192,13.3,65.5,0.9207
STN-01,19-02-2021 18:00,2.9,393,191,12.6,69.7,0.9593
STN-01,19-02-2021 19:00,2.9,473,207,11.9,73.5,1.0055
STN-01,19-02-2021 20:00,2.9,506,211,12.2,76.8,1.0974
STN-01,19-02-2021 21:00,2.9,506,193,11.9,79.4,1.167
STN-01,19-02-2021 22:00,2.9,506,168,11.2,87.4,1.2477
STN-01,19-02-2021 23:00,2.9,506,166,10.3,92.6,1.2702
STN-01,20-02-2021 00:00,2.9,506,168,10,94.3,1.2571
STN-01,20-02-2021 01:00,2,506,153,10.3,93.3,1.2653
STN-01,20-02-2021 02:00,0.9,277,120,9.1,93.2,1.2137
STN-01,20-02-2021 03:00,0.2,175,121,9.6,85.9,1.1526
STN-01,20-02-2021 04:00,0.2,174,98,9.2,86.4,1.1707
STN-01,20-02-2021 05:00,0,87,85,8.5,87.3,1.217
STN-01,20-02-2021 06:00,0.2,146,99,9.6,86.7,1.1964
STN-01,20-02-2021 07:00,1,120,106,9.4,82.3,1.1644
STN-01,20-02-2021 08:00,1.7,332,143,10.7,79.1,1.1748
STN-01,20-02-2021 09:00,2.2,377,165,,66.8,1.1762
STN-01,20-02-2021 10:00,2.4,418,183,16.5,60,1.1303
STN-01,20-02-2021 11:00,1.8,392,182,19.2,52.4,1.0542
STN-01,20-02-2021 12:00,2.5,416,190,20.7,,1.0841
STN-01,20-02-2021 13:00,,487,210,22.5,40.1,1.0548
STN-01,20-02-2021 14:00,2.5,487,211,23.9,,1.0011
STN-01,20-02-2021 15:00,1.8,,193,21.8,31,0.9049
STN-01,20-02-2021 16:00,1.7,426,188,22.8,24.9,0.8716
STN-01,20-02-2021 17:00,2.1,462,196,22.3,26.2,0.8489
STN-01,20-02-2021 18:00,2.4,429,182,20.8,31.9,0.8918
STN-01,20-02-2021 19:00,2.8,437,176,18.9,33.6,0.8587
STN-01,20-02-2021 20:00,2.7,,163,16.2,41.7,0.8854
STN-01,20-02-2021 21:00,1.7,409,158,14.2,45.3,0.8507
STN-01,20-02-2021 22:00,1.6,384,153,13,47.5,0.8224
STN-01,20-02-2021 23:00,2,357,152,11.4,53.6,0.8177
STN-01,21-02-2021 00:00,1.2,329,156,10.9,56.6,0.8157
STN-01,21-02-2021 01:00,0.2,299,144,10.1,55.3,0.7938
STN-01,21-02-2021 02:00,0,238,130,8.1,60.9,0.7898
STN-01,21-02-2021 03:00,0,178,119,8.2,61.3,0.7797
STN-01,21-02-2021 04:00,0,185,101,8.1,57.1,0.7156
STN-01,21-02-2021 05:00,0.1,244,119,8.4,65.4,0.8377
STN-01,21-02-2021 06:00,0,297,157,6.6,61.7,0.7079
STN-01,21-02-2021 07:00,1.2,408,195,5.5,61.5,0.6255
STN-01,21-02-2021 08:00,2.9,591,225,6.6,51.6,0.5622
STN-01,21-02-2021 09:00,2.8,563,,9.2,40.1,0.5136
STN-01,21-02-2021 10:00,2.1,530,239,10,38.5,0.5141
STN-01,21-02-2021 11:00,2.3,447,232,12.7,33,0.5292
STN-01,21-02-2021 12:00,2.2,402,225,14.6,28.6,0.5094
STN-01,21-02-2021 13:00,2.2,440,213,14.2,29.6,0.4982
STN-01,21-02-2021 14:00,2.3,471,212,14,27.8,0.4158
STN-01,21-02-2021 15:00,1.5,338,196,13.7,24.6,0.4096
STN-01,21-02-2021 16:00,1.5,,172,16.9,23.4,0.508
STN-01,21-02-2021 17:00,1.6,335,167,16.1,24.3,0.4834
STN-01,21-02-2021 18:00,1.2,267,163,13.1,26.4,0.4145
STN-01,21-02-2021 19:00,2.9,367,178,10.7,39.9,0.516
STN-01,21-02-2021 20:00,2.2,298,172,8.5,,0.5266
STN-01,21-02-2021 21:00,0.7,204,130,7.4,43.2,0.4934
STN-01,21-02-2021 22:00,0.5,156,116,6.1,44.7,0.4711
STN-01,21-02-2021 23:00,0.9,145,136,5.7,44.5,0.4429
STN-01,22-02-2021 00:00,1.3,185,130,5.8,48.9,0.5168
STN-01,22-02-2021 01:00,1.4,175,120,4,53.8,0.5117
STN-01,22-02-2021 02:00,2.1,256,122,3.5,55.8,0.4566
STN-01,22-02-2021 03:00,,123,91,2.4,64.8,0.5124
STN-01,22-02-2021 04:00,0.7,4,,3.3,60.6,0.49
STN-01,22-02-2021 05:00,1.2,103,96,4,60.5,0.5261
STN-01,22-02-2021 06:00,1.1,86,114,3.7,64.4,0.5592
STN-01,22-02-2021 07:00,1.7,126,139,4.5,61.8,0.5571
STN-01,22-02-2021 08:00,2.3,224,167,5.7,62.1,0.5875
STN-01,22-02-2021 09:00,2.1,210,160,6.6,57.4,0.5684
STN-01,22-02-2021 10:00,2.2,344,190,9.3,49.43950042,0.5502
STN-01,22-02-2021 11:00,2.6,329,187,11.8,40.87900083,0.5289
STN-01,22-02-2021 12:00,2.4,323,172,13.3,33.51850125,0.4871
STN-01,22-02-2021 13:00,2.5,341,185,14.6,27.55800167,0.4766
STN-01,22-02-2021 14:00,2.7,368,191,13.2,30.59750208,0.4827
STN-01,22-02-2021 15:00,2.9,412,205,13.2,27.5370025,0.4039
STN-01,22-02-2021 16:00,3,394,219,13.5,29.37650291,0.471
STN-01,22-02-2021 17:00,2.5,372,228,12.9,32.01600333,0.4946
STN-01,22-02-2021 18:00,,504,250,11.2,32.55550375,0.4689
STN-01,22-02-2021 19:00,4,,249,10.1,36.29500416,
STN-01,22-02-2021 20:00,3.5,624,261,8.9,38.83450458,0.503
STN-01,22-02-2021 21:00,2.7,494,244,8.1,45.474005,0.5285
STN-01,22-02-2021 22:00,2.2,482,235,7.8,51.31350541,0.6037
STN-01,22-02-2021 23:00,1.9,432,208,6.5,53.45300583,0.6049
STN-01,23-02-2021 00:00,0.7,359,162,5.7,62.19250624,0.6357
STN-01,23-02-2021 01:00,0.05,,132,4.1,69.43200666,0.6584
STN-01,23-02-2021 02:00,0.05,150,,4,69.57150708,0.645
STN-01,23-02-2021 03:00,0.05,140,111,3.5,67.11100749,0.6012
STN-01,23-02-2021 04:00,0.05,74,64,2.2,67.85050791,0.5627
STN-01,23-02-2021 05:00,0.05,123,64,2.2,69.99000833,0.5642
STN-01,23-02-2021 06:00,0.05,140,93,3.8,61.62950874,0.5213
STN-01,23-02-2021 07:00,0.5,245,123,5,59.56900916,0.5277
STN-01,23-02-2021 08:00,1.6,381,149,5.4,56.10850957,0.4733
STN-01,23-02-2021 09:00,1.8,467,165,6.9,52.24800999,0.4731
STN-01,23-02-2021 10:00,1.2,336,160,11,43.28751041,0.4738
STN-01,23-02-2021 11:00,1.8,367,160,14.4,39.02701082,0.5236
STN-01,23-02-2021 12:00,1.4,336,153,15.5,40.36651124,0.52
STN-01,23-02-2021 13:00,1.5,329,152,15.5,40.10601166,0.4909
STN-01,23-02-2021 14:00,1.7,337,162,14.6,39.14551207,0.4539
STN-01,23-02-2021 15:00,1.4,348,172,15.6,39.58501249,0.4812
STN-01,23-02-2021 16:00,2.1,368,176,17.1,41.4245129,0.5252
STN-01,23-02-2021 17:00,2.6,481,196,15.2,42.06401332,0.4433
STN-01,23-02-2021 18:00,3,468,209,15.1,43.30351374,0.4715
STN-01,23-02-2021 19:00,2.7,458,205,15.8,48.24301415,0.5467
STN-01,23-02-2021 20:00,2.7,451,218,15.2,48.18251457,0.5264
STN-01,23-02-2021 21:00,2.6,400,223,14.1,51.22201499,0.477
STN-01,23-02-2021 22:00,,425,219,13.3,,0.5737
STN-01,23-02-2021 23:00,1.8,297,184,12.4,61.90101582,0.5444
STN-01,24-02-2021 00:00,1.8,338,195,10.9,61.74051624,0.4763
STN-01,24-02-2021 01:00,1.3,293,172,9.3,60.28001665,0.4611
STN-01,24-02-2021 02:00,1.5,240,128,8.6,67.91951707,0.5121
STN-01,24-02-2021 03:00,1.1,236,132,9.3,63.55901748,0.4944
STN-01,24-02-2021 04:00,1,249,118,7.8,67.1985179,0.4649
STN-01,24-02-2021 05:00,0.1,126,99,6.8,68.43801832,0.4441
STN-01,24-02-2021 06:00,0.3,218,111,7.7,67.27751873,0.464
STN-01,24-02-2021 07:00,1.9,446,152,5.9,70.91701915,0.4228
STN-01,24-02-2021 08:00,2.6,532,185,6.5,64.65651957,0.367
STN-01,24-02-2021 09:00,1.8,486,171,9.1,62.19601998,0.4533
STN-01,24-02-2021 10:00,2,543,200,11,50.3355204,0.3404
STN-01,24-02-2021 11:00,1.6,554,202,12.1,46.47502081,0.3361
STN-01,24-02-2021 12:00,2,577,207,13.7,52.01452123,0.4356
STN-01,24-02-2021 13:00,2.2,620,208,13.6,49.65402165,0.3853
STN-01,24-02-2021 14:00,1.9,,199,14.3,48.59352206,0.351
STN-01,24-02-2021 15:00,2.4,558,208,16.2,42.73302248,0.3339
STN-01,24-02-2021 16:00,1.6,466,199,15.3,43.0725229,0.293
STN-01,24-02-2021 17:00,1.7,438,217,14.7,57.31202331,0.4206
STN-01,24-02-2021 18:00,,488,230,13.4,60.05152373,0.4361
STN-01,24-02-2021 19:00,2.8,414,223,12.4,61.89102414,0.4284
STN-01,24-02-2021 20:00,3,442,237,11.4,70.73052456,0.5053
STN-01,24-02-2021 21:00,2.6,543,248,10.7,75.27002498,0.5344
STN-01,24-02-2021 22:00,2.4,444,227,10.6,74.20952539,0.5478
STN-01,24-02-2021 23:00,2.8,394,221,8.1,79.54902581,0.5386
STN-01,25-02-2021 00:00,2.2,,181,7.7,81.48852623,0.5725
STN-01,25-02-2021 01:00,2.1,238,163,6.7,81.22802664,0.5365
STN-01,25-02-2021 02:00,2,234,146,7.1,86.46752706,0.624
STN-01,25-02-2021 03:00,3,306,178,8.6,81.60702748,0.6234
STN-01,25-02-2021 04:00,2.4,318,163,7.3,82.04652789,0.6108
STN-01,25-02-2021 05:00,1.9,,145,6.9,76.48602831,0.5567
STN-01,25-02-2021 06:00,1.1,160,130,5.3,76.02552872,0.4826
STN-01,25-02-2021 07:00,2.6,326,152,5.4,75.66502914,0.4674
STN-01,25-02-2021 08:00,2.6,323,165,6.3,76.10452956,0.5134
STN-01,25-02-2021 09:00,3.1,334,172,9.1,,0.485
STN-01,25-02-2021 10:00,2,290,173,9.6,65.88353039,0.4607
STN-01,25-02-2021 11:00,2.8,396,188,12.2,63.22303081,0.4868
STN-01,25-02-2021 12:00,2.5,296,160,13,58.16253122,0.4396
STN-01,25-02-2021 13:00,2.6,191,137,12.6,64.00203164,0.4301
STN-01,25-02-2021 14:00,2.5,161,,15.6,57.04153205,0.4476
STN-01,25-02-2021 15:00,3.1,299,158,15.2,63.58103247,
STN-01,25-02-2021 16:00,3.4,329,162,15.3,62.22053289,0.5226
STN-01,25-02-2021 17:00,3.5,355,164,15.5,59.1600333,0.5106
STN-01,25-02-2021 18:00,4.4,419,195,15,62.79953372,0.5449
STN-01,25-02-2021 19:00,4.6,427,203,13.2,64.53903414,0.5215
STN-01,25-02-2021 20:00,4.3,430,204,13.5,68.57853455,0.5857
STN-01,25-02-2021 21:00,3,401,201,13,73.21803497,0.6141
STN-01,25-02-2021 22:00,2.7,322,191,13.3,70.45753538,0.5954
STN-01,25-02-2021 23:00,2.2,267,172,13.7,73.0970358,0.6588
STN-01,26-02-2021 00:00,3.2,359,195,14.3,75.53653622,0.6627
STN-01,26-02-2021 01:00,3,401,203,14.3,73.37603663,0.6534
STN-01,26-02-2021 02:00,1.6,250,162,12.9,79.31553705,0.6719
STN-01,26-02-2021 03:00,1.8,350,181,11.3,83.45503747,0.6484
STN-01,26-02-2021 04:00,0.5,199,,11.5,78.29453788,0.5976
STN-01,26-02-2021 05:00,0.05,96,134,10.9,74.5340383,0.5648
STN-01,26-02-2021 06:00,0.4,142,148,8.9,77.57353871,0.5034
STN-01,26-02-2021 07:00,2.4,368,193,9.3,73.61303913,0.4779
STN-01,26-02-2021 08:00,3.3,511,233,10.6,69.35253955,0.4863
STN-01,26-02-2021 09:00,3,476,225,11,62.69203996,0.4077
STN-01,26-02-2021 10:00,2.3,479,221,12.2,60.93154038,0.4189
STN-01,26-02-2021 11:00,2.1,455,212,15,47.5710408,0.3461
STN-01,26-02-2021 12:00,1.5,366,194,16.7,41.31054121,0.2913
STN-01,26-02-2021 13:00,0.8,239,162,16.6,42.55004163,0.3159
STN-01,26-02-2021 14:00,1.2,288,170,16.6,42.38954205,0.2766
STN-01,26-02-2021 15:00,,253,170,17.1,40.52904246,0.2322
STN-01,26-02-2021 16:00,0.8,232,155,16.8,44.26854288,0.2819
STN-01,26-02-2021 17:00,1.5,322,,14.7,51.30804329,0.2934
STN-01,26-02-2021 18:00,3,,193,12.1,61.44754371,0.3233
STN-01,26-02-2021 19:00,3.3,528,190,10.2,74.88704413,0.4235
STN-01,26-02-2021 20:00,3.8,540,191,8.7,83.02654454,0.4627
STN-01,26-02-2021 21:00,2.6,,164,,78.46604496,0.4862
STN-01,26-02-2021 22:00,1.9,343,137,8.9,80.70554538,0.5131
STN-01,26-02-2021 23:00,1.4,300,129,8.7,80.64504579,0.5277
STN-01,27-02-2021 00:00,1,349,140,8.6,77.58454621,0.4482
STN-01,27-02-2021 01:00,1.4,364,123,8.2,80.22404662,0.4813
STN-01,27-02-2021 02:00,2.2,444,149,8.6,85.76354704,0.5609
STN-01,27-02-2021 03:00,1.8,387,162,7.5,87.60304746,0.5484
STN-01,27-02-2021 04:00,1.1,375,144,6.4,89.24254787,0.5186
STN-01,27-02-2021 05:00,0.6,378,150,6.3,91.68204829,0.5377
STN-01,27-02-2021 06:00,1,426,165,5.7,88.12154871,0.4514
STN-01,27-02-2021 07:00,1.6,445,179,7.6,78.96104912,0.4301
STN-01,27-02-2021 08:00,2.7,574,201,7.4,78.10054954,0.4489
STN-01,27-02-2021 09:00,3.7,,225,9.2,71.64004995,0.4264
STN-01,27-02-2021 10:00,3.4,650,206,11.7,62.17955037,0.3911
STN-01,27-02-2021 11:00,3.3,654,206,11.8,60.11905079,0.3433
STN-01,27-02-2021 12:00,1.7,514,163,14,53.9585512,0.3542
STN-01,27-02-2021 13:00,1.7,514,163,14,54.09805162,0.3542
STN-01,27-02-2021 14:00,1.2,449,152,15.8,49.33755204,0.3382
STN-01,27-02-2021 15:00,1.4,428,141,16,50.97705245,0.3818
STN-01,27-02-2021 16:00,0.9,457,147,15.7,54.41655287,0.431
STN-01,27-02-2021 17:00,0.8,438,143,13.9,62.85605329,0.4786
STN-01,27-02-2021 18:00,2.1,532,175,12.8,67.5955537,0.4913
STN-01,27-02-2021 19:00,2.8,596,197,11.5,64.93505412,0.4517
STN-01,27-02-2021 20:00,2.6,498,200,12.2,68.17455453,0.5465
STN-01,27-02-2021 21:00,2.3,486,187,12.9,72.41405495,0.6221
STN-01,27-02-2021 22:00,1.6,366,150,11.3,80.85355537,0.6382
STN-01,27-02-2021 23:00,1.7,379,145,11.8,84.49305578,0.6937
STN-01,28-02-2021 00:00,2.3,407,171,12.5,85.2325562,0.6976
STN-01,28-02-2021 01:00,,332,131,11.6,86.17205662,0.672
STN-01,28-02-2021 02:00,1.7,381,157,10.4,88.31155703,0.6429
STN-01,28-02-2021 03:00,1.8,419,169,9.6,91.75105745,0.6805
STN-01,28-02-2021 04:00,2,445,152,9.5,94.69055786,0.72
STN-01,28-02-2021 05:00,2.1,411,135,8.8,92.83005828,0.6647
STN-01,28-02-2021 06:00,2.2,425,160,8.3,97.4695587,0.7209
STN-01,28-02-2021 07:00,3,479,175,7.2,96.80905911,0.686
STN-01,28-02-2021 08:00,4.4,645,209,9.5,88.44855953,0.7297
STN-01,28-02-2021 09:00,4.1,757,236,10.7,86.08805995,0.6923
STN-01,28-02-2021 10:00,3.2,698,235,12.6,78.32756036,0.6526
STN-01,28-02-2021 11:00,2.5,605,228,13.7,76.56706078,0.631
STN-01,28-02-2021 12:00,2.1,527,219,14.2,74.40656119,0.6088
STN-01,28-02-2021 13:00,2,456,214,15.9,,0.6527
STN-01,28-02-2021 14:00,0.5,333,,15.5,66.88556203,0.5613
STN-01,28-02-2021 15:00,1.4,423,207,16.2,65.92506244,0.5554
STN-01,28-02-2021 16:00,1.2,418,201,17.1,72.66456286,0.6748
STN-01,28-02-2021 17:00,1,397,202,15.8,69.30406328,0.6016
STN-01,28-02-2021 18:00,2.3,448,217,14.8,83.44356369,0.745
STN-01,28-02-2021 19:00,3.2,590,224,12.1,85.78306411,0.7473
STN-01,28-02-2021 20:00,3.2,553,241,11,86.82256452,0.7328
STN-01,28-02-2021 21:00,1.8,384,219,9.9,90.26206494,0.7579
STN-01,28-02-2021 22:00,0.8,370,199,7.4,91.70156536,0.6779
STN-01,28-02-2021 23:00,0.6,262,188,8.1,86.64106577,0.6618
STN-01,01-03-2021 00:00,0.05,165,130,13.6,85.68056619,0.8599
STN-01,01-03-2021 01:00,0.05,35,75,12.3,91.32006661,0.876
STN-01,01-03-2021 02:00,0.05,103,72,10.8,95.25956702,0.853
STN-01,01-03-2021 03:00,0.05,77,69,11.2,99,0.9216
STN-01,01-03-2021 04:00,0.05,38,52,11.4,98.73856786,0.9007
STN-01,01-03-2021 05:00,0.05,173,89,10,99,
STN-01,01-03-2021 06:00,0.05,191,92,10.5,96.61756869,0.8718
STN-01,01-03-2021 07:00,0.05,226,107,10.5,93.3570691,0.8588
STN-01,01-03-2021 08:00,0.7,321,135,10.6,89.79656952,0.8853
STN-01,01-03-2021 09:00,1.2,384,169,13,81.83606994,0.8762
STN-01,01-03-2021 10:00,1.2,454,175,15.1,73.57557035,0.8445
STN-01,01-03-2021 11:00,1.9,474,202,18,64.41507077,0.8353
STN-01,01-03-2021 12:00,3,571,213,18,65.85457119,0.8312
STN-01,01-03-2021 13:00,3,562,202,17.3,64.3940716,0.7851
STN-01,01-03-2021 14:00,2.9,488,187,18.3,65.13357202,0.772
STN-01,01-03-2021 15:00,2.4,537,196,19.1,63.97307243,0.7806
STN-01,01-03-2021 16:00,2.9,565,210,19.8,66.71257285,0.8604
STN-01,01-03-2021 17:00,4.2,697,237,18.5,68.65207327,0.8764
STN-01,01-03-2021 18:00,3.8,561,224,16.6,70.59157368,0.8196
STN-01,01-03-2021 19:00,3.8,533,223,16.6,73.6310741,0.8564
STN-01,01-03-2021 20:00,,522,216,14.8,75.17057452,0.8516
STN-01,01-03-2021 21:00,,494,220,14.7,80.11007493,0.8861
STN-01,01-03-2021 22:00,2.2,465,194,13,82.54957535,0.8338
STN-01,01-03-2021 23:00,1.4,303,150,12.8,88.18907576,0.908
STN-01,02-03-2021 00:00,1.2,311,136,13.2,88.02857618,0.9431
STN-01,02-03-2021 01:00,1.3,273,,13.7,89.5680766,0.9696
STN-01,02-03-2021 02:00,0.7,204,109,14.2,93.50757701,1.0412
STN-01,02-03-2021 03:00,,,125,13.4,93.24707743,0.9946
STN-01,02-03-2021 04:00,0.2,250,86,12.4,95.38657785,0.9411
STN-01,02-03-2021 05:00,0.05,145,74,11.3,95.22607826,0.9098
STN-01,02-03-2021 06:00,1.4,260,99,11.6,98.56557868,0.891
STN-01,02-03-2021 07:00,1.7,278,111,12.3,96.9050791,0.9213
STN-01,02-03-2021 08:00,1.9,287,115,13.3,95.34457951,0.9299
STN-01,02-03-2021 09:00,2.3,350,138,15.9,85.98407993,0.9378
STN-01,02-03-2021 10:00,1.9,349,,17.4,79.62358034,0.8918
STN-01,02-03-2021 11:00,1.5,191,150,20.7,75.26308076,0.8694
STN-01,02-03-2021 12:00,1.8,138,139,23.1,72.80258118,0.9076
STN-01,02-03-2021 13:00,1.5,136,135,21.7,72.64208159,0.8314
STN-01,02-03-2021 14:00,0.6,106,124,21.6,77.28158201,0.8459
STN-01,02-03-2021 15:00,0.8,177,153,22.4,73.42108243,0.8137
STN-01,02-03-2021 16:00,1,176,145,22.6,71.06058284,0.7773
STN-01,02-03-2021 17:00,1.1,167,140,20.6,76.20008326,0.7923
STN-01,02-03-2021 18:00,1.7,257,182,18.3,75.63958367,0.7504
STN-01,02-03-2021 19:00,1.5,273,190,15.2,81.07908409,0.7147
STN-01,02-03-2021 20:00,2.2,282,189,15.9,78.91858451,0.7523
STN-01,02-03-2021 21:00,2.4,273,178,14.8,88.05808492,0.8232
STN-01,02-03-2021 22:00,1.3,126,144,13.3,90.59758534,0.8125
STN-01,02-03-2021 23:00,1.3,71,123,14.7,94.43708576,0.8725
STN-01,03-03-2021 00:00,1.5,96,139,17.7,89.77658617,0.9155
STN-01,03-03-2021 01:00,0.6,77,113,17.9,90.21608659,0.9416
STN-01,03-03-2021 02:00,0.6,101,,18.2,90.455587,0.932
STN-01,03-03-2021 03:00,0.3,95,106,17.8,93.69508742,0.962
STN-01,03-03-2021 04:00,0.05,1,70,17.6,89.53458784,0.9291
STN-01,03-03-2021 05:00,0.05,1,68,17,86.77408825,0.8486
STN-01,03-03-2021 06:00,0.05,81,77,15.1,86.91358867,0.7885
STN-01,03-03-2021 07:00,1.2,227,114,15.5,89.35308909,0.8301
STN-01,03-03-2021 08:00,1.9,288,131,17,87.8925895,0.853
STN-01,03-03-2021 09:00,2.1,342,153,17.8,79.03208992,0.7895
STN-01,03-03-2021 10:00,2.1,387,172,21.7,69.07159033,0.7578
STN-01,03-03-2021 11:00,,372,173,23.8,61.11109075,0.7112
STN-01,03-03-2021 12:00,1.2,233,152,25.2,60.75059117,0.7221
STN-01,03-03-2021 13:00,1,148,124,24.7,61.09009158,0.6755
STN-01,03-03-2021 14:00,0.7,139,116,23.7,61.029592,0.6468
STN-01,03-03-2021 15:00,1.5,228,137,26,59.96909242,0.6967
STN-01,03-03-2021 16:00,1.5,220,139,25.4,65.10859283,0.7698
STN-01,03-03-2021 17:00,2.6,269,161,24.5,71.44809325,0.8124
STN-01,03-03-2021 18:00,3.5,304,178,,78.28759367,0.8726
STN-01,03-03-2021 19:00,4.3,420,202,21.1,87.52709408,0.8999
STN-01,03-03-2021 20:00,3.8,366,187,19.2,90.6665945,0.8833
STN-01,03-03-2021 21:00,3.4,398,185,19.3,87.80609491,0.835
STN-01,03-03-2021 22:00,2.5,291,170,19.2,88.64559533,0.8396
STN-01,03-03-2021 23:00,1.8,136,143,18.3,91.98509575,0.8473
STN-01,04-03-2021 00:00,1.5,105,128,16.8,95.02459616,0.8245
STN-01,04-03-2021 01:00,,104,122,18.2,93.16409658,
STN-01,04-03-2021 02:00,1.9,132,123,17.1,92.303597,0.824
STN-01,04-03-2021 03:00,1.4,159,151,15.2,90.203597,0.7417
STN-01,04-03-2021 04:00,1.6,200,132,15.8,91.303597,0.7705
STN-01,04-03-2021 05:00,1,149,122,16.3,89.603597,0.7385
STN-01,04-03-2021 06:00,1,203,127,14.9,94.603597,0.7339
STN-01,04-03-2021 07:00,2.7,,155,14.7,96.603597,0.7369
STN-01,04-03-2021 08:00,3,506,172,14,92.703597,0.6856
STN-01,04-03-2021 09:00,3.7,540,182,16.1,87.103597,0.6936
STN-01,04-03-2021 10:00,3.1,,185,18.3,86.103597,0.7472
STN-01,04-03-2021 11:00,2.9,463,194,21.8,74.103597,0.6961
STN-01,04-03-2021 12:00,2.9,420,190,23.3,75.103597,0.7324
STN-01,04-03-2021 13:00,3.1,,190,24.2,73.503597,0.7307
STN-01,04-03-2021 14:00,2.2,306,164,24.4,,0.7114
STN-01,04-03-2021 15:00,2.3,383,170,23.8,71.503597,0.6709
STN-01,04-03-2021 16:00,3.1,482,206,22.3,73.603597,0.6582
STN-01,04-03-2021 17:00,3.1,482,204,20.7,78.003597,0.6955
STN-01,04-03-2021 18:00,3.4,516,213,19.6,82.203597,0.7541
STN-01,04-03-2021 19:00,4,554,,17.7,88.903597,0.8048
STN-01,04-03-2021 20:00,3.8,531,206,16.5,88.303597,0.7436
STN-01,04-03-2021 21:00,3.1,620,215,16.2,94.203597,0.7969
STN-01,04-03-2021 22:00,1.7,496,193,15.9,97.803597,0.8407
STN-01,04-03-2021 23:00,2.3,568,197,14.9,99,0.8419
STN-01,05-03-2021 00:00,2.6,637,209,15.6,99,0.9191
STN-01,05-03-2021 01:00,2.3,543,182,13.2,99,0.8989
STN-01,05-03-2021 02:00,1.1,397,140,14.1,99,0.9038
STN-01,05-03-2021 03:00,0.9,449,149,15.4,99,0.9425
STN-01,05-03-2021 04:00,0.7,451,137,14.5,99,0.903
STN-01,05-03-2021 05:00,1.2,465,159,13.7,99,0.9159
STN-01,05-03-2021 06:00,1.3,500,173,12.8,99,0.9363
STN-01,05-03-2021 07:00,1.8,497,175,13.2,99,0.9006
STN-01,05-03-2021 08:00,2.9,593,208,13.3,99,0.8833
STN-01,05-03-2021 09:00,2.4,657,226,16,99,0.867
STN-01,05-03-2021 10:00,1.6,595,211,18,93.403597,0.8592
STN-01,05-03-2021 11:00,2.5,683,229,17.7,88.603597,0.8044
STN-01,05-03-2021 12:00,2.7,600,195,20.1,81.203597,0.7979
STN-01,05-03-2021 13:00,2.5,490,167,21.6,76.803597,0.7849
STN-01,05-03-2021 14:00,1.7,437,170,22.1,74.303597,0.7513
STN-01,05-03-2021 15:00,1.3,290,150,24.3,76.203597,0.8532
STN-01,05-03-2021 16:00,1.2,282,161,,76.803597,0.8517
STN-01,05-03-2021 17:00,2.3,349,193,23.9,72.903597,0.8508
STN-01,05-03-2021 18:00,3.6,410,201,22.5,78.503597,0.9104
STN-01,05-03-2021 19:00,3.4,283,170,22,78.403597,0.8917
STN-01,05-03-2021 20:00,3.3,280,166,23.5,77.903597,0.9618
STN-01,05-03-2021 21:00,2.6,222,158,22.2,81.003597,0.9519
STN-01,05-03-2021 22:00,2.4,199,160,20.7,90.103597,1.0367
STN-01,05-03-2021 23:00,1.5,108,124,20.4,92.703597,1.0645
STN-01,06-03-2021 00:00,,136,112,20.2,99,1.1675
STN-01,06-03-2021 01:00,1.3,112,111,18.2,97.803597,1.0418
STN-01,06-03-2021 02:00,0.7,43,95,18,99,1.0914
STN-01,06-03-2021 03:00,1.1,148,119,15.8,99,1.0304
STN-01,06-03-2021 04:00,0.8,197,111,13.8,99,0.9952
STN-01,06-03-2021 05:00,0.1,242,114,11.7,99,
STN-01,06-03-2021 06:00,0.7,273,135,11.7,99,0.9898
STN-01,06-03-2021 07:00,2.4,427,175,9.9,99,0.9388
STN-01,06-03-2021 08:00,4.5,598,203,11.1,99,1.0157
STN-01,06-03-2021 09:00,4.6,581,203,13.3,99,1.0252
STN-01,06-03-2021 10:00,3.9,562,204,14.8,99,1.0477
STN-01,06-03-2021 11:00,4.1,627,221,17.2,99,1.0472
STN-01,06-03-2021 12:00,3.4,533,207,18,96.203597,0.9296
STN-01,06-03-2021 13:00,3.1,437,184,17.9,95.303597,0.9197
STN-01,06-03-2021 14:00,3.3,461,168,18.9,99,1.081
STN-01,06-03-2021 15:00,3.3,446,147,18.8,99,1.0584
STN-01,06-03-2021 16:00,3.5,472,151,20.5,99,1.1223
STN-01,06-03-2021 17:00,3.4,426,169,20.3,99,1.127
STN-01,06-03-2021 18:00,3.2,375,170,18.7,99,1.1563
STN-01,06-03-2021 19:00,3.5,353,155,17.9,99,1.1585
STN-01,06-03-2021 20:00,3,313,160,16.2,99,1.0768
STN-01,06-03-2021 21:00,1.9,257,164,14.5,99,1.1345
STN-01,06-03-2021 22:00,0.9,179,144,13.9,99,1.0693
STN-01,06-03-2021 23:00,0.6,156,129,14.2,99,1.0283
STN-01,07-03-2021 00:00,0.6,179,142,14.4,99,1.0621
STN-01,07-03-2021 01:00,0.5,162,136,14.9,99,1.1535
STN-01,07-03-2021 02:00,0.1,106,98,14.3,99,1.1473
STN-01,07-03-2021 03:00,0.05,27,87,13.6,99,1.0982
STN-01,07-03-2021 04:00,0.05,1,45,13,99,1.089
STN-01,07-03-2021 05:00,0.05,1,44,13.6,99,1.1037
STN-01,07-03-2021 06:00,0.05,1,44,12,99,1.0103
STN-01,07-03-2021 07:00,0.1,51,84,13,62.2891298,1.011
STN-01,07-03-2021 08:00,1.3,202,102,13.2,99,0.9925
STN-01,07-03-2021 09:00,2.3,285,135,15.2,99,1.008
STN-01,07-03-2021 10:00,1.8,271,145,17.5,95.803597,1.0381
STN-01,07-03-2021 11:00,2.3,329,170,18.9,96.203597,1.058
STN-01,07-03-2021 12:00,1.6,217,150,18.6,92.903597,1.0054
STN-01,07-03-2021 13:00,2.2,279,162,19.3,89.403597,0.9657
STN-01,07-03-2021 14:00,2,302,167,20.6,90.403597,1.028
STN-01,07-03-2021 15:00,2.8,361,174,21.8,91.103597,1.0584
STN-01,07-03-2021 16:00,3.6,470,180,23.1,91.603597,1.1272
STN-01,07-03-2021 17:00,3.1,391,169,22.5,87.903597,1.0761
STN-01,07-03-2021 18:00,4.5,564,201,21.9,89.603597,1.1006
STN-01,07-03-2021 19:00,4.9,559,202,20.7,92.203597,1.1214
STN-01,07-03-2021 20:00,4.8,566,194,18.7,99,1.1755
STN-01,07-03-2021 21:00,4.3,514,199,18.6,99,1.2546
STN-01,07-03-2021 22:00,3.4,517,190,16.9,99,1.1895
STN-01,07-03-2021 23:00,2.5,345,175,15.4,99,1.1094
STN-01,08-03-2021 00:00,1.5,242,152,15,95.203597,1.0791
STN-01,08-03-2021 01:00,1.6,292,150,14,98.903597,1.0586
STN-01,08-03-2021 02:00,1.4,294,141,13.1,99,1.0438
STN-01,08-03-2021 03:00,0.6,206,121,13,99,1.0588
STN-01,08-03-2021 04:00,0.1,131,100,13.9,98.503597,1.0579
STN-01,08-03-2021 05:00,0.8,203,139,12.7,99,1.0579
STN-01,08-03-2021 06:00,0.2,225,153,12,99,1.0157
STN-01,08-03-2021 07:00,2,341,198,11.1,98.203597,0.9532
STN-01,08-03-2021 08:00,2.3,413,210,12.4,90.703597,0.8998
STN-01,08-03-2021 09:00,3.1,528,230,14.9,82.803597,0.8827
STN-01,08-03-2021 10:00,2.9,440,222,18.2,81.203597,0.9453
STN-01,08-03-2021 11:00,2,376,187,19.9,77.503597,0.9145
STN-01,08-03-2021 12:00,1.9,358,186,19.1,77.103597,0.8593
STN-01,08-03-2021 13:00,1.9,341,162,18.5,83.903597,0.8784
STN-01,08-03-2021 14:00,2.2,349,167,20.4,79.803597,0.8874
STN-01,08-03-2021 15:00,2.2,339,159,20.1,86.503597,0.9333
STN-01,08-03-2021 16:00,2.8,365,170,20.1,84.003597,0.932
STN-01,08-03-2021 17:00,4.1,900,176,20.6,83.003597,0.9209
STN-01,08-03-2021 18:00,4.7,490,203,19.4,86.503597,0.9721
STN-01,08-03-2021 19:00,5,480,205,19,84.903597,0.9473
STN-01,08-03-2021 20:00,4.2,507,217,18.5,83.503597,0.9679
STN-01,08-03-2021 21:00,3.4,480,196,18.8,85.903597,1.0109
STN-01,08-03-2021 22:00,2.8,365,165,17.1,87.103597,0.9722
STN-01,08-03-2021 23:00,2.7,350,150,15.9,91.003597,0.9693
STN-01,09-03-2021 00:00,2.3,267.5203236,136,14.4,90.503597,0.9455
STN-01,09-03-2021 01:00,1.2,219.63365,120,12.6,94.003597,0.9377
STN-01,09-03-2021 02:00,0.05,764.7606137,66,13.3,92.103597,0.9705
STN-01,09-03-2021 03:00,,462.9383212,103,12.3,96.203597,0.9493
STN-01,09-03-2021 04:00,0.1,159,83,12.8,93.203597,0.9369
STN-01,09-03-2021 05:00,0.2,159,87,13.4,92.703597,0.9412
STN-01,09-03-2021 06:00,1.7,374,124,12.9,90.103597,0.9036
STN-01,09-03-2021 07:00,3,451,141,14.3,87.103597,0.9153
STN-01,09-03-2021 08:00,4.5,684,189,16.1,86.403597,0.9686
STN-01,09-03-2021 09:00,5.2,670,187,17.6,82.303597,0.9658
STN-01,09-03-2021 10:00,4.1,618,171,20,82.803597,0.9996
STN-01,09-03-2021 11:00,3.3,574,172,21.5,75.703597,0.9087
STN-01,09-03-2021 12:00,2.7,478,157,20.7,78.503597,0.8983
STN-01,09-03-2021 13:00,2.4,410,139,19.9,80.503597,0.8579
STN-01,09-03-2021 14:00,3,447,162,20.1,75.603597,0.803
STN-01,09-03-2021 15:00,2.2,327,138,22.3,69.103597,0.771
STN-01,09-03-2021 16:00,2.4,400,148,21.7,70.503597,
STN-01,09-03-2021 17:00,1.4,300,149,20.6,65.503597,0.6637
STN-01,09-03-2021 18:00,3.1,430,167,18.8,67.703597,0.6396
STN-01,09-03-2021 19:00,3.5,354,165,17.6,69.103597,0.6611
STN-01,09-03-2021 20:00,3.4,304,157,17.1,72.603597,0.713
STN-01,09-03-2021 21:00,3,311,175,14.6,73.003597,0.5975
STN-01,09-03-2021 22:00,2.4,279,158,12.3,72.203597,0.5154
STN-01,09-03-2021 23:00,2.4,280,155,11.4,77.703597,0.543
STN-01,10-03-2021 00:00,2.2,221,133,10.7,78.703597,0.5294
STN-01,10-03-2021 01:00,1.9,158,119,10.7,77.903597,0.5161
STN-01,10-03-2021 02:00,1,100,99,10.4,76.103597,0.4876
STN-01,10-03-2021 03:00,0.7,43,102,8.9,84.903597,0.5476
STN-01,10-03-2021 04:00,0.7,92,94,8.7,87.303597,0.5544
STN-01,10-03-2021 05:00,0.05,1,50,9.1,87.303597,0.5703
STN-01,10-03-2021 06:00,0.3,95,77,10.2,85.103597,0.5618
STN-01,10-03-2021 07:00,0.6,163,78,9.3,84.703597,0.4944
STN-01,10-03-2021 08:00,1.6,252,92,11.1,79.803597,0.5085
STN-01,10-03-2021 09:00,2.6,325,118,13.8,73.603597,0.5508
STN-01,10-03-2021 10:00,1.3,269,111,16.3,63.103597,0.4895
STN-01,10-03-2021 11:00,1.2,316,115,18.5,60.703597,0.5161
STN-01,10-03-2021 12:00,0.6,138,86,20,54.203597,0.4704
STN-01,10-03-2021 13:00,1.3,246,97,19.5,57.103597,0.451
STN-01,10-03-2021 14:00,1.7,255,122,19.6,58.303597,0.4375
STN-01,10-03-2021 15:00,2.2,322,140,20.7,52.803597,0.4063
STN-01,10-03-2021 16:00,1.9,269,123,20.1,56.303597,0.4159
STN-01,10-03-2021 17:00,,240,,19.9,53.103597,0.3717
STN-01,10-03-2021 18:00,1.4,237,136,,58.103597,0.3516
STN-01,10-03-2021 19:00,2.5,335,166,15.7,61.103597,0.3779
STN-01,10-03-2021 20:00,2.3,325,170,14.6,66.003597,0.4361
STN-01,10-03-2021 21:00,2.2,308,176,12.8,68.503597,0.4579
STN-01,10-03-2021 22:00,1.6,296,160,11.5,77.103597,0.4951
STN-01,10-03-2021 23:00,1.4,258,143,12,73.103597,0.4848
STN-01,11-03-2021 00:00,1,217,114,12.8,74.603597,0.5346
STN-01,11-03-2021 01:00,0.5,179,111,13.1,73.403597,
STN-01,11-03-2021 02:00,0.05,112,105,11.4,78.503597,0.5145
STN-01,11-03-2021 03:00,0.05,99,103,10.4,84.803597,
STN-01,11-03-2021 04:00,0.05,42,75,9.1,83.203597,0.4704
STN-01,11-03-2021 05:00,0.05,10,86,8.9,79.803597,0.4164
STN-01,11-03-2021 06:00,0.4,48,107,8.2,84.803597,0.4586
STN-01,11-03-2021 07:00,0.6,33,104,10.7,76.903597,0.4751
STN-01,11-03-2021 08:00,0.3,26,113,11.4,72.003597,0.4422
STN-01,11-03-2021 09:00,0.7,93,119,13.2,67.903597,0.4656
STN-01,11-03-2021 10:00,1.6,204,154,15.8,62.703597,0.4519
STN-01,11-03-2021 11:00,1.4,171,136,20.1,56.203597,0.5112
STN-01,11-03-2021 12:00,1.2,144,128,22.1,54.703597,0.5436
STN-01,11-03-2021 13:00,1.3,156,121,22.4,52.303597,0.4969
STN-01,11-03-2021 14:00,1.8,136,110,23.3,55.403597,0.543
STN-01,11-03-2021 15:00,0.7,35,84,22.2,57.903597,0.5303
STN-01,11-03-2021 16:00,1.5,166,110,23.7,56.903597,0.5691
STN-01,11-03-2021 17:00,1.8,168,110,23.4,57.103597,0.5858
STN-01,11-03-2021 18:00,2.3,223,134,20.6,64.503597,0.6094
STN-01,11-03-2021 19:00,2.7,260,139,20,72.303597,0.6706
STN-01,11-03-2021 20:00,2.3,284,146,18.9,75.203597,0.6425
STN-01,11-03-2021 21:00,2,168,128,20.3,75.503597,0.7247
STN-01,11-03-2021 22:00,1.5,164,124,19.8,75.103597,0.7092
STN-01,11-03-2021 23:00,1.7,174,115,19.3,78.403597,0.7747
STN-01,12-03-2021 00:00,2.6,224,118,17.8,85.203597,0.7821
STN-01,12-03-2021 01:00,2.2,268,133,17.8,,0.7886
STN-01,12-03-2021 02:00,1.8,295,120,17.2,92.203597,0.8171
STN-01,12-03-2021 03:00,1.5,260,132,15.8,95.103597,0.8014
STN-01,12-03-2021 04:00,0.3,130,89,16.3,94.403597,0.8064
STN-01,12-03-2021 05:00,0.2,127,96,16,99,0.8465
STN-01,12-03-2021 06:00,0.9,258,109,15.7,99,0.8797
STN-01,12-03-2021 07:00,2.3,432,146,15.5,99,0.9161
STN-01,12-03-2021 08:00,2.2,465,174,15.6,99,0.8795
STN-01,12-03-2021 09:00,,499,176,16.5,99,0.901
STN-01,12-03-2021 10:00,1.7,,160,18.5,97.703597,0.9267
STN-01,12-03-2021 11:00,1.8,307,174,21.3,92.703597,0.9229
STN-01,12-03-2021 12:00,1.8,263,178,22.8,90.203597,0.935
STN-01,12-03-2021 13:00,2.1,282,179,25.7,85.303597,0.978
STN-01,12-03-2021 14:00,2.2,268,175,25,87.303597,0.9858
STN-01,12-03-2021 15:00,2.7,355,175,25.6,,0.8899
STN-01,12-03-2021 16:00,2.2,294,166,24.5,83.103597,0.8897
STN-01,12-03-2021 17:00,2.2,265,163,25.7,77.503597,0.9094
STN-01,12-03-2021 18:00,3.1,371,188,23.5,82.003597,0.9102
STN-01,12-03-2021 19:00,3.3,358,184,19.9,89.203597,0.8858
STN-01,12-03-2021 20:00,2.6,342,182,18.3,96.503597,0.9477
STN-01,12-03-2021 21:00,2.6,412,172,15.2,99,0.951
STN-01,12-03-2021 22:00,1.3,294,137,15.1,99,0.9639
STN-01,12-03-2021 23:00,2.8,409,157,15.5,99,1.0672
STN-01,13-03-2021 00:00,2,341,116,15.9,99,1.0742
STN-01,13-03-2021 01:00,1.3,201,83,16,99,1.0764
STN-01,13-03-2021 02:00,0.8,158,75,16.2,99,1.121
STN-01,13-03-2021 03:00,0.7,205,83,14.9,99,1.1467
STN-01,13-03-2021 04:00,0.4,141,71,13.9,99,1.1367
STN-01,13-03-2021 05:00,,155,69,13.2,99,1.1036
STN-01,13-03-2021 06:00,0.7,207,101,12.1,99,1.0263
STN-01,13-03-2021 07:00,0.7,184,121,11.6,99,0.9428
STN-01,13-03-2021 08:00,3,410,160,14.1,99,0.9986
STN-01,13-03-2021 09:00,2.9,358,142,16.1,99,1.0552
STN-01,13-03-2021 10:00,2.2,336,149,18.4,99,1.0664
STN-01,13-03-2021 11:00,2.3,326,155,21.3,89.603597,1.027
STN-01,13-03-2021 12:00,2.6,287,136,22.7,92.103597,1.0843
STN-01,13-03-2021 13:00,2.9,298,,22.5,83.503597,0.9533
STN-01,13-03-2021 14:00,2.3,222,128,,80.703597,0.8941
STN-01,13-03-2021 15:00,2.2,232,110,23.8,81.903597,0.976
STN-01,13-03-2021 16:00,1.9,251,,23.7,85.003597,1.0163
STN-01,13-03-2021 17:00,2.8,305,120,22,82.903597,0.9406
STN-01,13-03-2021 18:00,3.2,390,154,21,87.303597,1.0053
STN-01,13-03-2021 19:00,2.8,405,153,20,88.203597,1.0262
STN-01,13-03-2021 20:00,2.7,446,162,18.6,90.203597,1.0368
STN-01,13-03-2021 21:00,2.1,459,156,18.5,96.203597,1.1046
STN-01,13-03-2021 22:00,1.4,407,154,19.4,63.7,1.1423
STN-01,13-03-2021 23:00,0.7,343,141,17,68.8,1.1079
STN-01,14-03-2021 00:00,0.7,324,134,16,68.2,1.1136
STN-01,14-03-2021 01:00,0.9,269,123,15.6,,1.138
STN-01,14-03-2021 02:00,1.4,323,130,15,76.5,1.1568
STN-01,14-03-2021 03:00,1.2,304,136,13.9,79.4,1.1571
STN-01,14-03-2021 04:00,1.3,267,111,15,76.2,1.1642
STN-01,14-03-2021 05:00,0.9,192,83,15,77.5,1.1836
STN-01,14-03-2021 06:00,0,162,82,14.9,72.7,1.1116
STN-01,14-03-2021 07:00,1.2,322,126,13.2,81.9,1.1712
STN-01,14-03-2021 08:00,2.7,495,155,13.7,74.5,1.0927
STN-01,14-03-2021 09:00,2.9,501,153,16.6,68,1.1483
STN-01,14-03-2021 10:00,1.9,441,158,18.2,58.3,1.0931
STN-01,14-03-2021 11:00,2.1,466,163,21,50,1.0799
STN-01,14-03-2021 12:00,2.1,,180,22.3,42.5,1.0222
STN-01,14-03-2021 13:00,2.8,496,175,23,42.4,1.0314
STN-01,14-03-2021 14:00,2,400,162,23,43.8,1.0357
STN-01,14-03-2021 15:00,1.8,318,143,22.6,37,0.9446
STN-01,14-03-2021 16:00,2,394,,22.8,36,0.9332
STN-01,14-03-2021 17:00,1.3,245,129,22.3,39.8,0.9946
STN-01,14-03-2021 18:00,2.3,270,148,20.1,-22.3738908,1.066
STN-01,14-03-2021 19:00,2.8,312,168,18,50.6,1.0596
STN-01,14-03-2021 20:00,2,283,152,17.6,52.4,1.0672
STN-01,14-03-2021 21:00,2,335,139,17.9,55,1.0635
STN-01,14-03-2021 22:00,0.8,,93,17.7,58.6,1.1032
STN-01,14-03-2021 23:00,1.7,227,103,17,64.9,1.1554
STN-01,15-03-2021 00:00,1.9,261,106,15.3,64.6,1.0902
STN-01,15-03-2021 01:00,1.7,215,104,15.9,66,1.0749
STN-01,15-03-2021 02:00,1.4,206,98,15.5,62.8,0.9691
STN-01,15-03-2021 03:00,,241,124,16.6,58.4,0.9406
STN-01,15-03-2021 04:00,1.2,208,103,16.9,,0.9244
STN-01,15-03-2021 05:00,0.6,144,90,15.8,56.9,0.9085
STN-01,15-03-2021 06:00,0.2,98,91,15.7,61.7,0.9571
STN-01,15-03-2021 07:00,1.8,286,130,16.5,55.9,0.9668
STN-01,15-03-2021 08:00,1.4,229,134,19.3,45.6,0.9709
STN-01,15-03-2021 09:00,2,283,167,21.6,34.5,0.9006
STN-01,15-03-2021 10:00,1.9,169,161,24.4,32,0.9417
STN-01,15-03-2021 11:00,,238,179,26.3,30.5,0.945
STN-01,15-03-2021 12:00,1.5,121,153,25.4,34.1,0.9345
STN-01,15-03-2021 13:00,1.4,202,173,24.2,36.6,0.8964
STN-01,15-03-2021 14:00,1.5,206,163,25.6,36.5,0.9333
STN-01,15-03-2021 15:00,1.7,184,149,25.3,45,1.0456
STN-01,15-03-2021 16:00,1.6,175,130,26.1,43.3,1.0534
STN-01,15-03-2021 17:00,3,271,158,25.1,51,1.1068
STN-01,15-03-2021 18:00,2.8,273,163,22,55.9,1.0707
STN-01,15-03-2021 19:00,3.4,349,182,19.9,61.8,1.1074
STN-01,15-03-2021 20:00,3.7,389,188,20.6,60,1.133
STN-01,15-03-2021 21:00,1.9,214,,19.1,60.5,1.0782
STN-01,15-03-2021 22:00,1.4,171,154,17.4,63.2,1.0688
STN-01,15-03-2021 23:00,1.1,183,165,15.6,57.6,0.9731
STN-01,16-03-2021 00:00,0.1,124,160,15.1,54.5,0.8744
STN-01,16-03-2021 01:00,0,106,165,,58.2,0.8723
STN-01,16-03-2021 02:00,0,116,142,13.7,60.9,0.8902
STN-01,16-03-2021 03:00,0,1,125,13.7,61.2,0.8744
STN-01,16-03-2021 04:00,0,,101,12.2,70.7,0.9032
STN-01,16-03-2021 05:00,,1,108,12.9,67.6,0.8895
STN-01,16-03-2021 06:00,0.3,62,108,14.1,68,0.9575
STN-01,16-03-2021 07:00,0.5,85,111,13.3,70.3,
STN-01,16-03-2021 08:00,1.6,240,140,11.7,68,0.8088
STN-01,16-03-2021 09:00,2.1,244,131,14.1,61.1,0.7953
STN-01,16-03-2021 10:00,2.2,249,137,18.3,49.9,0.794
STN-01,16-03-2021 11:00,2.2,227,142,20.1,46.3,0.773
STN-01,16-03-2021 12:00,2.8,165,111,20.6,54.2,0.8691
STN-01,16-03-2021 13:00,2.7,166,109,20.2,55.6,0.8323
STN-01,16-03-2021 14:00,3.6,306,140,21.4,58.9,0.8941
STN-01,16-03-2021 15:00,3.9,363,135,20.6,62.3,0.9188
STN-01,16-03-2021 16:00,3.8,348,153,21.5,61.7,0.9438
STN-01,16-03-2021 17:00,4.2,418,167,18.9,64.3,0.9036
STN-01,16-03-2021 18:00,5,514,205,17,67,0.8841
STN-01,16-03-2021 19:00,4.2,491,185,15.1,71.1,0.9583
STN-01,16-03-2021 20:00,3.5,481,183,14.3,66.2,
STN-01,16-03-2021 21:00,2.6,475,176,13.1,71.7,0.9265
STN-01,16-03-2021 22:00,3.3,563,207,13.6,69.7,0.9137
STN-01,16-03-2021 23:00,2.7,494,188,12.5,71.3,0.9073
STN-01,17-03-2021 00:00,2.1,492,183,13.8,71.1,0.9213
STN-01,17-03-2021 01:00,1.6,489,171,13,77.6,0.949
STN-01,17-03-2021 02:00,1.5,402,157,12.3,79.3,0.9402
STN-01,17-03-2021 03:00,1.3,374,149,13.6,76.8,0.9522
STN-01,17-03-2021 04:00,2.8,457,168,12.7,82.7,0.9533
STN-01,17-03-2021 05:00,3,470,170,11.8,84.1,0.9236
STN-01,17-03-2021 06:00,2,391,157,11.6,85.9,0.9466
STN-01,17-03-2021 07:00,0.9,215,128,10.9,85.3,0.947
STN-01,17-03-2021 08:00,1.4,246,123,12,87.3,1.0072
STN-01,17-03-2021 09:00,2.6,373,164,13.3,87.5,1.0637
STN-01,17-03-2021 10:00,2.2,374,156,15.8,75.3,
STN-01,17-03-2021 11:00,1.3,254,147,17.7,77.2,1.018
STN-01,17-03-2021 12:00,2.3,390,169,17.9,73,0.9455
STN-01,17-03-2021 13:00,2.8,380,151,17.7,69.2,0.9345
STN-01,17-03-2021 14:00,,391,174,18.3,64.4,0.8825
STN-01,17-03-2021 15:00,3.5,410,170,19.3,67,0.9407
STN-01,17-03-2021 16:00,3.5,425,180,20.5,59.6,0.9194
STN-01,17-03-2021 17:00,4.3,478,194,19.5,,0.9665
STN-01,17-03-2021 18:00,4.3,478,194,19.5,,0.9665
STN-01,17-03-2021 19:00,3.1,406,181,17,70,1.0029
STN-01,17-03-2021 20:00,2.7,366,175,17,74.2,1.0552
STN-01,17-03-2021 21:00,1.8,211,147,15.3,83.5,1.1213
STN-01,17-03-2021 22:00,1,122,109,15.7,82.4,1.1189
STN-01,17-03-2021 23:00,0.7,102,97,14.9,83.6,1.1316
STN-01,18-03-2021 00:00,0.9,81,96,14.2,80.5,1.0697
STN-01,18-03-2021 01:00,0.5,36,94,12.5,85.1,1.0463
STN-01,18-03-2021 02:00,0.7,42,99,14,85.3,1.0625
STN-01,18-03-2021 03:00,0,51,-2.678156004,12.1,90.2,1.022
STN-01,18-03-2021 04:00,0.2,112,95,11.2,92,1.0306
STN-01,18-03-2021 05:00,0,151,109,11.5,33.72274185,1.0174
STN-01,18-03-2021 06:00,0.9,307,147,10.7,89.4,0.9671
STN-01,18-03-2021 07:00,1.7,430,146,11.3,92.9,
STN-01,18-03-2021 08:00,2.9,532,175,12,89.3,1.0051
STN-01,18-03-2021 09:00,2.6,494,171,13.7,81.4,0.9681
STN-01,18-03-2021 10:00,2.4,527,179,16.5,70.7,0.9475
STN-01,18-03-2021 11:00,1.8,474,182,19.1,60.1,0.9183
STN-01,18-03-2021 12:00,1.7,367,153,20.2,58.4,0.9189
STN-01,18-03-2021 13:00,2.7,506,174,21.3,52.7,0.8834
STN-01,18-03-2021 14:00,1.6,378,170,21.5,50.4,0.8994
STN-01,18-03-2021 15:00,1.9,414,185,21.9,51,0.9087
STN-01,18-03-2021 16:00,2.4,524,211,22.3,54.4,1.0064
STN-01,18-03-2021 17:00,3.3,540,213,20.7,54.3,0.9608
STN-01,18-03-2021 18:00,2.9,461,214,20.1,57.2,1.0077
STN-01,18-03-2021 19:00,3.2,477,199,20.9,59.6,1.1108
STN-01,18-03-2021 20:00,2.8,432,183,18.2,71.7,1.1719
STN-01,18-03-2021 21:00,1.8,403,168,16.1,72.3,1.116
STN-01,18-03-2021 22:00,0.9,299,148,13.9,69.5,1.0203
STN-01,18-03-2021 23:00,0.6,290,154,12.3,71.3,0.9624
STN-01,19-03-2021 00:00,0.6,215,145,11.2,66.2,0.8688
STN-01,19-03-2021 01:00,0.1,178,118,11.5,71.5,0.949
STN-01,19-03-2021 02:00,0,209,111,11.5,73.4,0.9136
STN-01,19-03-2021 03:00,0,209,111,11.5,73.4,0.9136
STN-01,19-03-2021 04:00,0.9,109,87,8.6,77.7,0.8545
STN-01,19-03-2021 05:00,1.3,172,98,8.6,83.3,0.882
STN-01,19-03-2021 06:00,1,136,87,9.6,80.7,0.9008
STN-01,19-03-2021 07:00,1.5,243,124,7.9,77.7,0.7935
STN-01,19-03-2021 08:00,1.9,235,144,10,72.6,0.8212
STN-01,19-03-2021 09:00,,252,151,13.2,67.3,0.8785
STN-01,19-03-2021 10:00,2.6,378,175,16.3,62,0.918
STN-01,19-03-2021 11:00,2.3,244,172,19.9,55.6,0.9571
STN-01,19-03-2021 12:00,1.6,182,158,21.4,,0.8757
STN-01,19-03-2021 13:00,1.4,114,125,22.2,46.1,0.8793
STN-01,19-03-2021 14:00,1.7,119,122,23.3,45,0.9008
STN-01,19-03-2021 15:00,0.6,32,108,21.8,43.5,0.8234
STN-01,19-03-2021 16:00,1.6,168,133,23.1,42.2,0.8605
STN-01,19-03-2021 17:00,2.1,173,150,23.8,39.1,0.8535
STN-01,19-03-2021 18:00,3.1,,182,21.6,44.1,0.8403
STN-01,19-03-2021 19:00,,329,186,18,52,0.8467
STN-01,19-03-2021 20:00,2.9,269,174,16.2,58.1,0.8883
STN-01,19-03-2021 21:00,2,,159,14.6,62.9,0.9158
STN-01,19-03-2021 22:00,1.9,237,147,13.4,68.3,0.9663
STN-01,19-03-2021 23:00,1.2,233,134,12.7,68,0.9571
STN-01,20-03-2021 00:00,2,325,143,12.2,70.2,0.9507
STN-01,20-03-2021 01:00,0.9,160,120,11.9,72,0.952
STN-01,20-03-2021 02:00,1,125,114,,73.8,1.002
STN-01,20-03-2021 03:00,0.7,168,117,10,79,0.9654
STN-01,20-03-2021 04:00,0.2,121,94,8.3,85.7,
STN-01,20-03-2021 05:00,0.4,135,97,7.6,82.8,0.8864
STN-01,20-03-2021 06:00,0.9,176,111,7.7,84,0.9088
STN-01,20-03-2021 07:00,1.5,231,129,8.1,,0.9432
STN-01,20-03-2021 08:00,3.3,467,164,10.2,83.9,1.0067
STN-01,20-03-2021 09:00,3,433,171,10.6,78.7,0.9549
STN-01,20-03-2021 10:00,2.9,398,180,14.4,73.4,1.0177
STN-01,20-03-2021 11:00,2.2,366,164,15.8,68.7,1.0032
STN-01,20-03-2021 12:00,2.8,436,180,18.7,64.8,1.0916
STN-01,20-03-2021 13:00,1.9,308,150,20,62.3,1.0884
STN-01,20-03-2021 14:00,2.3,358,161,18.4,64.5,1.0664
STN-01,20-03-2021 15:00,,256,139,20,56.5,1.0251
STN-01,20-03-2021 16:00,1.7,400,165,19.2,54.1,0.9811
STN-01,20-03-2021 17:00,2.7,443,,18.6,57.6,1.0118
STN-01,20-03-2021 18:00,3.2,469,191,16.5,61.5,1.0186
STN-01,20-03-2021 19:00,4.4,520,200,14.9,62.3,0.9927
STN-01,20-03-2021 20:00,4.4,534,188,13.7,65.3,1.0174
STN-01,20-03-2021 21:00,3.6,483,187,12.7,64.1,0.9828
STN-01,20-03-2021 22:00,2.4,423,169,11.7,61.8,0.9216
STN-01,20-03-2021 23:00,1.6,326,126,11.5,56.2,0.8455
STN-01,21-03-2021 00:00,2.1,293,131,12.5,48.9,0.8157
STN-01,21-03-2021 01:00,1.5,150,99,12.8,46.9,0.8176
STN-01,21-03-2021 02:00,1.2,67,91,13.5,49.2,0.845
STN-01,21-03-2021 03:00,0.5,81,108,12.9,57.2,0.8578
STN-01,21-03-2021 04:00,0,15,,12.6,53.4,0.7671
STN-01,21-03-2021 05:00,0,1,60,11.1,,0.6983
STN-01,21-03-2021 06:00,0.1,43,79,10.9,58,0.7454
STN-01,21-03-2021 07:00,1.5,199,102,-15.37369542,61.7,0.788
STN-01,21-03-2021 08:00,3.4,354,145,12.5,59.6,0.7952
STN-01,21-03-2021 09:00,3,359,160,14.3,52,0.7658
STN-01,21-03-2021 10:00,2,254,151,17.8,41.3,0.7326
STN-01,21-03-2021 11:00,1.6,279,152,18.6,39.7,0.6862
STN-01,21-03-2021 12:00,1.1,196,141,18.2,38.2,0.6292
STN-01,21-03-2021 13:00,1.3,204,150,19,34.9,0.5894
STN-01,21-03-2021 14:00,2.5,407,188,19.8,32.6,0.5568
STN-01,21-03-2021 15:00,1.5,321,171,19.9,29.6,0.4865
STN-01,21-03-2021 16:00,1.4,266,158,21.4,23.6,0.4724
STN-01,21-03-2021 17:00,1.4,263,168,20.6,24.1,0.4204
STN-01,21-03-2021 18:00,2.3,297,169,21.5,24.8,0.4875
STN-01,21-03-2021 19:00,3.1,375,163,20,32.4,0.5354
STN-01,21-03-2021 20:00,1.7,249,133,17.6,37.1,0.4918
STN-01,21-03-2021 21:00,1,178,104,17.6,37.2,0.5119
STN-01,21-03-2021 22:00,0.5,147,100,16.9,40.2,0.5405
STN-01,21-03-2021 23:00,0,115,71,15.8,39.5,0.5022
STN-01,22-03-2021 00:00,0.3,149,77,14.4,,0.4526
STN-01,22-03-2021 01:00,0,124,69,14.1,42.1,0.4347
STN-01,22-03-2021 02:00,0.8,228,84,14.6,42.7,0.4636
STN-01,22-03-2021 03:00,1.8,340,99,15.4,45.4,0.5028
STN-01,22-03-2021 04:00,2.2,309,80,15.4,44.2,0.528
STN-01,22-03-2021 05:00,1.5,260,70,13.9,47.4,0.4847
STN-01,22-03-2021 06:00,1.4,334,85,12.4,47.9,0.4583
STN-01,22-03-2021 07:00,2.4,429,121,12.9,48.6,0.4837
STN-01,22-03-2021 08:00,2.4,510,148,13.5,47.9,0.479
STN-01,22-03-2021 09:00,2.4,489,161,15.4,38.9,0.4524
STN-01,22-03-2021 10:00,2.4,444,160,18.9,34.3,0.5282
STN-01,22-03-2021 11:00,3.1,534,190,20.4,32.8,0.5325
STN-01,22-03-2021 12:00,2.8,474,172,21.9,32.8,0.5522
STN-01,22-03-2021 13:00,4.6,542,197,22.6,34.7,0.5829
STN-01,22-03-2021 14:00,4.8,511,177,23,35.3,0.5724
STN-01,22-03-2021 15:00,4.8,485,184,22.4,35.3,0.5696
STN-01,22-03-2021 16:00,4.6,484,185,23.7,31.6,0.5932
STN-01,22-03-2021 17:00,4.2,564,202,23.3,27,0.5424
STN-01,22-03-2021 18:00,5.7,731,229,21.1,26.2,0.4659
STN-01,22-03-2021 19:00,5.9,599,220,21.2,30.7,0.5224
STN-01,22-03-2021 20:00,5.4,556,198,21.2,40.9,0.6397
STN-01,22-03-2021 21:00,3.8,399,179,20.2,45.9,0.6686
STN-01,22-03-2021 22:00,3.2,304,153,18.6,49.9,0.6602
STN-01,22-03-2021 23:00,3,243,134,18.1,47.3,0.6444
STN-01,23-03-2021 00:00,3.3,290,137,18,50.8,0.6492
STN-01,23-03-2021 01:00,3.4,341,141,16.8,48.2,0.5753
STN-01,23-03-2021 02:00,2.3,253,129,15.7,45.7,0.5189
STN-01,23-03-2021 03:00,1.8,147,126,15.4,46.9,0.5062
STN-01,23-03-2021 04:00,0.8,,77,15.3,48.9,0.5333
STN-01,23-03-2021 05:00,0.6,110,75,14.6,49.6,0.5132
STN-01,23-03-2021 06:00,1.1,163,81,13.3,54.8,0.5441
STN-01,23-03-2021 07:00,,346,124,13.1,54.4,0.546
STN-01,23-03-2021 08:00,4.1,633,189,12.8,,0.5615
STN-01,23-03-2021 09:00,4.1,631,191,13,49.7,0.5281
STN-01,23-03-2021 10:00,3.3,550,189,16.7,40.1,0.5135
STN-01,23-03-2021 11:00,2.5,503,182,18.4,26.6,0.3842
STN-01,23-03-2021 12:00,2.3,533,201,19.6,22.9,0.3718
STN-01,23-03-2021 13:00,2.6,525,217,18.8,24.4,0.3785
STN-01,23-03-2021 14:00,2.5,413,199,17.8,26.9,0.3905
STN-01,23-03-2021 15:00,3.1,530,215,18.9,30.9,0.4594
STN-01,23-03-2021 16:00,3.5,586,,19,,0.4254
STN-01,23-03-2021 17:00,4.2,631,238,20.7,29.5,0.4919
STN-01,23-03-2021 18:00,4.9,625,235,20.2,36,0.6161
STN-01,23-03-2021 19:00,3.4,474,203,17.6,40.9,0.6115
STN-01,23-03-2021 20:00,,450,200,15,46.9,0.5978
STN-01,23-03-2021 21:00,3.2,391,193,13,45,0.5355
STN-01,23-03-2021 22:00,2.7,304,184,13.1,47.7,0.5611
STN-01,23-03-2021 23:00,1.6,321,187,12.7,45.9,0.5093
STN-01,24-03-2021 00:00,3.1,,215,13.2,51.5,0.5132
STN-01,24-03-2021 01:00,2.6,410,205,13.5,43.7,0.4357
STN-01,24-03-2021 02:00,1.1,229,143,12.5,39.6,0.335
STN-01,24-03-2021 03:00,0.9,335,168,,40.9,0.2897
STN-01,24-03-2021 04:00,1.5,370,155,12.3,40.3,0.2797
STN-01,24-03-2021 05:00,2.1,412,158,12.4,53.3,0.4458
STN-01,24-03-2021 06:00,1.2,411,,11.8,55.6,
STN-01,24-03-2021 07:00,1.9,526,174,10.7,55,0.3821
STN-01,24-03-2021 08:00,2.4,587,168,11.5,57.5,0.4388
STN-01,24-03-2021 09:00,1.3,420,159,12.9,51.5,0.4428
STN-01,24-03-2021 10:00,2,488,152,14.5,52,0.5047
STN-01,24-03-2021 11:00,1.5,381,146,16.7,46.5,0.4943
STN-01,24-03-2021 12:00,1.4,406,167,18.4,40.5,0.4466
STN-01,24-03-2021 13:00,1.2,321,141,17.5,,0.3965
STN-01,24-03-2021 14:00,0.1,197,128,18.3,40.9,0.4184
STN-01,24-03-2021 15:00,0,158,114,16.9,43.6,0.402
STN-01,24-03-2021 16:00,0.3,113,,16.9,41,0.3701
STN-01,24-03-2021 17:00,1.6,173,142,16.8,40.3,0.3345
STN-01,24-03-2021 18:00,3.8,424,188,15.7,41.8,0.3003
STN-01,24-03-2021 19:00,5.3,499,,15.8,43.8,0.3614
STN-01,24-03-2021 20:00,4.9,,181,14.8,45.5,0.3356
STN-01,24-03-2021 21:00,3.8,373,161,14.3,42,0.279
STN-01,24-03-2021 22:00,2.6,268,130,12.5,49.4,
STN-01,24-03-2021 23:00,2.3,198,106,12.1,53.8,0.3376
STN-01,25-03-2021 00:00,3.1,,119,12.9,54.4,0.287
STN-01,25-03-2021 01:00,2.2,290,110,11.4,59.6,0.2745
STN-01,25-03-2021 02:00,2.4,313,125,12.1,61.9,0.3165
STN-01,25-03-2021 03:00,2.7,422,133,11.5,,0.3675
STN-01,25-03-2021 04:00,1.9,377,106,12.4,68.4,0.3906
STN-01,25-03-2021 05:00,1.2,306,105,12.8,65.8,0.3842
STN-01,25-03-2021 06:00,0.8,354,100,13,72.9,0.4897
STN-01,25-03-2021 07:00,0.9,335,113,14.3,67,0.5005
STN-01,25-03-2021 08:00,2.2,383,,16.3,64,0.5672
STN-01,25-03-2021 09:00,2.5,,161,18,61.3,0.5936
STN-01,25-03-2021 10:00,3,385,173,22.3,49.3,0.5926
STN-01,25-03-2021 11:00,1.7,232,131,23.4,43.2,0.5175
STN-01,25-03-2021 12:00,1.9,203,122,24.1,37.5,0.4403
STN-01,25-03-2021 13:00,1.8,180,108,24.1,40.8,0.461
STN-01,25-03-2021 14:00,1.9,211,109,25,37.9,0.4453
STN-01,25-03-2021 15:00,1.4,170,106,25.6,32.3,0.4338
STN-01,25-03-2021 16:00,1.6,280,128,26,31.3,0.4222
STN-01,25-03-2021 17:00,1.9,326,154,26.1,33.1,0.4428
STN-01,25-03-2021 18:00,1.8,253,139,25.1,28.6,0.4091
STN-01,25-03-2021 19:00,2.5,333,149,22.3,41.9,0.465
STN-01,25-03-2021 20:00,2.1,372,140,21.5,50.3,0.5301
STN-01,25-03-2021 21:00,2.2,382,133,20.1,56.8,0.5714
STN-01,25-03-2021 22:00,2.4,444,141,20.8,61,0.6171
STN-01,25-03-2021 23:00,1.6,354,133,19.4,63.3,0.5973
STN-01,26-03-2021 00:00,0,195,119,18,64.1,0.5006
STN-01,26-03-2021 01:00,0.6,279,,18.7,63.6,0.5305
STN-01,26-03-2021 02:00,0.3,143,93,18.8,64.7,0.4995
STN-01,26-03-2021 03:00,0,41,89,16.8,75.8,0.5375
STN-01,26-03-2021 04:00,0.3,66,82,15.7,74.9,0.5012
STN-01,26-03-2021 05:00,0.1,100,91,14.4,74.9,0.4838
STN-01,26-03-2021 06:00,0,121,87,14.5,72.1,0.4534
STN-01,26-03-2021 07:00,0.7,228,118,15.3,72.2,0.4737
STN-01,26-03-2021 08:00,2,327,131,18.2,65,0.517
STN-01,26-03-2021 09:00,3,498,167,19.4,64.8,0.5915
STN-01,26-03-2021 10:00,2.2,486,166,22.2,50.2,0.5154
STN-01,26-03-2021 11:00,1.9,437,150,24.8,42.7,0.4606
STN-01,26-03-2021 12:00,1.9,350,150,25.7,31.7,0.3567
STN-01,26-03-2021 13:00,,234,122,25.8,34.3,0.365
STN-01,26-03-2021 14:00,0.8,282,122,24.8,39.5,0.3643
STN-01,26-03-2021 15:00,1.7,,151,,39.4,0.3758
STN-01,26-03-2021 16:00,3.2,497,179,25.6,40.7,0.4101
STN-01,26-03-2021 17:00,3.4,539,190,25,41.2,0.3852
STN-01,26-03-2021 18:00,3.5,541,207,24,39.7,0.3785
STN-01,26-03-2021 19:00,3.7,560,223,22.7,43.7,0.3849
STN-01,26-03-2021 20:00,3.2,519,212,21.1,50.1,0.4183
STN-01,26-03-2021 21:00,2,354,157,20.5,53.6,0.4721
STN-01,26-03-2021 22:00,1.7,367,160,19.4,52.2,0.4583
STN-01,26-03-2021 23:00,2.3,439,179,19.2,54.1,0.488
STN-01,27-03-2021 00:00,2,371,155,19.7,57.6,0.5455
STN-01,27-03-2021 01:00,1.8,422,145,17.6,,0.4828
STN-01,27-03-2021 02:00,2.1,435,135,17.6,61.3,0.4922
STN-01,27-03-2021 03:00,2,404,148,16.5,68.9,0.5498
STN-01,27-03-2021 04:00,1.3,335,120,16.8,71.2,0.5764
STN-01,27-03-2021 05:00,1.3,355,126,17.4,66.5,0.5415
STN-01,27-03-2021 06:00,1.4,397,153,17.2,73.1,0.5948
STN-01,27-03-2021 07:00,1.6,420,171,18,71.1,0.6072
STN-01,27-03-2021 08:00,2.7,509,172,19.4,66.8,0.6099
STN-01,27-03-2021 09:00,4.1,543,180,20.9,62.6,0.6224
STN-01,27-03-2021 10:00,3.1,398,169,24.1,53.5,0.6272
STN-01,27-03-2021 11:00,3.2,420,154,26.3,53.7,0.659
STN-01,27-03-2021 12:00,3.3,352,149,26.9,50.6,0.6126
STN-01,27-03-2021 13:00,3.7,451,159,26.6,49.6,0.6135
STN-01,27-03-2021 14:00,3.1,361,148,26.6,48.5,0.6028
STN-01,27-03-2021 15:00,3.3,422,169,28.4,46,0.6666
STN-01,27-03-2021 16:00,2.6,369,164,28.4,44.3,0.6809
STN-01,27-03-2021 17:00,3.3,441,199,28.9,36.7,0.6954
STN-01,27-03-2021 18:00,3.9,481,201,27.6,40.1,0.7028
STN-01,27-03-2021 19:00,4.4,505,202,26.5,40.3,0.6865
STN-01,27-03-2021 20:00,4.4,510,200,24.8,37.3,0.6336
STN-01,27-03-2021 21:00,3.6,425,174,22.8,43.4,0.6311
STN-01,27-03-2021 22:00,2.8,325,155,23,47.5,0.6814
STN-01,27-03-2021 23:00,2.6,311,147,22.7,48.7,0.6702
STN-01,28-03-2021 00:00,2.5,292,137,22.2,56.4,0.7387
STN-01,28-03-2021 01:00,1.2,138,105,22.4,58.8,0.7945
STN-01,28-03-2021 02:00,0.5,23,89,23.4,54.9,0.7818
STN-01,28-03-2021 03:00,0,1,93,22,57.9,0.7325
STN-01,28-03-2021 04:00,0,1,77,20.6,54.9,0.6459
STN-01,28-03-2021 05:00,0,1,69,19.5,51.8,0.5725
STN-01,28-03-2021 06:00,0,1,63,18.7,48.1,0.4753
STN-01,28-03-2021 07:00,0,118,97,17.7,52.2,0.4766
STN-01,28-03-2021 08:00,0.8,297,141,16.5,51.6,0.423
STN-01,28-03-2021 09:00,0.8,255,153,18.3,42.1,0.3362
STN-01,28-03-2021 10:00,0.6,260,154,19.2,36.7,0.3111
STN-01,28-03-2021 11:00,0.9,271,160,19.7,34.8,0.235
STN-01,28-03-2021 12:00,0.3,222,,20.6,28.5,0.0963
STN-01,28-03-2021 13:00,0.6,249,160,21.3,30.4,0.1375
STN-01,28-03-2021 14:00,0.1,276,167,20.2,28,0.0652
STN-01,28-03-2021 15:00,0.1,203,147,22,23.5,0.0795
STN-01,28-03-2021 16:00,0.3,205,150,22,21.2,0.09
STN-01,28-03-2021 17:00,1.4,292,169,21.5,27.4,0.1465
STN-01,28-03-2021 18:00,1.5,246,158,19.4,32.5,0.1875
STN-01,28-03-2021 19:00,2.6,375,179,,34.8,0.2395
STN-01,28-03-2021 20:00,2.6,362,174,19.1,48.6,0.4304
STN-01,28-03-2021 21:00,2,307,151,18.3,53.6,0.5225
STN-01,28-03-2021 22:00,1.9,218,135,18.6,58,0.6088
STN-01,28-03-2021 23:00,2.6,306,166,19.5,58.2,0.6485
STN-01,29-03-2021 00:00,2.6,269,159,20.2,57.7,0.6976
STN-01,29-03-2021 01:00,1.8,201,147,18.8,60.1,0.6729
STN-01,29-03-2021 02:00,0.7,54,126,17.4,55.9,0.5755
STN-01,29-03-2021 03:00,0.4,100,116,15.4,57,0.4815
STN-01,29-03-2021 04:00,0,37,88,15.7,56.5,0.4752
STN-01,29-03-2021 05:00,0,130,107,15.5,57,0.4668
STN-01,29-03-2021 06:00,1.9,273,,16.1,61.7,0.5141
STN-01,29-03-2021 07:00,2,363,162,16.1,61,0.522
STN-01,29-03-2021 08:00,2.7,498,183,17.4,57.8,0.5161
STN-01,29-03-2021 09:00,2.8,,174,19,58.5,0.6035
STN-01,29-03-2021 10:00,3,441,196,20.6,48.5,0.5428
STN-01,29-03-2021 11:00,2.6,452,211,23.2,43.8,0.5691
STN-01,29-03-2021 12:00,1.7,347,189,23.6,40.3,0.4848
STN-01,29-03-2021 13:00,1.3,307,177,25.6,37.3,0.5412
STN-01,29-03-2021 14:00,1.3,359,167,23.8,41.4,0.499
STN-01,29-03-2021 15:00,1,333,149,24.9,45.5,0.604
STN-01,29-03-2021 16:00,0.9,343,149,25.5,48.7,0.6764
STN-01,29-03-2021 17:00,1.6,301,154,24.9,49.9,0.6837
STN-01,29-03-2021 18:00,2.5,327,168,25.5,54.4,0.8204
STN-01,29-03-2021 19:00,3,340,154,24.9,49.7,0.7666
STN-01,29-03-2021 20:00,2.9,333,160,23.7,54.8,0.7917
STN-01,29-03-2021 21:00,2.8,324,162,24.5,55.2,0.8304
STN-01,29-03-2021 22:00,1.7,228,136,23.8,57.6,0.8721
STN-01,29-03-2021 23:00,2,307,152,23.1,57.5,0.874
STN-01,30-03-2021 00:00,0.6,169,130,21.9,,0.8052
STN-01,30-03-2021 01:00,1.8,242,138,21.7,60.1,0.8533
STN-01,30-03-2021 02:00,1.5,218,113,21.2,64.2,0.8971
STN-01,30-03-2021 03:00,1.7,276,131,21,66.3,0.9185
STN-01,30-03-2021 04:00,1,118,114,20.2,72.2,0.9456
STN-01,30-03-2021 05:00,,107,110,18.9,71.2,0.876
STN-01,30-03-2021 06:00,1.2,166,122,18.9,73.8,0.9287
STN-01,30-03-2021 07:00,2.3,325,141,20.6,75.2,1.0272
STN-01,30-03-2021 08:00,3.3,400,158,22.1,71.3,1.0542
STN-01,30-03-2021 09:00,3.1,380,146,24,70.6,1.0909
STN-01,30-03-2021 10:00,3.3,366,146,27.6,67,1.1589
STN-01,30-03-2021 11:00,3.5,336,152,29.9,61.4,1.1315
STN-01,30-03-2021 12:00,2.6,236,136,31.6,57.6,1.1459
STN-01,30-03-2021 13:00,2.9,323,138,31.5,61.3,1.1748
STN-01,30-03-2021 14:00,3.4,389,145,31.6,,1.1077
STN-01,30-03-2021 15:00,2.7,391,162,30.8,49.8,0.9711
STN-01,30-03-2021 16:00,4.5,601,185,32.7,51.7,1.0808
STN-01,30-03-2021 17:00,4.4,591,184,33.2,53.6,1.1733
STN-01,30-03-2021 18:00,4.9,653,207,30.1,59.4,1.1834
STN-01,30-03-2021 19:00,,593,199,27.5,62.7,1.1609
STN-01,30-03-2021 20:00,3.5,,194,25.8,68.2,1.1911
STN-01,30-03-2021 21:00,2.9,531,208,25.6,63.6,1.1091
STN-01,30-03-2021 22:00,2.8,561,196,22.8,73.6,1.1203
STN-01,30-03-2021 23:00,2.4,440,171,21.4,74.1,1.0566
STN-01,31-03-2021 00:00,2.8,452,171,21.7,74.1,1.0223
STN-01,31-03-2021 01:00,2.7,445,150,21.6,77.4,1.0309
STN-01,31-03-2021 02:00,2.3,423,126,22.4,79.5,1.1046
STN-01,31-03-2021 03:00,1.4,347,113,22.3,77.8,1.1041
STN-01,31-03-2021 04:00,0.1,207,71,22.2,73.2,1.0212
STN-01,31-03-2021 05:00,0.5,219,77,21.3,73.7,1.0039
STN-01,31-03-2021 06:00,1.1,287,92,19.1,72.7,0.9086
STN-01,31-03-2021 07:00,2.8,505,134,21.1,70.5,0.9585
STN-01,31-03-2021 08:00,4.7,695,177,21.3,71.2,0.9804
STN-01,31-03-2021 09:00,4.3,648,183,22.1,68.2,1.0012
STN-01,31-03-2021 10:00,3.1,549,175,23.6,61.7,0.9831
STN-01,31-03-2021 11:00,3.2,566,187,24.4,60.6,0.9572
STN-01,31-03-2021 12:00,2.6,486,177,24.8,59.3,0.9478
STN-01,31-03-2021 13:00,2.8,502,179,25.3,57.9,0.9454
STN-01,31-03-2021 14:00,1.7,403,156,25.3,60.5,0.9518
STN-01,31-03-2021 15:00,1.3,398,164,24.7,55.8,0.8689
STN-01,31-03-2021 16:00,1.3,335,141,25.7,54.6,0.8722
STN-01,31-03-2021 17:00,2.2,366,149,25.2,60.8,0.9688
STN-01,31-03-2021 18:00,3.2,366,152,23.8,68.7,1.0552
STN-01,31-03-2021 19:00,3.5,330,142,21.6,71.9,1.0737
STN-01,31-03-2021 20:00,2,161,124,20.1,74.8,1.0885
STN-01,31-03-2021 21:00,0.4,8,96,19.3,76,1.0899
STN-01,31-03-2021 22:00,0.9,119,122,19.4,76.6,1.0888
STN-01,31-03-2021 23:00,0.7,79,105,17.9,77.6,1.0861
STN-01,01-04-2021 00:00,2.4,179,112,20.5,77.7,1.1802
STN-01,01-04-2021 01:00,2.2,92,83,19.3,76.8,1.1774
STN-01,01-04-2021 02:00,1.6,94,,19.2,78.8,1.1726
STN-01,01-04-2021 03:00,1,89,71,19.2,76.3,1.1229
STN-01,01-04-2021 04:00,,18,38,18.8,73.7,1.1068
STN-01,01-04-2021 05:00,1.8,50,46,17.4,78.4,1.1503
STN-01,01-04-2021 06:00,1.8,83,70,16.9,82.6,1.1555
STN-01,01-04-2021 07:00,3,185,94,17.5,76.8,1.1436
STN-01,01-04-2021 08:00,3.2,282,114,19,65.8,1.081
STN-01,01-04-2021 09:00,3.3,289,120,21,66.4,1.1434
STN-01,01-04-2021 10:00,2.9,226,122,24.4,53.8,
STN-01,01-04-2021 11:00,2.5,160,105,25.3,47.5,1.0896
STN-01,01-04-2021 12:00,2.7,135,118,25.1,48.9,1.0466
STN-01,01-04-2021 13:00,1.3,1,89,26.1,45.3,1.0264
STN-01,01-04-2021 14:00,1.5,49,89,25.6,45,0.9671
STN-01,01-04-2021 15:00,2.2,193,120,25.3,44.4,0.9117
STN-01,01-04-2021 16:00,3,355,157,25.5,44.3,0.9035
STN-01,01-04-2021 17:00,3.5,414,186,25.1,50.2,0.9526
STN-01,01-04-2021 18:00,4.5,425,180,25,58.9,1.0774
STN-01,01-04-2021 19:00,4.4,433,188,22.8,57.9,0.9951
STN-01,01-04-2021 20:00,4.2,379,180,22.2,64.9,1.0893
STN-01,01-04-2021 21:00,3.1,316,164,22.7,65,
STN-01,01-04-2021 22:00,1.6,195,142,22.7,68.1,1.1373
STN-01,01-04-2021 23:00,1.8,171,154,22.6,67.3,1.1529
STN-01,02-04-2021 00:00,1.5,126,139,21.2,68.7,1.1577
STN-01,02-04-2021 01:00,0.9,118,114,21.2,66.5,1.1331
STN-01,02-04-2021 02:00,1.3,84,101,21.8,63.6,1.1521
STN-01,02-04-2021 03:00,1.6,105,107,21.9,68.6,
STN-01,02-04-2021 04:00,1.4,76,76,18.8,67.9,1.0616
STN-01,02-04-2021 05:00,2.3,151,,18.1,73.1,1.1022
STN-01,02-04-2021 06:00,2.4,180,95,15.5,80.2,1.0544
STN-01,02-04-2021 07:00,3.7,317,134,16.1,81,1.1156
STN-01,02-04-2021 08:00,4.4,414,166,16.5,75,1.081
STN-01,02-04-2021 09:00,3.4,348,146,17.2,,0.975
STN-01,02-04-2021 10:00,3.2,393,174,20,55.3,0.9206
STN-01,02-04-2021 11:00,3.6,417,188,20.6,58.5,0.9616
STN-01,02-04-2021 12:00,4.1,455,192,22.3,53.9,0.9369
STN-01,02-04-2021 13:00,4.3,485,190,20.2,58.5,0.8901
STN-01,02-04-2021 14:00,,458,190,20,61.8,0.9122
STN-01,02-04-2021 15:00,3.2,350,154,20.3,63.2,0.9149
STN-01,02-04-2021 16:00,2.9,247,143,19.5,66.4,0.911
STN-01,02-04-2021 17:00,3.7,293,167,19.7,68,0.9636
STN-01,02-04-2021 18:00,3.9,,167,18.5,68.5,0.9708
STN-01,02-04-2021 19:00,4.7,289,188,16.9,76.7,1.0323
STN-01,02-04-2021 20:00,3.8,244,180,15.2,74.8,0.9685
STN-01,02-04-2021 21:00,2.5,142,136,14,80.7,1.0194
STN-01,02-04-2021 22:00,2.8,169,145,13.5,80.5,1.0198
STN-01,02-04-2021 23:00,1.7,169,130,13.2,89.9,1.1156
STN-01,03-04-2021 00:00,2.5,262,123,12.2,99,1.2334
STN-01,03-04-2021 01:00,1.5,139,105,11.5,94.4,1.1716
STN-01,03-04-2021 02:00,0.8,109,80,11.7,89.8,1.1404
STN-01,03-04-2021 03:00,0,24,64,11.6,,1.0956
STN-01,03-04-2021 04:00,0,668.9172442,64,12.1,85.7,1.1061
STN-01,03-04-2021 05:00,0,1,35,12.1,88.1,1.0889
STN-01,03-04-2021 06:00,0,1,55,11.6,86.7,1.0531
STN-01,03-04-2021 07:00,0,1,82,11.6,84.6,1.0229
STN-01,03-04-2021 08:00,0.7,116,107,12.2,77.5,0.9808
STN-01,03-04-2021 09:00,1.3,170,116,14.1,68.1,0.9506
STN-01,03-04-2021 10:00,1.4,131,120,16.9,59,0.9126
STN-01,03-04-2021 11:00,0.3,57,97,18.9,48.9,0.839
STN-01,03-04-2021 12:00,1.1,138,120,20,,0.7908
STN-01,03-04-2021 13:00,1.5,149,110,20.3,44,0.7342
STN-01,03-04-2021 14:00,0.5,106,96,19.8,39.2,0.6462
STN-01,03-04-2021 15:00,1,169,110,19.4,34.8,0.5475
STN-01,03-04-2021 16:00,1.2,189,126,20.7,36.4,0.6265
STN-01,03-04-2021 17:00,1.4,145,119,20.9,40.3,0.6973
STN-01,03-04-2021 18:00,,,122,19.5,38.6,0.6824
STN-01,03-04-2021 19:00,2.6,155,139,18.1,39.5,0.6869
STN-01,03-04-2021 20:00,2.4,,126,16.9,38.5,
STN-01,03-04-2021 21:00,1.9,64,115,16.4,42.3,0.6923
STN-01,03-04-2021 22:00,1.2,1,104,16.3,45.3,0.7281
STN-01,03-04-2021 23:00,1.2,6,120,14.9,52.2,0.7459
STN-01,04-04-2021 00:00,1,1,94,14.7,58,0.7973
STN-01,04-04-2021 01:00,0.3,1,77,14.8,59.5,0.8152
STN-01,04-04-2021 02:00,0.4,1,63,14,61.6,0.7836
STN-01,04-04-2021 03:00,0.6,,77,14.6,57.9,0.732
STN-01,04-04-2021 04:00,0.3,1,48,13.8,63.8,0.7686
STN-01,04-04-2021 05:00,0,1,23,14.6,68.2,0.8539
STN-01,04-04-2021 06:00,0,1,7,13.9,69.6,0.8611
STN-01,04-04-2021 07:00,0.2,1,19,13.2,,0.8433
STN-01,04-04-2021 08:00,1.6,87,68,13.8,70.5,0.8521
STN-01,04-04-2021 09:00,2.7,139,87,14.2,70.7,0.8697
STN-01,04-04-2021 10:00,1.2,84,86,17.5,61.9,0.8612
STN-01,04-04-2021 11:00,2.2,77,100,19.9,57.5,0.8464
STN-01,04-04-2021 12:00,2.4,69,104,19.9,56.3,0.8056
STN-01,04-04-2021 13:00,3.2,176,124,19.9,55.5,0.7902
STN-01,04-04-2021 14:00,2.4,122,,20.8,56.8,0.791
STN-01,04-04-2021 15:00,0.5,1,82,21.5,50.2,0.7378
STN-01,04-04-2021 16:00,0.8,1,104,21.9,49.2,0.7499
STN-01,04-04-2021 17:00,1.9,1,138,21.4,49.1,0.7371
STN-01,04-04-2021 18:00,3.2,107,156,20.5,53,0.8158
STN-01,04-04-2021 19:00,4.2,210,170,19,55.2,0.8388
STN-01,04-04-2021 20:00,3.1,87,138,17.6,55.2,0.7532
STN-01,04-04-2021 21:00,2.5,1,,17,54.7,0.7331
STN-01,04-04-2021 22:00,2.4,1,110,16.1,60.5,0.7851
STN-01,04-04-2021 23:00,2.7,1,129,17.2,58.2,0.7947
STN-01,05-04-2021 00:00,2.8,74,129,16,63.7,0.8446
STN-01,05-04-2021 01:00,2.6,92,126,17.1,60.3,0.7999
STN-01,05-04-2021 02:00,1.9,42,99,15.3,63.2,0.7937
STN-01,05-04-2021 03:00,1.2,1,89,15.2,58.7,0.7561
STN-01,05-04-2021 04:00,0.6,1,68,13.8,63.1,0.7181
STN-01,05-04-2021 05:00,0.1,1,,12.9,63.7,0.6744
STN-01,05-04-2021 06:00,0.4,34,,13.1,64.3,0.6946
STN-01,05-04-2021 07:00,1.1,165,100,14,61.3,0.7125
STN-01,05-04-2021 08:00,1.6,229,129,15.1,51.7,0.6503
STN-01,05-04-2021 09:00,1.6,256,142,17.1,47,0.6208
STN-01,05-04-2021 10:00,1.6,,139,19.4,40.3,0.5859
STN-01,05-04-2021 11:00,1.5,252,131,21,39.8,0.6198
STN-01,05-04-2021 12:00,1.5,,128,24.3,35,0.6363
STN-01,05-04-2021 13:00,1.6,211,138,23.1,30.4,0.5305
STN-01,05-04-2021 14:00,2,174,132,23.6,28.1,
STN-01,05-04-2021 15:00,1.1,47,99,22.6,36.1,0.5615
STN-01,05-04-2021 16:00,0.8,46,90,21.2,40.3,0.5784
STN-01,05-04-2021 17:00,2.1,88,102,22.2,43.9,0.6893
STN-01,05-04-2021 18:00,2.4,160,123,19.4,44,0.6483
STN-01,05-04-2021 19:00,2,84,114,17.9,47.5,0.6457
STN-01,05-04-2021 20:00,1.7,77,104,17,55.1,0.7006
STN-01,05-04-2021 21:00,0.8,1,91,16.1,62.4,0.7897
STN-01,05-04-2021 22:00,0.9,1,70,16,64.2,0.8007
STN-01,05-04-2021 23:00,1.5,1,63,16.8,69.7,0.9045
STN-01,06-04-2021 00:00,2.1,1,68,17.3,65.4,0.8924
STN-01,06-04-2021 01:00,1.8,1,77,17.2,68.2,0.9242
STN-01,06-04-2021 02:00,1.3,1,63,17.8,67,0.9359
STN-01,06-04-2021 03:00,0.7,1,89,16.3,65.6,0.8327
STN-01,06-04-2021 04:00,1.3,1,81,17,71.1,0.908
STN-01,06-04-2021 05:00,1.8,82,83,17.4,78.9,1.0505
STN-01,06-04-2021 06:00,,,95,16.9,83.1,1.0529
STN-01,06-04-2021 07:00,3,294,119,18.9,80,1.1035
STN-01,06-04-2021 08:00,4.2,418,145,21.9,73.7,1.198
STN-01,06-04-2021 09:00,4.5,484,156,23.7,72.1,1.2513
STN-01,06-04-2021 10:00,4.4,516,155,26.1,66.4,1.2522
STN-01,06-04-2021 11:00,5,517,189,28.8,57.5,
STN-01,06-04-2021 12:00,4.2,427,168,28.6,54.2,1.1548
STN-01,06-04-2021 13:00,4.6,463,159,28.5,53.3,1.1272
STN-01,06-04-2021 14:00,3.2,336,146,26.7,49.2,1.0091
STN-01,06-04-2021 15:00,2.5,302,127,26.5,54.7,1.0548
STN-01,06-04-2021 16:00,2.3,221,,27.7,52.8,1.0944
STN-01,06-04-2021 17:00,2.8,170,112,28.3,54.7,1.1795
STN-01,06-04-2021 18:00,4.6,262,128,,59.5,1.2327
STN-01,06-04-2021 19:00,5.1,269,129,24.3,67.7,1.2715
STN-01,06-04-2021 20:00,4.4,214,128,23.9,65.4,
STN-01,06-04-2021 21:00,3,123,129,21.1,67.9,1.2007
STN-01,06-04-2021 22:00,2.4,64,126,20.8,63.6,1.1496
STN-01,06-04-2021 23:00,2.5,19,122,20.7,65.9,1.1796
STN-01,07-04-2021 00:00,2.9,126,153,18.5,66.3,1.1358
STN-01,07-04-2021 01:00,3,245,143,17.3,71.4,1.2026
STN-01,07-04-2021 02:00,2.7,201,122,16.8,71.4,1.1748
STN-01,07-04-2021 03:00,2.8,196,133,16.7,69.6,1.1253
STN-01,07-04-2021 04:00,2.5,119,95,16.7,72.8,1.1627
STN-01,07-04-2021 05:00,2.8,36,73,17.3,69.6,1.1694
STN-01,07-04-2021 06:00,2.8,41,67,18.4,67.2,1.1791
STN-01,07-04-2021 07:00,3.4,118,68,19.7,64.6,1.22
STN-01,07-04-2021 08:00,5.5,367,113,21.4,66,1.2832
STN-01,07-04-2021 09:00,5.7,403,130,23.5,56.9,1.2242
STN-01,07-04-2021 10:00,5.1,388,158,24.7,57.7,1.2401
STN-01,07-04-2021 11:00,4.7,391,187,25.5,49.7,1.129
STN-01,07-04-2021 12:00,3.9,,163,27.4,43.8,1.1151
STN-01,07-04-2021 13:00,4.2,320,138,29.3,,1.2875
STN-01,07-04-2021 14:00,4.2,399,150,28.4,55.3,1.2665
STN-01,07-04-2021 15:00,2.9,237,114,29.8,48.6,1.2376
STN-01,07-04-2021 16:00,2.9,234,114,28.7,,1.2301
STN-01,07-04-2021 17:00,3,216,123,29.9,51.8,1.2572
STN-01,07-04-2021 18:00,4.1,265,143,29.2,43.9,1.1964
STN-01,07-04-2021 19:00,4,219,148,27.9,46.9,1.1822
STN-01,07-04-2021 20:00,3.5,151,137,26.2,49.7,1.1717
STN-01,07-04-2021 21:00,2.8,135,,25.7,46.7,1.1451
STN-01,07-04-2021 22:00,1.8,88,89,23.3,51.6,1.1086
STN-01,07-04-2021 23:00,1,1,61,22.5,52.1,1.0859
STN-01,08-04-2021 00:00,1.4,43,69,21.2,50.4,1.0271
STN-01,08-04-2021 01:00,1.2,40,65,21.9,49.1,1.0555
STN-01,08-04-2021 02:00,0.2,1,45,19.9,57.9,1.077
STN-01,08-04-2021 03:00,0,1,35,19.9,58.5,1.0525
STN-01,08-04-2021 04:00,0.2,1,6,20.2,58.9,1.0514
STN-01,08-04-2021 05:00,1.7,93,38,18.9,65.2,1.065
STN-01,08-04-2021 06:00,2.3,,55,18.9,68.4,1.116
STN-01,08-04-2021 07:00,4.3,317,77,19.7,69.1,1.1657
STN-01,08-04-2021 08:00,5,494,141,19.4,67.5,1.0767
STN-01,08-04-2021 09:00,4.5,393,122,22.6,57.6,1.0781
STN-01,08-04-2021 10:00,3.1,326,124,25.1,57.4,1.1325
STN-01,08-04-2021 11:00,2.6,346,128,26.3,55,1.1183
STN-01,08-04-2021 12:00,3.1,403,143,28.1,56.2,1.1671
STN-01,08-04-2021 13:00,2.9,346,141,26.5,59.1,1.1343
STN-01,08-04-2021 14:00,3,267,136,27.3,59.7,1.1513
STN-01,08-04-2021 15:00,3.2,288,143,28.5,57.5,1.1378
STN-01,08-04-2021 16:00,3.2,333,133,27.8,60.5,
STN-01,08-04-2021 17:00,4.1,383,151,29.4,58.1,1.174
STN-01,08-04-2021 18:00,4.2,408,156,27.9,59.2,1.174
STN-01,08-04-2021 19:00,4.9,404,162,26.8,59.3,1.1569
STN-01,08-04-2021 20:00,4.8,404,164,25.5,63.7,1.1997
STN-01,08-04-2021 21:00,4,420,162,24.4,65.4,1.1833
STN-01,08-04-2021 22:00,3.6,323,154,24.6,65.4,1.2035
STN-01,08-04-2021 23:00,3.6,341,154,23.9,64.7,1.199
STN-01,09-04-2021 00:00,4.5,389,140,22.8,68.4,1.1941
STN-01,09-04-2021 01:00,3.4,321,120,20.5,77.5,1.1965
STN-01,09-04-2021 02:00,2.9,226,116,20.2,75.9,1.151
STN-01,09-04-2021 03:00,2.4,202,126,18.4,72.5,1.0225
STN-01,09-04-2021 04:00,1.9,77,65,18.4,76.7,1.0761
STN-01,09-04-2021 05:00,0.9,17,67,18.4,74.5,1.0489
STN-01,09-04-2021 06:00,1.1,71,80,18.1,77.4,1.0546
STN-01,09-04-2021 07:00,1,45,84,18.2,73.8,1.0594
STN-01,09-04-2021 08:00,2.7,233,120,18.5,75.5,1.112
STN-01,09-04-2021 09:00,2.3,,118,20.8,66.4,
STN-01,09-04-2021 10:00,1.7,203,115,23.9,57.4,1.0548
STN-01,09-04-2021 11:00,2,181,115,25.4,,1.06
STN-01,09-04-2021 12:00,0.2,1,74,26.7,47.3,1.0048
STN-01,09-04-2021 13:00,0,1,63,26.2,48.6,1.0039
STN-01,09-04-2021 14:00,0.1,1,59,26.2,50,1.0095
STN-01,09-04-2021 15:00,0.1,1,70,25.5,55.8,1.0658
STN-01,09-04-2021 16:00,0,1,66,25,50.5,0.9772
STN-01,09-04-2021 17:00,0.6,1,76,23.4,53.4,
STN-01,09-04-2021 18:00,2.1,1,84,22.9,64,1.0937
STN-01,09-04-2021 19:00,2.8,70,94,22.1,70.2,1.1569
STN-01,09-04-2021 20:00,,116,99,21.3,78.3,1.2301
STN-01,09-04-2021 21:00,2.5,48,95,19,78.9,1.1258
STN-01,09-04-2021 22:00,2.1,1,74,17.4,83.4,1.1037
STN-01,09-04-2021 23:00,1.6,1,68,18.2,79.2,1.105
STN-01,10-04-2021 00:00,2,1,80,15.9,80.4,1.0832
STN-01,10-04-2021 01:00,1.5,1,63,15.8,72.9,0.9991
STN-01,10-04-2021 02:00,0.7,1,48,15.6,67.4,0.9407
STN-01,10-04-2021 03:00,-3.025581379,1,53,16,71,0.9847
STN-01,10-04-2021 04:00,0.9,1,54,15.6,72.5,0.9921
STN-01,10-04-2021 05:00,0.3,1,41,14.7,69.2,0.921
STN-01,10-04-2021 06:00,0,1,59,13.9,73.3,0.9535
STN-01,10-04-2021 07:00,0.9,34,91,,66.6,0.9251
STN-01,10-04-2021 08:00,1.3,173,109,14.7,62.1,0.8652
STN-01,10-04-2021 09:00,1.8,186,111,13.3,67.8,0.9258
STN-01,10-04-2021 10:00,1.3,123,95,17.1,58.5,0.9056
STN-01,10-04-2021 11:00,0.8,157,89,18.5,53.7,0.8237
STN-01,10-04-2021 12:00,1.5,164,74,19.6,51.1,0.8544
STN-01,10-04-2021 13:00,2.4,241,78,19.5,46.5,0.7835
STN-01,10-04-2021 14:00,2.4,250,71,20.8,37.6,0.6908
STN-01,10-04-2021 15:00,1.5,153,64,22.2,31.9,0.6743
STN-01,10-04-2021 16:00,1.3,126,68,21.3,32.2,0.6622
STN-01,10-04-2021 17:00,2.6,248,100,20.3,39.8,0.7113
STN-01,10-04-2021 18:00,3.9,350,121,17.2,47.9,0.7182
STN-01,10-04-2021 19:00,4.4,368,133,16.5,49.2,0.7613
STN-01,10-04-2021 20:00,3.6,259,112,17.2,54.2,0.8743
STN-01,10-04-2021 21:00,2.4,243,120,15.9,50,0.7559
STN-01,10-04-2021 22:00,1.6,,125,14.9,47.5,0.7016
STN-01,10-04-2021 23:00,1,174,118,,46.5,0.6836
STN-01,11-04-2021 00:00,1.4,177,119,15.3,46.1,0.7
STN-01,11-04-2021 01:00,1,170,112,15.4,44,0.6723
STN-01,11-04-2021 02:00,0,42,71,15.7,44.2,0.6694
STN-01,11-04-2021 03:00,0,1,50,18.3,43.2,0.7653
STN-01,11-04-2021 04:00,0,1,5,17,46.1,0.7349
STN-01,11-04-2021 05:00,0,1,13,15.4,45.3,
STN-01,11-04-2021 06:00,0,1,29,15.3,45.8,0.635
STN-01,11-04-2021 07:00,0.2,1,46,14.9,47.8,0.6355
STN-01,11-04-2021 08:00,2.3,169,94,16.2,45.8,
STN-01,11-04-2021 09:00,1.5,111,92,18.2,37.5,0.639
STN-01,11-04-2021 10:00,1.3,,,18.7,28.1,0.5227
STN-01,11-04-2021 11:00,1.4,13,111,22.3,24.2,0.5605
STN-01,11-04-2021 12:00,1.2,1,116,24.7,20.7,0.5683
STN-01,11-04-2021 13:00,0.4,1,83,23.9,20.5,0.5602
STN-01,11-04-2021 14:00,0.8,1,75,23.5,23.2,0.5609
STN-01,11-04-2021 15:00,0,1,,24.5,22.3,0.5807
STN-01,11-04-2021 16:00,1,1,82,25.1,16.1,0.5031
STN-01,11-04-2021 17:00,1.6,1,80,24.8,21.7,0.581
STN-01,11-04-2021 18:00,2.9,77,110,24.2,28.2,0.6202
STN-01,11-04-2021 19:00,3.2,113,113,23,33.7,0.6562
STN-01,11-04-2021 20:00,3.1,184,134,20.7,35.9,0.6238
STN-01,11-04-2021 21:00,2.2,137,126,18.6,38.6,0.5564
STN-01,11-04-2021 22:00,1.9,1,89,18.2,40.8,0.565
STN-01,11-04-2021 23:00,2.3,45,94,18.5,43.4,0.6125
STN-01,12-04-2021 00:00,2.4,75,110,18.8,,0.6802
STN-01,12-04-2021 01:00,2.4,78,119,17.6,52.5,0.7082
STN-01,12-04-2021 02:00,1.4,2,99,18.1,45.4,0.6614
STN-01,12-04-2021 03:00,1.1,71,101,16.8,54.6,0.7365
STN-01,12-04-2021 04:00,1.4,43,65,17.2,53.1,0.7379
STN-01,12-04-2021 05:00,1.1,11,52,15.2,55.6,0.6809
STN-01,12-04-2021 06:00,2.4,186,84,14.7,60.2,0.6862
STN-01,12-04-2021 07:00,2.7,251,103,15.1,,0.7272
STN-01,12-04-2021 08:00,3.4,263,107,17.1,61.5,0.7993
STN-01,12-04-2021 09:00,2.7,167,111,19.5,51.1,0.7607
STN-01,12-04-2021 10:00,2.1,71,97,21.3,45.5,
STN-01,12-04-2021 11:00,1.2,1,70,22.1,45.8,0.6944
STN-01,12-04-2021 12:00,1.5,17,78,24,40.3,0.6823
STN-01,12-04-2021 13:00,-2.07571238,70,90,25,32.8,0.5959
STN-01,12-04-2021 14:00,3.054568458,1,67,25.6,30.6,0.5685
STN-01,12-04-2021 15:00,-0.64450522,84,93,25.8,29.2,0.522
STN-01,12-04-2021 16:00,2,80,98,24.7,,0.4926
STN-01,12-04-2021 17:00,2.3,84,95,23.1,36.7,0.5311
STN-01,12-04-2021 18:00,2.6,144,109,21.8,37.4,0.5441
STN-01,12-04-2021 19:00,3.1,186,124,19.7,38.3,0.5085
STN-01,12-04-2021 20:00,3.8,246,138,19.6,40.9,0.5366
STN-01,12-04-2021 21:00,2.4,118,118,20.1,40.5,0.5318
STN-01,12-04-2021 22:00,0.9,1,99,19,43.5,0.4999
STN-01,12-04-2021 23:00,0.3,1,63,18.1,45.7,
STN-01,13-04-2021 00:00,0.8,1,67,18.6,42.8,0.5186
STN-01,13-04-2021 01:00,1.4,26,,17.9,43.5,0.4741
STN-02,01-01-2021 00:00,3.5,329,98,5.6,37.4,0.2758
STN-02,01-01-2021 01:00,2.6,307,96,4,42.8,0.295
STN-02,01-01-2021 02:00,2.1,301,79,3.7,52.7,0.3697
STN-02,01-01-2021 03:00,0,126,36,2.5,54.2,0.3598
STN-02,01-01-2021 04:00,0.3,114,48,3.4,51.8,
STN-02,01-01-2021 05:00,0.5,123,55,4.8,52.4,0.4397
STN-02,01-01-2021 06:00,0.5,27,71,5.3,53.3,0.4627
STN-02,01-01-2021 07:00,1.6,202,113,3.8,53.2,0.3616
STN-02,01-01-2021 08:00,3.3,382,166,5.2,48.7,0.3513
STN-02,01-01-2021 09:00,4.3,454,196,6.9,43.3,0.3628
STN-02,01-01-2021 10:00,4,496,212,7.8,38.2,0.3204
STN-02,01-01-2021 11:00,3.2,346,166,10.4,32.8,0.3474
STN-02,01-01-2021 12:00,3,328,147,11.2,28.8,0.2859
STN-02,01-01-2021 13:00,2.7,357,143,10.8,33.3,0.2772
STN-02,01-01-2021 14:00,2.4,416,156,11.7,30.9,0.2615
STN-02,01-01-2021 15:00,1.9,361,151,10.8,34.4,0.2828
STN-02,01-01-2021 16:00,2.5,,144,9.7,41.9,0.3769
STN-02,01-01-2021 17:00,3,412,181,7.7,48,0.3854
STN-02,01-01-2021 18:00,3.6,346,169,5.5,50.9,0.3748
STN-02,01-01-2021 19:00,4.6,462,181,3.3,,0.2906
STN-02,01-01-2021 20:00,4.2,376,156,1.6,58.9,0.3604
STN-02,01-01-2021 21:00,2.8,285,140,-0.3,59.5,0.331
STN-02,01-01-2021 22:00,1.5,225,,-1.5,64.6,0.3549
STN-02,01-01-2021 23:00,1.5,253,116,-0.9,63.1,0.3176
STN-02,02-01-2021 00:00,1.9,247,129,-1.2,65.5,0.3259
STN-02,02-01-2021 01:00,2.3,258,141,-1.6,64.9,0.3036
STN-02,02-01-2021 02:00,2.4,185,103,-1,69.2,0.3775
STN-02,02-01-2021 03:00,1,86,104,-1.2,69.2,0.3609
STN-02,02-01-2021 04:00,0.8,45,99,-3,73.5,0.3328
STN-02,02-01-2021 05:00,1.1,84,104,-4.9,81.7,0.3526
STN-02,02-01-2021 06:00,1.4,141,131,-4.8,76.9,0.2946
STN-02,02-01-2021 07:00,1.9,234,154,-5.2,73.9,0.2179
STN-02,02-01-2021 08:00,3.5,380,206,-4.8,67.4,0.138
STN-02,02-01-2021 09:00,4.6,463,208,-2.6,60.9,0.1301
STN-02,02-01-2021 10:00,4,393,200,0.4,49.5,0.0726
STN-02,02-01-2021 11:00,3.8,316,184,3.3,42.4,0.0692
STN-02,02-01-2021 12:00,,308,185,3.1,42.4,0.0529
STN-02,02-01-2021 13:00,3.1,310,158,2.7,44.1,0.05
STN-02,02-01-2021 14:00,3.4,423,185,3.7,42.3,0.05
STN-02,02-01-2021 15:00,2.4,328,149,4.2,41.8,0.05
STN-02,02-01-2021 16:00,2.2,355,156,4.3,44.9,0.05
STN-02,02-01-2021 17:00,3.3,391,169,3.2,47.7,0.05
STN-02,02-01-2021 18:00,3.2,365,173,3.5,47.3,0.1113
STN-02,02-01-2021 19:00,4.3,475,215,2.7,50.8,0.1243
STN-02,02-01-2021 20:00,4.2,486,226,3.5,54,0.2256
STN-02,02-01-2021 21:00,3.3,387,215,2.8,57.5,0.2497
STN-02,02-01-2021 22:00,3.4,424,,1.9,59.2,0.2543
STN-02,02-01-2021 23:00,3.3,389,185,1.3,54.1,0.2002
STN-02,03-01-2021 00:00,1.7,245,159,2.1,56.2,0.2604
STN-02,03-01-2021 01:00,1.7,186,151,3,48.6,0.1903
STN-02,03-01-2021 02:00,2.4,276,,1.4,52.4,0.145
STN-02,03-01-2021 03:00,2,270,147,2.3,50.9,0.1482
STN-02,03-01-2021 04:00,0.9,208,139,0.9,55.8,0.1461
STN-02,03-01-2021 05:00,0.4,223,136,-0.6,,0.1121
STN-02,03-01-2021 06:00,0.3,237,151,-2.6,55.9,0.05
STN-02,03-01-2021 07:00,0.3,313,167,-1.9,54.4,0.05
STN-02,03-01-2021 08:00,2.1,540,215,-2.7,52,0.05
STN-02,03-01-2021 09:00,1.7,504,202,-1.9,49.4,0.05
STN-02,03-01-2021 10:00,2,590,220,0.2,45.8,0.05
STN-02,03-01-2021 11:00,1.5,506,202,1.9,47.6,0.05
STN-02,03-01-2021 12:00,2.3,426,190,3.5,45.2,0.05
STN-02,03-01-2021 13:00,2.5,476,189,4.2,43.4,0.05
STN-02,03-01-2021 14:00,,400,182,4.5,42.3,0.05
STN-02,03-01-2021 15:00,2.3,521,196,6.6,44.5,0.1342
STN-02,03-01-2021 16:00,2.1,440,187,5.7,42.8,0.0606
STN-02,03-01-2021 17:00,3,467,,5,,0.074
STN-02,03-01-2021 18:00,4.1,533,225,3.1,,0.05
STN-02,03-01-2021 19:00,4.1,514,242,1.4,49.1,0.05
STN-02,03-01-2021 20:00,3.4,555,241,0.6,54.3,0.0675
STN-02,03-01-2021 21:00,2.4,476,227,3,57,0.158
STN-02,03-01-2021 22:00,2.1,414,209,1.9,56.4,0.1246
STN-02,03-01-2021 23:00,1.4,362,193,1.2,62.6,0.1817
STN-02,04-01-2021 00:00,1.7,420,194,0.9,68.4,0.1988
STN-02,04-01-2021 01:00,1.7,419,176,2.7,72.8,0.301
STN-02,04-01-2021 02:00,1.1,312,159,2.7,74.3,0.2869
STN-02,04-01-2021 03:00,0.4,270,160,1.1,71.6,0.1989
STN-02,04-01-2021 04:00,0.2,182,148,2.2,69.1,
STN-02,04-01-2021 05:00,0,129,,1.8,66.2,0.1326
STN-02,04-01-2021 06:00,0,192,162,0.9,68.7,0.133
STN-02,04-01-2021 07:00,1.3,439,217,0.9,58.9,0.0619
STN-02,04-01-2021 08:00,3,662,246,1.8,61.7,0.1293
STN-02,04-01-2021 09:00,2.9,648,243,3.3,62.5,0.1948
STN-02,04-01-2021 10:00,3,629,231,5.3,61.2,0.2329
STN-02,04-01-2021 11:00,3,612,239,4.7,56.1,0.1141
STN-02,04-01-2021 12:00,2.9,576,217,6.2,53.1,0.1325
STN-02,04-01-2021 13:00,2,415,171,7.1,56.3,0.1842
STN-02,04-01-2021 14:00,1.9,441,178,8,49.5,0.1291
STN-02,04-01-2021 15:00,2.4,526,196,7.8,,0.0529
STN-02,04-01-2021 16:00,2.8,542,189,8.2,49.8,0.134
STN-02,04-01-2021 17:00,3,532,,8.2,52,0.1685
STN-02,04-01-2021 18:00,3.9,491,182,5.9,57.9,0.2066
STN-02,04-01-2021 19:00,4.1,464,175,4,57.5,0.1789
STN-02,04-01-2021 20:00,4.1,437,171,4.3,56.1,0.1952
STN-02,04-01-2021 21:00,2.3,268,144,2.8,55.7,0.1787
STN-02,04-01-2021 22:00,1.8,136,119,2.3,62.3,0.2478
STN-02,04-01-2021 23:00,1.2,2,88,2.8,62.7,0.2818
STN-02,05-01-2021 00:00,1.4,46,103,3.4,61,0.3043
STN-02,05-01-2021 01:00,2.2,99,111,3.6,,0.2721
STN-02,05-01-2021 02:00,1.2,85,107,2.1,67.7,0.2917
STN-02,05-01-2021 03:00,0.7,35,113,3.1,66.8,0.323
STN-02,05-01-2021 04:00,0,1,64,1.5,69.4,0.3405
STN-02,05-01-2021 05:00,0,1,53,1.8,68.4,0.3189
STN-02,05-01-2021 06:00,0,1,55,3.5,70.3,0.401
STN-02,05-01-2021 07:00,0.7,23,85,5.1,63.5,0.4136
STN-02,05-01-2021 08:00,1.7,266,136,7.8,60.3,0.4457
STN-02,05-01-2021 09:00,3,402,157,9.7,62.9,0.5733
STN-02,05-01-2021 10:00,1.4,282,137,11.4,56.6,0.551
STN-02,05-01-2021 11:00,,363,159,14.4,52.8,0.5874
STN-02,05-01-2021 12:00,3.1,392,157,15.4,47.9,0.545
STN-02,05-01-2021 13:00,3,313,144,14.9,49.9,0.5467
STN-02,05-01-2021 14:00,2.1,188,115,15.1,47.3,0.5464
STN-02,05-01-2021 15:00,1.7,183,122,16.1,51.7,0.6329
STN-02,05-01-2021 16:00,2.4,290,143,15.5,58.2,0.6804
STN-02,05-01-2021 17:00,2.2,274,152,15.1,63.5,0.7404
STN-02,05-01-2021 18:00,2.7,290,141,13.1,67.6,0.7617
STN-02,05-01-2021 19:00,2.3,242,124,10.3,68.9,0.7581
STN-02,05-01-2021 20:00,2.6,180,129,10.9,69.4,0.7771
STN-02,05-01-2021 21:00,2,122,127,8.9,71.2,0.7494
STN-02,05-01-2021 22:00,1.3,75,110,8.1,74.3,0.7667
STN-02,05-01-2021 23:00,2.5,224,132,7.5,75.5,0.7545
STN-02,06-01-2021 00:00,2,129,110,7,75.4,0.7698
STN-02,06-01-2021 01:00,1.1,1,77,5.1,80.8,0.748
STN-02,06-01-2021 02:00,0.2,1,56,5,81.3,0.7467
STN-02,06-01-2021 03:00,0.4,1,71,5.2,81.6,0.7847
STN-02,06-01-2021 04:00,0.3,1,46,3.7,,0.6489
STN-02,06-01-2021 05:00,1.4,110,85,4.1,71.2,0.6182
STN-02,06-01-2021 06:00,0.8,56,78,4.1,69.6,0.6194
STN-02,06-01-2021 07:00,1.6,,110,5,68.7,0.6318
STN-02,06-01-2021 08:00,2.3,324,134,6.7,58.9,0.611
STN-02,06-01-2021 09:00,2.5,299,142,8.1,55.9,0.6306
STN-02,06-01-2021 10:00,2.6,303,142,11.3,46.4,0.6281
STN-02,06-01-2021 11:00,3,283,134,12.5,47.2,0.655
STN-02,06-01-2021 12:00,3,245,128,14.9,38.2,0.65
STN-02,06-01-2021 13:00,3.3,286,126,14.6,34.8,0.586
STN-02,06-01-2021 14:00,2.7,241,107,15.4,32.2,0.5687
STN-02,06-01-2021 15:00,3,288,122,18.1,33.4,0.6659
STN-02,06-01-2021 16:00,3.4,289,122,18.7,35.2,0.7226
STN-02,06-01-2021 17:00,3.9,372,164,18.1,37.9,0.7603
STN-02,06-01-2021 18:00,4.2,389,172,17.7,36.7,0.7928
STN-02,06-01-2021 19:00,3.9,403,183,15.7,38,0.7711
STN-02,06-01-2021 20:00,3.5,354,185,13.5,42.9,0.7391
STN-02,06-01-2021 21:00,2.4,314,172,11.3,43.8,0.6781
STN-02,06-01-2021 22:00,2.5,335,160,11.5,46.4,0.696
STN-02,06-01-2021 23:00,2.5,304,168,12.3,44.5,0.7164
STN-02,07-01-2021 00:00,2.3,362,183,11.8,49.2,0.7126
STN-02,07-01-2021 01:00,1.9,299,155,13.7,50.4,0.8504
STN-02,07-01-2021 02:00,1.3,125,107,12.8,51,0.8286
STN-02,07-01-2021 03:00,1.4,130,103,12.4,54.3,0.8324
STN-02,07-01-2021 04:00,1.7,128,98,11.4,57.6,0.8195
STN-02,07-01-2021 05:00,1.9,90,102,10.7,64.2,0.8548
STN-02,07-01-2021 06:00,3.1,280,141,11.5,67.6,0.9346
STN-02,07-01-2021 07:00,3.4,355,150,11.8,68.2,0.9529
STN-02,07-01-2021 08:00,4.4,477,179,12.2,67.7,0.987
STN-02,07-01-2021 09:00,5.1,638,207,13,61.1,0.9134
STN-02,07-01-2021 10:00,3.9,553,186,16.1,,0.9605
STN-02,07-01-2021 11:00,4.8,641,200,20.3,49.6,0.9355
STN-02,07-01-2021 12:00,4,572,195,20.2,49.7,0.8954
STN-02,07-01-2021 13:00,4,531,176,20.5,43.4,0.835
STN-02,07-01-2021 14:00,3.2,409,163,18.5,39,0.7457
STN-02,07-01-2021 15:00,3.1,341,156,19.6,37.3,0.765
STN-02,07-01-2021 16:00,3.5,417,181,19.8,37.4,0.7372
STN-02,07-01-2021 17:00,3,,175,19.6,42.8,0.7808
STN-02,07-01-2021 18:00,4.3,388,165,19.4,47.9,0.8704
STN-02,07-01-2021 19:00,4.6,441,179,17.2,55.2,0.8673
STN-02,07-01-2021 20:00,5.1,526,189,16.3,63.7,0.9758
STN-02,07-01-2021 21:00,3.1,386,157,15.7,72.2,1.0328
STN-02,07-01-2021 22:00,2.2,241,123,16.3,71.2,1.0432
STN-02,07-01-2021 23:00,10.78930334,40,88,15.4,67.9,0.9705
STN-02,08-01-2021 00:00,1.1,83,96,13.7,75,1.0009
STN-02,08-01-2021 01:00,1.2,37,97,13.8,72,0.9637
STN-02,08-01-2021 02:00,0.6,1,73,12.4,68.9,0.8862
STN-02,08-01-2021 03:00,0.4,1,72,11.8,68.8,0.8838
STN-02,08-01-2021 04:00,0.4,1,82,9.5,69.8,0.7946
STN-02,08-01-2021 05:00,1.5,160,109,11.2,74.3,0.89
STN-02,08-01-2021 06:00,1.6,278,133,11.6,74.8,0.9298
STN-02,08-01-2021 07:00,1.9,382,150,12.6,71.6,0.9435
STN-02,08-01-2021 08:00,2.9,506,169,13,69.8,0.9447
STN-02,08-01-2021 09:00,1.9,1832.968469,174,14.8,62.9,0.9361
STN-02,08-01-2021 10:00,1.5,410,171,18.4,51.6,0.9202
STN-02,08-01-2021 11:00,0.4,287,156,19.5,46.2,0.8939
STN-02,08-01-2021 12:00,0.6,281,151,20,41.8,0.8669
STN-02,08-01-2021 13:00,0.4,314,162,19.6,41.4,0.8153
STN-02,08-01-2021 14:00,0,126,130,20.2,39.7,0.7905
STN-02,08-01-2021 15:00,0,90,131,18.8,,0.7635
STN-02,08-01-2021 16:00,0,1,101,19.1,38.2,0.7347
STN-02,08-01-2021 17:00,0,1,125,17.2,39.7,0.6836
STN-02,08-01-2021 18:00,0,1,123,14.7,48.5,0.6943
STN-02,08-01-2021 19:00,0.4,76,125,14.4,53.9,0.7422
STN-02,08-01-2021 20:00,0.3,39,119,14.1,54.3,0.766
STN-02,08-01-2021 21:00,0,1,102,13.3,57.4,0.7945
STN-02,08-01-2021 22:00,0,1,67,12.4,58.1,0.7336
STN-02,08-01-2021 23:00,0,1,73,10.8,64.7,0.7619
STN-02,09-01-2021 00:00,0,1,79,11.2,58.3,0.6936
STN-02,09-01-2021 01:00,0,1,60,10.9,58.4,0.6536
STN-02,09-01-2021 02:00,0,1,61,9,60.2,0.62
STN-02,09-01-2021 03:00,0,1,54,8.3,60.4,0.6137
STN-02,09-01-2021 04:00,0,1,19,4.8,65.4,0.5512
STN-02,09-01-2021 05:00,0,1,42,4.3,67.9,0.5436
STN-02,09-01-2021 06:00,0,1,39,3.2,73,0.5615
STN-02,09-01-2021 07:00,0,1,58,2,71.3,0.5205
STN-02,09-01-2021 08:00,0,1,78,3.2,69,0.5283
STN-02,09-01-2021 09:00,0,1,74,6.3,63.8,0.5663
STN-02,09-01-2021 10:00,0,1,93,9.3,,0.6034
STN-02,09-01-2021 11:00,0,1,115,12.3,48.1,0.5669
STN-02,09-01-2021 12:00,0.5,55,132,13.4,47.9,
STN-02,09-01-2021 13:00,0.5,12,127,,39.8,0.4756
STN-02,09-01-2021 14:00,1.1,75,152,12,46,0.4722
STN-02,09-01-2021 15:00,1,73,138,12.4,43.4,
STN-02,09-01-2021 16:00,1.5,70,121,12.9,44.5,0.4735
STN-02,09-01-2021 17:00,1.6,125,142,11.5,48.3,0.5093
STN-02,09-01-2021 18:00,2.7,243,167,8.1,54.7,0.4905
STN-02,09-01-2021 19:00,3.3,213,165,6.1,58.3,0.4842
STN-02,09-01-2021 20:00,3.9,,184,5.8,61.1,0.5361
STN-02,09-01-2021 21:00,2.1,189,150,4.7,57.4,0.433
STN-02,09-01-2021 22:00,2.3,246,167,5.7,51.4,0.3857
STN-02,09-01-2021 23:00,3,341,170,6.4,57.3,0.481
STN-02,10-01-2021 00:00,3.2,,185,4.7,60.5,0.4401
STN-02,10-01-2021 01:00,,280,150,4.2,63.1,0.4239
STN-02,10-01-2021 02:00,1.4,251,116,4.4,,0.3807
STN-02,10-01-2021 03:00,1.2,261,150,2.9,63.5,0.3699
STN-02,10-01-2021 04:00,1.6,270,137,1.7,65.4,0.3499
STN-02,10-01-2021 05:00,1.5,204,135,2.8,69.1,0.4409
STN-02,10-01-2021 06:00,0.8,165,130,1.3,71.9,0.4099
STN-02,10-01-2021 07:00,2.9,356,167,4.3,64.8,0.4429
STN-02,10-01-2021 08:00,3.4,439,185,5.9,57.8,0.4039
STN-02,10-01-2021 09:00,3.1,360,178,8.4,50.3,0.4178
STN-02,10-01-2021 10:00,3.1,405,,11.8,46.5,0.487
STN-02,10-01-2021 11:00,2.5,344,183,13.2,45.3,0.4744
STN-02,10-01-2021 12:00,2.1,314,166,14,39.9,0.442
STN-02,10-01-2021 13:00,1.3,177,128,45.60925434,43,0.4641
STN-02,10-01-2021 14:00,1.2,141,111,25.0587813,43.5,0.4137
STN-02,10-01-2021 15:00,1.3,161,115,13.04090022,42.5,0.3518
STN-02,10-01-2021 16:00,1.5,217,113,4.891223748,50.7,0.4326
STN-02,10-01-2021 17:00,2.7,410,144,10.4,49.3,0.3622
STN-02,10-01-2021 18:00,2.9,432,155,8.7,60.5,0.459
STN-02,10-01-2021 19:00,3,425,144,7.1,65.8,0.5121
STN-02,10-01-2021 20:00,2,322,128,6.1,60.4,0.4439
STN-02,10-01-2021 21:00,1.3,339,150,6.1,57.2,0.3904
STN-02,10-01-2021 22:00,0.6,278,125,4.8,57,0.3261
STN-02,10-01-2021 23:00,0.6,250,127,3.6,,0.3068
STN-02,11-01-2021 00:00,,-2.822435086,102,4,63.6,0.395
STN-02,11-01-2021 01:00,0.8,182,94,3.3,63.9,0.3565
STN-02,11-01-2021 02:00,0,42,46,1.8,64.1,0.3215
STN-02,11-01-2021 03:00,0,29,70,2.5,61.8,0.3131
STN-02,11-01-2021 04:00,0,67,55,1.5,59.9,0.2362
STN-02,11-01-2021 05:00,0,102,52,0.2,64.7,
STN-02,11-01-2021 06:00,0,46,56,-0.5,58.9,0.1095
STN-02,11-01-2021 07:00,0,103,62,-0.6,59.7,0.1167
STN-02,11-01-2021 08:00,0.4,169,73,-0.3,52.8,0.05
STN-02,11-01-2021 09:00,1,224,95,1.4,48.1,0.0555
STN-02,11-01-2021 10:00,0.8,240,87,5.8,38,0.0744
STN-02,11-01-2021 11:00,1.3,223,86,8.2,32.3,0.0595
STN-02,11-01-2021 12:00,0.4,145,79,9.5,32.2,0.05
STN-02,11-01-2021 13:00,0.5,83,76,8,,0.05
STN-02,11-01-2021 14:00,1.3,198,111,6.8,38.9,0.05
STN-02,11-01-2021 15:00,1.2,129,102,5.7,42.9,0.05
STN-02,11-01-2021 16:00,0.8,,82,5,39.5,0.05
STN-02,11-01-2021 17:00,1.1,123,103,5.1,35.1,0.05
STN-02,11-01-2021 18:00,2.2,250,130,5.2,38,0.05
STN-02,11-01-2021 19:00,2.8,223,142,4,38.8,0.05
STN-02,11-01-2021 20:00,2.4,,145,1.6,47.9,0.05
STN-02,11-01-2021 21:00,2.5,429,162,0.2,59,0.05
STN-02,11-01-2021 22:00,1.1,257,133,-0.8,63.9,0.05
STN-02,11-01-2021 23:00,0.6,224,136,-1,63.7,0.05
STN-02,12-01-2021 00:00,0.7,174,126,-1.7,60,0.05
STN-02,12-01-2021 01:00,1,204,114,-2.2,62.2,0.05
STN-02,12-01-2021 02:00,2,,139,-2,60.3,0.05
STN-02,12-01-2021 03:00,0.8,178,130,-3,57.1,0.05
STN-02,12-01-2021 04:00,1.5,196,119,,60.1,0.05
STN-02,12-01-2021 05:00,1.3,,145,-3,63,0.05
STN-02,12-01-2021 06:00,1.1,228,158,-3.6,66.7,0.05
STN-02,12-01-2021 07:00,1.8,310,162,-2.2,67,0.05
STN-02,12-01-2021 08:00,2.2,426,175,-1,63.9,0.05
STN-02,12-01-2021 09:00,2.8,549,200,,60.9,0.05
STN-02,12-01-2021 10:00,2.7,610,200,2.5,57.6,0.05
STN-02,12-01-2021 11:00,2.7,634,207,,56.1,0.05
STN-02,12-01-2021 12:00,2,451,176,5.9,50.1,0.05
STN-02,12-01-2021 13:00,2.2,446,173,7.4,50.9,0.05
STN-02,12-01-2021 14:00,2.3,436,168,8.8,47.7,0.0513
STN-02,12-01-2021 15:00,1.6,364,181,9.6,45.1,0.0589
STN-02,12-01-2021 16:00,1.1,393,179,10.3,45.8,0.448010264
STN-02,12-01-2021 17:00,1.5,474,208,10.9,50.3,0.154580451
STN-02,12-01-2021 18:00,3.1,607,214,9.9,57.5,1.428968175
STN-02,12-01-2021 19:00,3.4,622,207,6.9,65.5,0.2339
STN-02,12-01-2021 20:00,2.3,531,192,5.8,71.2,0.3085
STN-02,12-01-2021 21:00,1.8,452,181,5.4,75.1,0.3621
STN-02,12-01-2021 22:00,0.5,290,147,5.3,76.9,0.3871
STN-02,12-01-2021 23:00,0.1,,142,4.9,75,0.3563
STN-02,13-01-2021 00:00,0.4,209,129,4.5,85.8,0.4928
STN-02,13-01-2021 01:00,0.4,215,115,4.6,89.6,0.5333
STN-02,13-01-2021 02:00,0,108,82,6.1,88.5,0.5322
STN-02,13-01-2021 03:00,0,28,61,5,92.2,0.5616
STN-02,13-01-2021 04:00,0,1,48,5.6,92.1,0.5759
STN-02,13-01-2021 05:00,0,1,,3.2,91.4,
STN-02,13-01-2021 06:00,0,1,46,3.1,92.6,0.484
STN-02,13-01-2021 07:00,0.5,93,77,3.6,87.5,0.4118
STN-02,13-01-2021 08:00,1.4,210,88,4.3,82.2,0.3562
STN-02,13-01-2021 09:00,1.1,235,102,5.7,78.4,0.347
STN-02,13-01-2021 10:00,2.2,381,130,7.8,72.7,0.3227
STN-02,13-01-2021 11:00,2.1,379,138,8.4,64.8,0.2285
STN-02,13-01-2021 12:00,1.9,420,139,8.7,63.1,0.2203
STN-02,13-01-2021 13:00,1.9,358,124,9.4,60.9,0.1966
STN-02,13-01-2021 14:00,1.9,316,129,8.4,59.7,0.1336
STN-02,13-01-2021 15:00,2.7,358,150,8.5,61.1,0.1454
STN-02,13-01-2021 16:00,2.9,409,148,7.5,66.9,0.1872
STN-02,13-01-2021 17:00,3.3,386,160,5.9,68.3,0.1292
STN-02,13-01-2021 18:00,3.7,452,186,4.4,72.4,0.1763
STN-02,13-01-2021 19:00,5.1,544,192,4.1,78.3,0.2383
STN-02,13-01-2021 20:00,4.8,563,199,3.4,80.7,0.2884
STN-02,13-01-2021 21:00,3.2,446,178,2.8,76.7,0.2342
STN-02,13-01-2021 22:00,2,364,154,2.5,77.2,0.2408
STN-02,13-01-2021 23:00,2.4,371,134,2.5,79.2,0.2729
STN-02,14-01-2021 00:00,2.2,397,133,2.6,77.7,0.2285
STN-02,14-01-2021 01:00,2,385,100,2.5,76,0.239
STN-02,14-01-2021 02:00,2,296,95,3.7,74.6,0.2935
STN-02,14-01-2021 03:00,2.5,372,128,2.7,77.8,0.2662
STN-02,14-01-2021 04:00,2.6,374,124,2.7,79.3,0.2739
STN-02,14-01-2021 05:00,,226,80,3.3,81.8,0.2764
STN-02,14-01-2021 06:00,1.5,326,111,2.4,79.8,0.1971
STN-02,14-01-2021 07:00,2.5,,141,3,80.6,0.2373
STN-02,14-01-2021 08:00,3.7,605,173,4.1,78,0.2625
STN-02,14-01-2021 09:00,3.4,688,199,7,74.6,0.3257
STN-02,14-01-2021 10:00,3.1,594,194,9.1,68.6,0.3032
STN-02,14-01-2021 11:00,2,455,173,11.9,64.4,0.335
STN-02,14-01-2021 12:00,1.7,352,154,12.6,65,0.3647
STN-02,14-01-2021 13:00,0.9,200,100,13.2,66.5,0.3913
STN-02,14-01-2021 14:00,2.1,336,121,14.2,67.5,0.4146
STN-02,14-01-2021 15:00,2,339,126,14.3,57.3,0.2979
STN-02,14-01-2021 16:00,2.2,354,133,15.6,58.8,0.3789
STN-02,14-01-2021 17:00,2.2,387,135,15.2,60.5,0.3929
STN-02,14-01-2021 18:00,2.8,399,137,13.8,64,0.4475
STN-02,14-01-2021 19:00,2.6,381,136,11,63.6,0.3565
STN-02,14-01-2021 20:00,2,246,126,10.6,61.8,0.3552
STN-02,14-01-2021 21:00,1.9,229,135,9.3,58,0.2688
STN-02,14-01-2021 22:00,0.9,61,99,8.3,61.7,0.2869
STN-02,14-01-2021 23:00,1.2,76,95,6.8,66.3,0.3029
STN-02,15-01-2021 00:00,1.5,197,109,6.5,67.2,0.2157
STN-02,15-01-2021 01:00,1.2,140,87,6.4,70,0.2488
STN-02,15-01-2021 02:00,1.2,164,77,5.8,72.7,0.2766
STN-02,15-01-2021 03:00,1,153,82,4.1,74.5,0.2618
STN-02,15-01-2021 04:00,0.2,100,53,3.1,75.8,0.2921
STN-02,15-01-2021 05:00,0.5,96,50,2.6,79.9,0.3561
STN-02,15-01-2021 06:00,0.4,144,65,1.3,85.4,0.377
STN-02,15-01-2021 07:00,0.8,183,69,1.5,82.4,0.3493
STN-02,15-01-2021 08:00,2.3,356,104,3.1,72.5,0.2829
STN-02,15-01-2021 09:00,2.3,356,104,3.1,72.5,0.2829
STN-02,15-01-2021 10:00,2.3,400,124,9,60.1,0.3484
STN-02,15-01-2021 11:00,2.5,403,125,12,52.3,0.3276
STN-02,15-01-2021 12:00,2,342,128,14.5,44.3,0.3073
STN-02,15-01-2021 13:00,1.1,215,106,14.7,42.9,0.2634
STN-02,15-01-2021 14:00,1.3,224,109,15.4,39.5,0.2751
STN-02,15-01-2021 15:00,0.9,188,114,16.3,37.4,0.2603
STN-02,15-01-2021 16:00,1.7,245,126,14.7,39.4,0.2159
STN-02,15-01-2021 17:00,2.9,410,174,12.9,42.8,0.1736
STN-02,15-01-2021 18:00,3,401,170,11.6,44.7,0.1641
STN-02,15-01-2021 19:00,2.8,450,199,9.6,48.1,0.1319
STN-02,15-01-2021 20:00,2.9,461,179,8.6,50.6,0.1189
STN-02,15-01-2021 21:00,2.4,388,170,8.7,57.4,0.1861
STN-02,15-01-2021 22:00,2,293,128,9.2,59,0.2083
STN-02,15-01-2021 23:00,2.1,391,146,6.7,63.2,0.1667
STN-02,16-01-2021 00:00,1.7,273,113,6.8,67.5,0.2669
STN-02,16-01-2021 01:00,0.5,164,101,6.6,66.3,0.2443
STN-02,16-01-2021 02:00,0.2,145,82,4.7,73.1,0.2905
STN-02,16-01-2021 03:00,0,122,86,4.7,74.5,0.3115
STN-02,16-01-2021 04:00,0,100,78,4,74.6,0.3098
STN-02,16-01-2021 05:00,0,127,79,4.5,78.7,0.3444
STN-02,16-01-2021 06:00,0,127,79,4.5,78.7,0.3444
STN-02,16-01-2021 07:00,0.8,349,138,3.8,80.7,0.3682
STN-02,16-01-2021 08:00,1.5,429,152,5.9,73.3,0.3239
STN-02,16-01-2021 09:00,1.8,430,176,6.4,71.3,0.3308
STN-02,16-01-2021 10:00,1.6,435,189,9.5,63.7,0.3605
STN-02,16-01-2021 11:00,0.8,350,153,11.3,53.9,0.2982
STN-02,16-01-2021 12:00,0.7,226,123,11.6,55.3,0.3018
STN-02,16-01-2021 13:00,1.1,293,127,11.9,48.4,0.226
STN-02,16-01-2021 14:00,1.3,166,127,11.8,47.4,0.2096
STN-02,16-01-2021 15:00,1.7,302,142,13.7,43.3,0.2042
STN-02,16-01-2021 16:00,2.8,412,,13,44.3,0.2397
STN-02,16-01-2021 17:00,3.3,435,165,12.3,53.7,0.3381
STN-02,16-01-2021 18:00,3.6,432,190,11.5,56.2,0.3226
STN-02,16-01-2021 19:00,3.7,378,198,10.2,58.5,0.3453
STN-02,16-01-2021 20:00,2.4,162,169,10.1,52.5,0.3065
STN-02,16-01-2021 21:00,2,99,144,9.5,53.6,0.3248
STN-02,16-01-2021 22:00,0.6,1,108,9.5,52.7,0.3175
STN-02,16-01-2021 23:00,0,1,99,8.1,52,0.2778
STN-02,17-01-2021 00:00,0,1,92,7.8,52.3,0.2387
STN-02,17-01-2021 01:00,0,1,86,6.4,55.8,0.1992
STN-02,17-01-2021 02:00,0,1,52,7.6,58.9,0.2699
STN-02,17-01-2021 03:00,0.4,13,84,6.8,58.8,0.2071
STN-02,17-01-2021 04:00,0.9,43,92,7.8,57.5,0.2373
STN-02,17-01-2021 05:00,0.9,103,111,6.6,54.6,0.1436
STN-02,17-01-2021 06:00,1.5,264,148,7.2,46.6,0.113
STN-02,17-01-2021 07:00,1.5,315,163,5.9,52,0.1274
STN-02,17-01-2021 08:00,2.2,407,170,7.5,48.9,0.1329
STN-02,17-01-2021 09:00,3.2,519,220,9.4,41.7,0.1052
STN-02,17-01-2021 10:00,2.5,469,228,11.6,37.3,0.1278
STN-02,17-01-2021 11:00,1.7,455,221,15.4,36.1,0.2122
STN-02,17-01-2021 12:00,1.2,295,197,16.7,31.3,0.1772
STN-02,17-01-2021 13:00,0.9,242,187,18.7,27.7,0.1897
STN-02,17-01-2021 14:00,1.8,392,220,18.3,29.8,0.1798
STN-02,17-01-2021 15:00,0.7,277,187,18.9,24,0.1369
STN-02,17-01-2021 16:00,1.7,411,215,19.2,22.3,0.1236
STN-02,17-01-2021 17:00,2.6,555,241,18.9,28.1,0.1734
STN-02,17-01-2021 18:00,3.6,596,245,18,33.5,0.2273
STN-02,17-01-2021 19:00,,607,254,17.1,40.3,0.2819
STN-02,17-01-2021 20:00,4.4,609,256,16.4,44.3,
STN-02,17-01-2021 21:00,3.8,554,250,,48.5,0.3572
STN-02,17-01-2021 22:00,3,512,233,13.7,54.7,0.3945
STN-02,17-01-2021 23:00,2.5,441,199,12.1,59.6,0.3914
STN-02,18-01-2021 00:00,2.5,344,180,12.4,61,0.4201
STN-02,18-01-2021 01:00,2.8,,175,11.5,57,0.3287
STN-02,18-01-2021 02:00,2.5,307,158,12.3,59.4,0.4079
STN-02,18-01-2021 03:00,0.9,263,142,12,63.6,0.473
STN-02,18-01-2021 04:00,0.6,203,108,12.2,70,0.5528
STN-02,18-01-2021 05:00,0.7,169,106,11.6,69,0.5364
STN-02,18-01-2021 06:00,1.2,287,114,11.5,71.6,0.5336
STN-02,18-01-2021 07:00,2,394,139,12.6,68.5,0.5506
STN-02,18-01-2021 08:00,3.2,531,158,14.7,67.5,0.5959
STN-02,18-01-2021 09:00,3.1,478,168,16.2,61.3,0.5586
STN-02,18-01-2021 10:00,2.4,422,179,18.6,55.5,0.5823
STN-02,18-01-2021 11:00,1.8,378,167,20.8,53.6,0.6066
STN-02,18-01-2021 12:00,1.6,345,161,19.3,51.2,0.5315
STN-02,18-01-2021 13:00,1.2,241,152,19.9,49.4,0.5211
STN-02,18-01-2021 14:00,1.5,303,149,20.4,48.6,0.5116
STN-02,18-01-2021 15:00,1.3,265,132,18.6,48.3,0.4765
STN-02,18-01-2021 16:00,1.1,285,129,19.5,44.1,0.4289
STN-02,18-01-2021 17:00,1.8,329,157,18.5,44.8,0.4308
STN-02,18-01-2021 18:00,2.2,306,146,17.2,52.4,0.4821
STN-02,18-01-2021 19:00,2.6,348,154,16.1,53.3,
STN-02,18-01-2021 20:00,2.9,373,160,13.9,59.4,0.4727
STN-02,18-01-2021 21:00,1.7,339,158,15,58.3,0.4864
STN-02,18-01-2021 22:00,0.9,256,142,13.6,62.6,0.4875
STN-02,18-01-2021 23:00,1.1,221,140,13.6,62.2,0.4817
STN-02,19-01-2021 00:00,1.8,288,155,12.9,64.4,0.5104
STN-02,19-01-2021 01:00,2.2,333,148,12,64.1,0.4827
STN-02,19-01-2021 02:00,0.5,207,123,10.3,59.4,0.3817
STN-02,19-01-2021 03:00,0.7,297,146,11.9,57.7,0.4274
STN-02,19-01-2021 04:00,1.7,360,129,11.5,62.8,0.4713
STN-02,19-01-2021 05:00,1,254,116,11.7,63.8,0.4924
STN-02,19-01-2021 06:00,0.5,264,106,10.1,65.1,0.4659
STN-02,19-01-2021 07:00,1.8,439,144,9.8,65.9,0.4707
STN-02,19-01-2021 08:00,4.5,646,208,11.1,64.6,0.4644
STN-02,19-01-2021 09:00,4,588,197,13.6,60.5,0.4949
STN-02,19-01-2021 10:00,3.6,521,175,16.4,53.3,0.4657
STN-02,19-01-2021 11:00,2.5,390,158,17.3,54.6,0.4865
STN-02,19-01-2021 12:00,2.3,309,154,18,51.1,0.4601
STN-02,19-01-2021 13:00,2,221,143,19.5,39.2,0.3928
STN-02,19-01-2021 14:00,2,183,132,19.8,33.6,0.3335
STN-02,19-01-2021 15:00,1.9,224,144,20.1,33.2,0.3291
STN-02,19-01-2021 16:00,1.5,243,166,19.7,29.7,0.2502
STN-02,19-01-2021 17:00,3.5,472,220,18.3,31.8,0.2577
STN-02,19-01-2021 18:00,4.7,614,236,16.3,37,0.2533
STN-02,19-01-2021 19:00,4.2,588,245,15.2,38,0.21
STN-02,19-01-2021 20:00,4.9,661,258,15.4,48.1,0.3755
STN-02,19-01-2021 21:00,2.7,423,215,14.4,57.7,0.4586
STN-02,19-01-2021 22:00,2,391,199,13.8,64.1,0.5105
STN-02,19-01-2021 23:00,1.6,309,185,14.2,67,0.5562
STN-02,20-01-2021 00:00,0.8,226,182,14.2,68.9,0.5429
STN-02,20-01-2021 01:00,1.3,212,174,14.1,68.3,0.529
STN-02,20-01-2021 02:00,1.3,161,154,14.1,71.1,0.5608
STN-02,20-01-2021 03:00,,79,140,12,76.9,0.5473
STN-02,20-01-2021 04:00,1,24,135,10.7,80.5,0.5594
STN-02,20-01-2021 05:00,0.3,1,116,10.6,,0.5256
STN-02,20-01-2021 06:00,0.4,1,107,10.6,78.3,0.5353
STN-02,20-01-2021 07:00,0.9,50,128,10.6,82.5,0.5649
STN-02,20-01-2021 08:00,2.6,318,176,10.7,83.4,0.6067
STN-02,20-01-2021 09:00,2.6,340,169,13.2,75.6,0.5969
STN-02,20-01-2021 10:00,1.8,309,159,16,65,0.5601
STN-02,20-01-2021 11:00,1.7,247,155,17.6,60.3,0.5458
STN-02,20-01-2021 12:00,,369,183,17.3,58.5,0.509
STN-02,20-01-2021 13:00,2.3,296,179,17.4,56.5,0.4928
STN-02,20-01-2021 14:00,1.8,230,136,16.1,58.9,0.5009
STN-02,20-01-2021 15:00,1.1,154,121,16,63.8,0.5756
STN-02,20-01-2021 16:00,1.1,199,137,15,61,0.4703
STN-02,20-01-2021 17:00,2.7,325,164,15.4,66.9,0.5714
STN-02,20-01-2021 18:00,2.8,287,154,12.7,71,0.5623
STN-02,20-01-2021 19:00,1.7,128,131,10.4,69.9,0.5263
STN-02,20-01-2021 20:00,2,190,144,8,77,0.5506
STN-02,20-01-2021 21:00,0.9,79,123,8.3,75.3,0.5485
STN-02,20-01-2021 22:00,0.7,15,99,8.7,76.3,0.5792
STN-02,20-01-2021 23:00,1.3,65,100,8.4,75.4,0.5822
STN-02,21-01-2021 00:00,1.7,72,122,7.5,76.1,0.5812
STN-02,21-01-2021 01:00,1.5,69,110,7.8,69.9,0.5068
STN-02,21-01-2021 02:00,1,,106,6.9,73.5,0.5246
STN-02,21-01-2021 03:00,0.9,146,142,6.6,73.5,0.4968
STN-02,21-01-2021 04:00,0.9,120,121,7.2,75,0.5636
STN-02,21-01-2021 05:00,1.5,221,141,5.6,77.9,0.5731
STN-02,21-01-2021 06:00,1.6,183,145,6.4,76.9,0.6058
STN-02,21-01-2021 07:00,2.6,373,162,6.9,75.7,0.6088
STN-02,21-01-2021 08:00,3.5,418,182,9.6,68.1,0.6341
STN-02,21-01-2021 09:00,4,441,180,11.4,66.2,0.6637
STN-02,21-01-2021 10:00,4.2,519,218,12.6,62.7,0.6423
STN-02,21-01-2021 11:00,,475,219,15.3,,0.5435
STN-02,21-01-2021 12:00,3,424,199,16.1,44,
STN-02,21-01-2021 13:00,2.9,376,177,14.6,50.6,0.5351
STN-02,21-01-2021 14:00,2.4,243,145,15.4,48,0.5148
STN-02,21-01-2021 15:00,2.6,293,148,17,44.3,0.5106
STN-02,21-01-2021 16:00,3.1,366,148,15.6,49.1,0.5332
STN-02,21-01-2021 17:00,3.3,393,163,13.7,49.7,0.4988
STN-02,21-01-2021 18:00,3.3,405,165,12.7,61.3,0.6205
STN-02,21-01-2021 19:00,3.2,362,161,11.8,,0.6044
STN-02,21-01-2021 20:00,3.8,409,169,10.5,64.9,0.592
STN-02,21-01-2021 21:00,2.6,339,143,10.2,69,0.6725
STN-02,21-01-2021 22:00,2.4,309,133,9,71.3,0.6615
STN-02,21-01-2021 23:00,2.7,297,151,7.7,67,0.5398
STN-02,22-01-2021 00:00,3.2,324,156,6,71.1,0.4895
STN-02,22-01-2021 01:00,2.8,306,136,5.4,78.6,0.5172
STN-02,22-01-2021 02:00,2.9,,136,3.6,82.6,0.5167
STN-02,22-01-2021 03:00,2.9,361,149,4.2,88.1,0.6009
STN-02,22-01-2021 04:00,4,404,156,,87.8,0.647
STN-02,22-01-2021 05:00,3.6,400,142,5.6,85.2,0.6222
STN-02,22-01-2021 06:00,2.5,364,142,5,86.6,0.6279
STN-02,22-01-2021 07:00,3.2,475,161,5.3,88.2,0.6789
STN-02,22-01-2021 08:00,,602,193,4.2,85.2,0.6046
STN-02,22-01-2021 09:00,3.4,630,198,6.3,84.3,0.6674
STN-02,22-01-2021 10:00,4,697,227,9.1,71.1,0.5666
STN-02,22-01-2021 11:00,3.4,690,233,10.6,61.2,0.5123
STN-02,22-01-2021 12:00,2.2,548,200,12.2,58.4,0.4994
STN-02,22-01-2021 13:00,2.5,563,,12.3,59.7,0.461
STN-02,22-01-2021 14:00,3.4,566,195,13.9,60.3,0.5035
STN-02,22-01-2021 15:00,3.4,561,194,14.9,60.5,0.5233
STN-02,22-01-2021 16:00,3.4,526,203,14.9,55.8,0.529
STN-02,22-01-2021 17:00,4.2,583,208,14.9,57.1,0.5838
STN-02,22-01-2021 18:00,5.4,667,234,13.9,60.6,0.6306
STN-02,22-01-2021 19:00,,783,261,13.9,60.8,0.6671
STN-02,22-01-2021 20:00,4.9,667,240,12.5,67.1,0.6863
STN-02,22-01-2021 21:00,4.2,612,230,9.8,68.2,0.6543
STN-02,22-01-2021 22:00,3.8,625,221,8.1,72.5,0.6515
STN-02,22-01-2021 23:00,2.8,538,211,7.8,72.9,0.6464
STN-02,23-01-2021 00:00,1.8,393,196,6.5,,0.6328
STN-02,23-01-2021 01:00,1.9,351,186,6.7,74,0.6294
STN-02,23-01-2021 02:00,1.6,224,166,7.9,74.7,0.6996
STN-02,23-01-2021 03:00,2.3,281,168,6.7,80,0.7286
STN-02,23-01-2021 04:00,1.5,187,134,7.5,78,0.7743
STN-02,23-01-2021 05:00,1.1,141,125,6,80.7,0.7189
STN-02,23-01-2021 06:00,0.8,156,113,5.1,83.7,0.7328
STN-02,23-01-2021 07:00,2.1,265,112,6.3,88.6,
STN-02,23-01-2021 08:00,3.5,,153,6.5,90,0.8921
STN-02,23-01-2021 09:00,,450,142,6.9,85.1,0.8076
STN-02,23-01-2021 10:00,1.8,363,126,8.2,75.4,0.719
STN-02,23-01-2021 11:00,,342,128,9.4,73.8,0.7373
STN-02,23-01-2021 12:00,1.3,242,108,11.4,73.9,0.7619
STN-02,23-01-2021 13:00,1.2,229,115,11.1,72.5,0.7424
STN-02,23-01-2021 14:00,1.1,222,108,11,76,0.7782
STN-02,23-01-2021 15:00,0.2,186,99,11.2,72,0.7048
STN-02,23-01-2021 16:00,0.9,145,104,11.7,69.9,0.6778
STN-02,23-01-2021 17:00,2.6,294,162,12,67.3,0.6713
STN-02,23-01-2021 18:00,3.6,410,187,10.8,73.7,0.7662
STN-02,23-01-2021 19:00,4,339,158,8.8,78.2,0.7981
STN-02,23-01-2021 20:00,3.7,399,175,8.7,,0.8032
STN-02,23-01-2021 21:00,2.2,241,133,7.4,76.3,0.7793
STN-02,23-01-2021 22:00,1.1,197,109,8.1,78.2,0.8097
STN-02,23-01-2021 23:00,0.1,158,97,6.9,77.5,0.7546
STN-02,24-01-2021 00:00,1,245,,7.9,83.3,0.841
STN-02,24-01-2021 01:00,1.7,300,104,8.8,,0.9235
STN-02,24-01-2021 02:00,1.6,277,107,8.8,89.3,0.9771
STN-02,24-01-2021 03:00,1.5,327,134,7.3,87.4,0.9235
STN-02,24-01-2021 04:00,0.4,140,77,6.3,90.7,0.9265
STN-02,24-01-2021 05:00,0,15,54,5.2,91,0.8614
STN-02,24-01-2021 06:00,0.5,125,81,4.8,90.9,0.8546
STN-02,24-01-2021 07:00,1.6,197,103,5.5,93.1,0.8801
STN-02,24-01-2021 08:00,2.8,370,,6.1,88.6,0.8517
STN-02,24-01-2021 09:00,2.2,,141,6.5,90,0.8931
STN-02,24-01-2021 10:00,1.7,336,141,10.6,78.1,0.8702
STN-02,24-01-2021 11:00,2.7,406,157,12.6,77.3,0.9118
STN-02,24-01-2021 12:00,2.8,331,155,13.1,79.1,0.95
STN-02,24-01-2021 13:00,1.9,225,129,14.2,76,0.9315
STN-02,24-01-2021 14:00,0.5,120,87,12.5,74.8,0.848
STN-02,24-01-2021 15:00,0.5,187,123,12.6,73.1,0.8234
STN-02,24-01-2021 16:00,0.8,213,128,13.3,66.4,0.7949
STN-02,24-01-2021 17:00,0,26,108,13.9,63.5,0.7918
STN-02,24-01-2021 18:00,0.6,91,135,11.7,67.3,0.7641
STN-02,24-01-2021 19:00,2,220,154,10,76.3,0.8195
STN-02,24-01-2021 20:00,0.9,145,117,7.8,84.2,0.8638
STN-02,24-01-2021 21:00,0.6,118,119,7,85,0.8768
STN-02,24-01-2021 22:00,0.2,39,114,5.3,84.9,0.8167
STN-02,24-01-2021 23:00,1.1,114,110,5.3,89.3,0.8621
STN-02,25-01-2021 00:00,1.1,155,118,4.6,88.3,0.8199
STN-02,25-01-2021 01:00,0,19,89,3.5,86.2,0.7955
STN-02,25-01-2021 02:00,0.4,118,99,3.7,89.1,0.836
STN-02,25-01-2021 03:00,0.2,78,107,3.8,88.1,0.8075
STN-02,25-01-2021 04:00,0,18,70,4.3,86.2,0.809
STN-02,25-01-2021 05:00,0,1,52,1.9,86.6,0.7344
STN-02,25-01-2021 06:00,0,1,74,1.8,83,0.6937
STN-02,25-01-2021 07:00,0,21,96,1,80.8,0.6128
STN-02,25-01-2021 08:00,,128,107,2.8,77.7,0.6345
STN-02,25-01-2021 09:00,2,257,150,4.3,72.4,0.5959
STN-02,25-01-2021 10:00,1,173,134,6.4,68.1,0.5955
STN-02,25-01-2021 11:00,0.9,187,148,8.3,61.3,0.5386
STN-02,25-01-2021 12:00,0,52,119,9.5,54.8,0.4555
STN-02,25-01-2021 13:00,0.5,118,117,,53.2,0.472
STN-02,25-01-2021 14:00,0.5,169,113,10.2,51.9,0.4017
STN-02,25-01-2021 15:00,0.5,114,106,11.5,45,0.3595
STN-02,25-01-2021 16:00,0.4,157,122,11.7,43,0.3379
STN-02,25-01-2021 17:00,1.7,238,147,13,45.8,0.447
STN-02,25-01-2021 18:00,3,339,,11.9,51.5,0.5129
STN-02,25-01-2021 19:00,4,405,185,9.8,59.4,0.5219
STN-02,25-01-2021 20:00,4.6,406,176,8.2,65.8,0.5449
STN-02,25-01-2021 21:00,2.7,363,170,6.4,67.2,0.4765
STN-02,25-01-2021 22:00,2.2,322,158,5.4,63.8,0.3737
STN-02,25-01-2021 23:00,1.5,244,163,4.9,58.1,0.2804
STN-02,26-01-2021 00:00,1.3,247,158,4.3,58.7,0.2865
STN-02,26-01-2021 01:00,0.2,213,133,2.5,64.9,0.3191
STN-02,26-01-2021 02:00,0.1,185,125,2.6,64,0.2659
STN-02,26-01-2021 03:00,0.8,328,152,3.2,70.9,0.3461
STN-02,26-01-2021 04:00,1.5,351,126,3.4,72.5,0.3719
STN-02,26-01-2021 05:00,0.8,189,104,3.8,69.7,0.3559
STN-02,26-01-2021 06:00,0.6,156,97,2.2,73,0.3117
STN-02,26-01-2021 07:00,1.2,223,121,2.6,70.8,0.3167
STN-02,26-01-2021 08:00,1.7,327,135,2.8,70.5,0.3163
STN-02,26-01-2021 09:00,1.7,353,148,3.5,69.1,0.3019
STN-02,26-01-2021 10:00,0.3,174,134,5.1,61.4,0.2762
STN-02,26-01-2021 11:00,0,100,125,6.7,62.2,0.3197
STN-02,26-01-2021 12:00,0.3,119,116,7.4,61.7,0.3186
STN-02,26-01-2021 13:00,0,88,97,7.3,63.8,0.3113
STN-02,26-01-2021 14:00,0.1,97,111,7.9,59.4,0.2547
STN-02,26-01-2021 15:00,0,53,121,7.1,54.6,
STN-02,26-01-2021 16:00,0,20,113,6.1,58.3,0.205
STN-02,26-01-2021 17:00,0.4,54,124,6.2,65,0.2977
STN-02,26-01-2021 18:00,1.6,182,175,4.6,63.1,0.2361
STN-02,26-01-2021 19:00,2.2,321,206,2.5,71.6,0.263
STN-02,26-01-2021 20:00,2.2,328,211,1.1,73,0.2462
STN-02,26-01-2021 21:00,0.8,176,182,-1,76.4,0.1977
STN-02,26-01-2021 22:00,1.2,173,176,-1.7,79.6,0.2087
STN-02,26-01-2021 23:00,0.8,100,150,-2.2,82.1,0.2372
STN-02,27-01-2021 00:00,0.6,62,137,-2.6,88.7,0.3038
STN-02,27-01-2021 01:00,0.2,53,119,-1.4,92.7,0.3769
STN-02,27-01-2021 02:00,0,1,109,-2,87.3,0.3045
STN-02,27-01-2021 03:00,0,1,97,-1.1,82.3,0.266
STN-02,27-01-2021 04:00,0,1,109,-1.8,77.2,0.1595
STN-02,27-01-2021 05:00,0,1,67,-2,74.3,0.1046
STN-02,27-01-2021 06:00,0,1,99,-0.5,75.5,0.1749
STN-02,27-01-2021 07:00,0.2,40,123,-0.2,74.5,0.153
STN-02,27-01-2021 08:00,,254,172,0.9,73.5,0.1478
STN-02,27-01-2021 09:00,2.2,248,187,3.5,72.3,0.2282
STN-02,27-01-2021 10:00,2.6,393,224,6.3,67.8,0.2897
STN-02,27-01-2021 11:00,3.1,440,230,8.8,63.3,0.2874
STN-02,27-01-2021 12:00,3.1,,216,10.5,56.7,0.2443
STN-02,27-01-2021 13:00,3.1,364,196,10.5,60.1,0.2982
STN-02,27-01-2021 14:00,3.4,333,175,10.6,58.1,0.276
STN-02,27-01-2021 15:00,3,313,172,12.1,65.8,0.3902
STN-02,27-01-2021 16:00,3.1,412,195,12.7,62.6,0.3479
STN-02,27-01-2021 17:00,3.6,363,201,12.6,61.4,0.3709
STN-02,27-01-2021 18:00,3.2,393,220,11.1,62.3,0.3858
STN-02,27-01-2021 19:00,3.7,402,226,9.3,59.9,0.3548
STN-02,27-01-2021 20:00,2.7,392,216,5.4,64.6,0.2786
STN-02,27-01-2021 21:00,1.4,328,196,4.4,65.6,0.2711
STN-02,27-01-2021 22:00,0.3,148,184,4.7,63.2,0.276
STN-02,27-01-2021 23:00,0.4,156,172,5.8,60.9,0.2822
STN-02,28-01-2021 00:00,1,191,173,5.5,58.7,0.2438
STN-02,28-01-2021 01:00,0.3,141,161,,52.5,0.2275
STN-02,28-01-2021 02:00,0.7,200,159,5.4,60.7,0.289
STN-02,28-01-2021 03:00,0.9,248,160,5.1,61.2,0.2946
STN-02,28-01-2021 04:00,1,203,139,3.6,57.3,0.2351
STN-02,28-01-2021 05:00,0.7,206,135,3,59.6,0.2427
STN-02,28-01-2021 06:00,0.4,193,150,1.7,63.1,0.2572
STN-02,28-01-2021 07:00,2.1,305,178,3.2,64.3,0.3295
STN-02,28-01-2021 08:00,2.8,359,175,5.7,63.4,
STN-02,28-01-2021 09:00,2.2,278,164,7,57.4,0.3897
STN-02,28-01-2021 10:00,2.9,334,197,9.7,49.7,0.3902
STN-02,28-01-2021 11:00,2.5,304,202,12,45.3,0.4044
STN-02,28-01-2021 12:00,1.8,195,167,,50.9,0.4799
STN-02,28-01-2021 13:00,1.1,82,157,13.3,47.4,
STN-02,28-01-2021 14:00,1.2,53,155,13.2,49.9,0.4023
STN-02,28-01-2021 15:00,0.9,31,137,13.5,49.6,0.4155
STN-02,28-01-2021 16:00,0.5,90,116,12,56.5,0.4367
STN-02,28-01-2021 17:00,1,93,124,12.5,57.4,0.4878
STN-02,28-01-2021 18:00,1.4,107,122,10,62.8,0.5031
STN-02,28-01-2021 19:00,2.1,162,141,8.5,72.7,0.5448
STN-02,28-01-2021 20:00,1.9,166,136,,80,0.6158
STN-02,28-01-2021 21:00,1.9,202,157,7,77.3,0.5759
STN-02,28-01-2021 22:00,1.3,131,152,7.5,76.9,0.5914
STN-02,28-01-2021 23:00,2,202,148,8.1,77.4,0.5974
STN-02,29-01-2021 00:00,0.9,183,141,7.3,75.4,0.5822
STN-02,29-01-2021 01:00,0.3,160,138,6.9,78.5,0.5937
STN-02,29-01-2021 02:00,0.4,150,121,6.1,87.8,0.662
STN-02,29-01-2021 03:00,0.8,187,147,4.8,88.1,0.6227
STN-02,29-01-2021 04:00,0,63,97,5.4,85.8,0.6276
STN-02,29-01-2021 05:00,0.3,157,100,5.9,87,0.6558
STN-02,29-01-2021 06:00,0.3,128,80,5.4,86.7,0.643
STN-02,29-01-2021 07:00,1.3,269,109,4.6,88.1,0.6514
STN-02,29-01-2021 08:00,2.2,412,152,5.2,86.9,0.6292
STN-02,29-01-2021 09:00,1.7,384,168,6.4,80.2,0.6298
STN-02,29-01-2021 10:00,2.2,440,189,10.4,71.5,0.6483
STN-02,29-01-2021 11:00,2.3,426,173,11.7,61.5,0.5785
STN-02,29-01-2021 12:00,2.3,442,166,11.7,60.9,0.5662
STN-02,29-01-2021 13:00,2,386,158,11.9,56.6,0.516
STN-02,29-01-2021 14:00,2,427,167,12.4,53.7,0.4866
STN-02,29-01-2021 15:00,1.5,428,153,13.2,54,0.4767
STN-02,29-01-2021 16:00,1.6,426,145,12.7,57.3,0.5061
STN-02,29-01-2021 17:00,1.8,446,174,11.6,54,0.4448
STN-02,29-01-2021 18:00,3.3,516,210,11.2,54.8,0.4627
STN-02,29-01-2021 19:00,3.1,493,205,7.5,64,0.4728
STN-02,29-01-2021 20:00,3.1,510,203,6.9,67.6,0.4811
STN-02,29-01-2021 21:00,1.9,439,162,6.4,73.8,
STN-02,29-01-2021 22:00,0.8,373,150,5.3,70.4,0.4612
STN-02,29-01-2021 23:00,1.2,370,157,5.1,76.8,0.5001
STN-02,30-01-2021 00:00,1.8,391,158,5.9,77.3,0.524
STN-02,30-01-2021 01:00,0.9,264,128,6.1,74.1,0.5324
STN-02,30-01-2021 02:00,0.9,243,126,6.3,73.7,0.4959
STN-02,30-01-2021 03:00,0,181,109,5.3,75.7,0.4621
STN-02,30-01-2021 04:00,0,46,87,4.5,74.5,0.3812
STN-02,30-01-2021 05:00,0,,94,4.3,74.7,0.3906
STN-02,30-01-2021 06:00,0.2,186,117,3.3,74.7,0.3407
STN-02,30-01-2021 07:00,0.4,227,142,4.9,73.3,0.3852
STN-02,30-01-2021 08:00,1.3,287,149,6.5,75,0.4899
STN-02,30-01-2021 09:00,2.1,390,191,8.7,,0.4423
STN-02,30-01-2021 10:00,2.7,437,205,12.3,63,0.4759
STN-02,30-01-2021 11:00,2.3,388,176,14.2,61.5,0.5113
STN-02,30-01-2021 12:00,2.3,373,173,15.2,56.9,0.4744
STN-02,30-01-2021 13:00,2.4,308,166,17.3,54.2,0.4682
STN-02,30-01-2021 14:00,2.1,293,165,17.4,57.6,0.5033
STN-02,30-01-2021 15:00,1.6,206,158,18.5,56.2,0.5037
STN-02,30-01-2021 16:00,1.8,179,152,19.3,58.7,0.5618
STN-02,30-01-2021 17:00,2,235,147,17.1,62.8,0.5733
STN-02,30-01-2021 18:00,3.4,440,180,14.9,65.1,0.5744
STN-02,30-01-2021 19:00,3.9,467,177,14.9,63.6,0.5797
STN-02,30-01-2021 20:00,4.3,559,217,14,64.2,0.5672
STN-02,30-01-2021 21:00,3.3,521,203,13.4,68.3,0.5661
STN-02,30-01-2021 22:00,2.6,348,189,12.7,72.9,0.5969
STN-02,30-01-2021 23:00,2.9,386,193,11.5,78.6,0.6538
STN-02,31-01-2021 00:00,2.8,344,169,10.6,80.3,0.629
STN-02,31-01-2021 01:00,2.2,,174,9.4,79.7,0.5929
STN-02,31-01-2021 02:00,,187,155,8.1,78,0.5463
STN-02,31-01-2021 03:00,1.5,255,155,8.4,82.4,0.6337
STN-02,31-01-2021 04:00,1.9,363,157,8.3,89.8,0.7015
STN-02,31-01-2021 05:00,1.3,300,141,8.2,88,0.6851
STN-02,31-01-2021 06:00,1.9,294,157,7.9,86.2,0.6684
STN-02,31-01-2021 07:00,2.3,305,182,9,81.9,0.6627
STN-02,31-01-2021 08:00,3.4,392,191,10.1,77,0.6251
STN-02,31-01-2021 09:00,2.6,305,187,12.4,72.5,0.6712
STN-02,31-01-2021 10:00,2.6,328,200,14.8,76.7,0.7933
STN-02,31-01-2021 11:00,2.7,329,198,15.5,71.5,0.745
STN-02,31-01-2021 12:00,3.4,428,209,17.6,70.9,0.7864
STN-02,31-01-2021 13:00,3.4,430,210,17.1,63.7,0.6891
STN-02,31-01-2021 14:00,2.8,305,188,16.1,63.7,0.6764
STN-02,31-01-2021 15:00,3.1,315,181,16.9,59.3,0.6564
STN-02,31-01-2021 16:00,3,280,180,18.1,63.1,0.7236
STN-02,31-01-2021 17:00,3,203,197,17.3,58.7,0.6795
STN-02,31-01-2021 18:00,3,104,205,14.4,61.2,0.6558
STN-02,31-01-2021 19:00,4.7,243,,,63.6,0.7003
STN-02,31-01-2021 20:00,4.3,280,214,12.7,67.5,0.7337
STN-02,31-01-2021 21:00,4.1,303,191,12.5,73.6,0.8111
STN-02,31-01-2021 22:00,3.7,286,183,12,78.5,0.8367
STN-02,31-01-2021 23:00,2.3,107,139,13,77.9,0.8937
STN-02,01-02-2021 00:00,2.1,125,165,12.4,74.4,0.8037
STN-02,01-02-2021 01:00,1.4,77,151,11.8,71.6,0.7518
STN-02,01-02-2021 02:00,,1,130,11.8,74.4,0.7711
STN-02,01-02-2021 03:00,0,1,125,10.8,76,0.7603
STN-02,01-02-2021 04:00,0,1,,11.4,72.6,0.7276
STN-02,01-02-2021 05:00,0,,107,10.8,75.3,0.7306
STN-02,01-02-2021 06:00,0,1,131,8.6,72.5,0.5963
STN-02,01-02-2021 07:00,1.7,203,184,10.4,67.6,0.5737
STN-02,01-02-2021 08:00,2.6,371,206,10.4,70.4,0.6273
STN-02,01-02-2021 09:00,2.2,336,212,11.3,66.2,0.6397
STN-02,01-02-2021 10:00,1.2,265,203,12.4,64.5,0.641
STN-02,01-02-2021 11:00,0.7,224,196,14,60.2,0.64
STN-02,01-02-2021 12:00,1.4,280,196,14.9,55.9,
STN-02,01-02-2021 13:00,1.9,254,199,15.6,52.6,0.5781
STN-02,01-02-2021 14:00,1.4,206,176,14.8,52.8,0.5167
STN-02,01-02-2021 15:00,1.1,178,196,14.7,48.4,0.4562
STN-02,01-02-2021 16:00,0.2,159,188,11.7,48.3,0.3606
STN-02,01-02-2021 17:00,1,249,208,11.7,52.8,0.3967
STN-02,01-02-2021 18:00,1.5,232,211,10.3,53.4,0.3816
STN-02,01-02-2021 19:00,2.3,287,232,8.6,61.6,0.4468
STN-02,01-02-2021 20:00,2.1,384,244,5.9,61.9,0.3517
STN-02,01-02-2021 21:00,1.3,319,238,5.1,134.0369352,0.3374
STN-02,01-02-2021 22:00,1.4,260,212,6.2,59.5,0.3772
STN-02,01-02-2021 23:00,1.3,161,200,5.8,63.3,0.4047
STN-02,02-02-2021 00:00,0.9,73,181,5,63.3,0.4014
STN-02,02-02-2021 01:00,0.4,104,184,4.2,60.2,0.3066
STN-02,02-02-2021 02:00,0.9,47,160,6.4,62.5,0.3965
STN-02,02-02-2021 03:00,0.4,71,185,5.8,59.2,0.3096
STN-02,02-02-2021 04:00,0.2,1,172,5.8,57.8,0.3116
STN-02,02-02-2021 05:00,0.3,1,,5.3,61.3,0.2985
STN-02,02-02-2021 06:00,,95,182,5.2,61.3,0.2932
STN-02,02-02-2021 07:00,1.4,186,203,5.5,67.5,0.3495
STN-02,02-02-2021 08:00,1.6,300,224,5.5,62.2,0.2795
STN-02,02-02-2021 09:00,2.5,383,225,6.7,61.7,0.3208
STN-02,02-02-2021 10:00,2,381,231,9.2,57.3,0.3533
STN-02,02-02-2021 11:00,1.6,323,211,11.7,55.7,0.3893
STN-02,02-02-2021 12:00,1.4,292,204,12.8,53.8,0.3523
STN-02,02-02-2021 13:00,1,185,190,13.9,49.4,0.3779
STN-02,02-02-2021 14:00,0.7,133,168,14.4,45.5,0.331
STN-02,02-02-2021 15:00,1,172,176,16.2,39.3,0.3051
STN-02,02-02-2021 16:00,1.6,201,181,16.1,39,0.3157
STN-02,02-02-2021 17:00,1.7,208,183,14.9,44.8,0.3662
STN-02,02-02-2021 18:00,1.7,217,197,13.3,46.1,0.3508
STN-02,02-02-2021 19:00,3.5,376,214,10.5,56.2,0.4042
STN-02,02-02-2021 20:00,3.4,372,224,9.4,55.1,0.3626
STN-02,02-02-2021 21:00,1.4,288,216,7.5,,0.2599
STN-02,02-02-2021 22:00,1.3,260,203,6.9,51.6,0.2246
STN-02,02-02-2021 23:00,0.5,126,185,5.6,52.2,0.1711
STN-02,03-02-2021 00:00,1.5,224,199,5.4,57.8,0.2253
STN-02,03-02-2021 01:00,2,274,211,5.4,62.4,0.2997
STN-02,03-02-2021 02:00,1.1,,198,4.4,64.3,0.3016
STN-02,03-02-2021 03:00,0.6,127,198,3.5,64,0.2682
STN-02,03-02-2021 04:00,2,293,206,3,70.2,0.3072
STN-02,03-02-2021 05:00,2.1,290,216,2.5,69.9,0.294
STN-02,03-02-2021 06:00,2.6,346,228,3.8,76.3,0.3686
STN-02,03-02-2021 07:00,2.4,364,235,5,71.2,0.3321
STN-02,03-02-2021 08:00,3.3,431,270,5.1,67.8,0.305
STN-02,03-02-2021 09:00,4.1,467,282,7.2,68.3,0.4159
STN-02,03-02-2021 10:00,2.6,398,267,9,61.4,0.3918
STN-02,03-02-2021 11:00,2.5,348,257,9.8,64.5,0.451
STN-02,03-02-2021 12:00,2.6,395,271,9.4,64.5,0.4226
STN-02,03-02-2021 13:00,2.5,315,236,10.1,64.3,0.4559
STN-02,03-02-2021 14:00,1.6,215,204,11.7,52.7,0.3983
STN-02,03-02-2021 15:00,1.1,201,186,12.4,57.8,0.4869
STN-02,03-02-2021 16:00,1.6,231,189,12.9,59.1,0.4939
STN-02,03-02-2021 17:00,2.3,262,213,9.8,60.5,0.392
STN-02,03-02-2021 18:00,2.4,261,209,9.4,,0.4312
STN-02,03-02-2021 19:00,3.6,370,230,8.2,64.6,
STN-02,03-02-2021 20:00,3.7,464,235,6.7,70,0.4375
STN-02,03-02-2021 21:00,2.5,,212,6.2,66.1,0.3855
STN-02,03-02-2021 22:00,2.2,,211,6,71.3,0.4028
STN-02,03-02-2021 23:00,1.8,283,170,5.4,72.8,0.4091
STN-02,04-02-2021 00:00,1.4,220,156,4.2,77.2,0.4006
STN-02,04-02-2021 01:00,1,216,153,3,79.2,0.4179
STN-02,04-02-2021 02:00,0.2,127,123,2.2,81.8,0.403
STN-02,04-02-2021 03:00,1.5,190,,3,81.2,0.4437
STN-02,04-02-2021 04:00,1.1,150,127,3,,0.4216
STN-02,04-02-2021 05:00,1.6,202,147,2.8,88.1,0.4669
STN-02,04-02-2021 06:00,1.4,246,167,0.6,98.1,0.5203
STN-02,04-02-2021 07:00,2.5,322,189,2.2,93,0.5214
STN-02,04-02-2021 08:00,3.5,524,224,2.1,89.2,0.4882
STN-02,04-02-2021 09:00,2.7,481,212,3.9,84.8,0.4809
STN-02,04-02-2021 10:00,1.9,439,221,5.4,81.9,0.469
STN-02,04-02-2021 11:00,1.5,482,220,8.6,73.1,0.4298
STN-02,04-02-2021 12:00,1.3,434,209,12.4,62.3,0.3689
STN-02,04-02-2021 13:00,1.5,449,217,13.1,62.4,0.3802
STN-02,04-02-2021 14:00,0.9,345,205,12.1,65,0.3866
STN-02,04-02-2021 15:00,0.7,226,196,14.5,58.8,0.4127
STN-02,04-02-2021 16:00,1.5,302,214,14.4,58.4,0.3921
STN-02,04-02-2021 17:00,1.4,238,213,13.8,58.1,0.3873
STN-02,04-02-2021 18:00,2.6,367,226,11.6,61.9,0.4097
STN-02,04-02-2021 19:00,2.6,297,225,9.7,67.5,0.4396
STN-02,04-02-2021 20:00,1.7,210,205,7.7,70.3,0.4401
STN-02,04-02-2021 21:00,1.3,103,186,8,70.6,0.471
STN-02,04-02-2021 22:00,1.2,57,180,7.8,77.5,0.5436
STN-02,04-02-2021 23:00,1.5,93,190,6.5,81.3,0.5382
STN-02,05-02-2021 00:00,1.4,51,188,4.9,80.7,0.4681
STN-02,05-02-2021 01:00,1.3,12,160,5.3,80.5,0.5156
STN-02,05-02-2021 02:00,0.5,1,142,5.7,84.7,0.567
STN-02,05-02-2021 03:00,0.2,1,168,3.3,88.1,0.4944
STN-02,05-02-2021 04:00,0,1,115,2.2,86.9,0.4812
STN-02,05-02-2021 05:00,0,1,113,2.8,77.5,0.3959
STN-02,05-02-2021 06:00,0,1,127,0.4,72.2,
STN-02,05-02-2021 07:00,0,1,145,1.3,72.2,0.3025
STN-02,05-02-2021 08:00,1.3,199,188,2.7,74.1,
STN-02,05-02-2021 09:00,2.4,299,211,3.9,68.1,0.3572
STN-02,05-02-2021 10:00,2,224,211,6.1,63.6,0.3523
STN-02,05-02-2021 11:00,2.7,,239,8.2,66.2,
STN-02,05-02-2021 12:00,2.5,181,201,9.2,64.8,0.423
STN-02,05-02-2021 13:00,3.2,199,185,10.1,62.2,0.424
STN-02,05-02-2021 14:00,2.6,145,177,8.9,,0.4239
STN-02,05-02-2021 15:00,2.5,124,164,9.3,67.5,0.426
STN-02,05-02-2021 16:00,1.9,13,124,9.5,64.4,0.3979
STN-02,05-02-2021 17:00,2.4,73,131,8.7,59.3,0.3485
STN-02,05-02-2021 18:00,3,150,147,8.7,,0.3627
STN-02,05-02-2021 19:00,3.9,271,165,6.8,68.3,0.4096
STN-02,05-02-2021 20:00,4.9,400,181,5.8,69.1,0.4087
STN-02,05-02-2021 21:00,3.9,347,179,6.3,73,0.4896
STN-02,05-02-2021 22:00,3.5,324,198,6.1,71.5,0.4464
STN-02,05-02-2021 23:00,3.3,316,185,4.7,78.6,0.4553
STN-02,06-02-2021 00:00,3.7,422,210,4.5,79.3,0.478
STN-02,06-02-2021 01:00,3.4,399,204,4.3,75,0.4438
STN-02,06-02-2021 02:00,3.5,396,200,3.1,75.3,0.422
STN-02,06-02-2021 03:00,2.8,419,210,3.3,71.3,0.3899
STN-02,06-02-2021 04:00,1.9,229,157,2.2,71.9,0.3602
STN-02,06-02-2021 05:00,2,237,135,3,68,0.2958
STN-02,06-02-2021 06:00,1.9,249,160,1.7,71.1,0.2548
STN-02,06-02-2021 07:00,2.2,307,186,1.8,67.5,0.1824
STN-02,06-02-2021 08:00,3.3,469,216,4.1,61.3,0.182
STN-02,06-02-2021 09:00,4,492,222,5.1,64.1,0.2428
STN-02,06-02-2021 10:00,3.8,506,227,8.8,55.7,0.2761
STN-02,06-02-2021 11:00,2.7,388,211,11.3,50.4,0.2864
STN-02,06-02-2021 12:00,2.3,411,209,9.7,45.6,0.1426
STN-02,06-02-2021 13:00,2.1,343,203,10.6,40.6,0.0939
STN-02,06-02-2021 14:00,2.8,420,207,10.4,42.8,0.1051
STN-02,06-02-2021 15:00,3.2,467,215,10.6,41,0.0817
STN-02,06-02-2021 16:00,3.4,449,201,10,45.4,0.0917
STN-02,06-02-2021 17:00,4.9,590,246,9.1,47,0.0751
STN-02,06-02-2021 18:00,3.8,479,240,7.8,46.9,0.0722
STN-02,06-02-2021 19:00,4.9,562,,6.3,54.5,0.1098
STN-02,06-02-2021 20:00,4.5,572,243,4,59.3,0.1285
STN-02,06-02-2021 21:00,2.9,409,204,2,66.9,0.1929
STN-02,06-02-2021 22:00,3.6,480,211,1,69.2,0.1916
STN-02,06-02-2021 23:00,2.8,377,192,1,64.4,0.1524
STN-02,07-02-2021 00:00,1.8,231,188,-0.7,65.9,0.1176
STN-02,07-02-2021 01:00,2,270,201,-0.8,66.9,0.1214
STN-02,07-02-2021 02:00,1.7,258,200,-0.6,64.7,0.085
STN-02,07-02-2021 03:00,2.4,250,179,-1.1,66.7,0.112
STN-02,07-02-2021 04:00,3,269,183,-2.9,65.9,0.05
STN-02,07-02-2021 05:00,2.3,256,172,-2.6,71.5,0.0725
STN-02,07-02-2021 06:00,2.1,227,159,-2.1,71.5,0.0984
STN-02,07-02-2021 07:00,2.7,267,178,-2.4,64.4,0.05
STN-02,07-02-2021 08:00,2.6,229,171,-2,61.5,0.05
STN-02,07-02-2021 09:00,2.3,215,181,1.3,53.6,0.05
STN-02,07-02-2021 10:00,2.1,194,199,4.9,43,0.05
STN-02,07-02-2021 11:00,1.6,157,197,6.9,42.7,0.05
STN-02,07-02-2021 12:00,1,113,174,7.8,38.6,0.05
STN-02,07-02-2021 13:00,0.7,98,173,8.8,38.5,0.05
STN-02,07-02-2021 14:00,1.9,239,198,8.9,37.8,0.05
STN-02,07-02-2021 15:00,2.1,277,200,8.9,37.6,0.05
STN-02,07-02-2021 16:00,2.6,360,225,9,32.2,0.05
STN-02,07-02-2021 17:00,2.5,331,243.6486257,8.5,29.7,0.05
STN-02,07-02-2021 18:00,8.440982605,446,201.0992349,5.5,45.3,0.05
STN-02,07-02-2021 19:00,4.9,522,238.2941641,5,51.9,0.05
STN-02,07-02-2021 20:00,4.4,430,380.8303187,4.9,53.1,0.05
STN-02,07-02-2021 21:00,3.6,287,309.6677765,5.1,52.2,0.05
STN-02,07-02-2021 22:00,2.6,213,218,5.1,51.9,0.0567
STN-02,07-02-2021 23:00,2,154,206,4.9,51.7,0.05
STN-02,08-02-2021 00:00,2,137,194,5.6,57.4,0.1774
STN-02,08-02-2021 01:00,0.9,1,136,7.1,51.4,0.1775
STN-02,08-02-2021 02:00,0.3,1,100,6.9,51.6,0.172
STN-02,08-02-2021 03:00,0.2,1,104,6.4,60,0.2818
STN-02,08-02-2021 04:00,0.6,1,91,7.2,63.4,0.3423
STN-02,08-02-2021 05:00,1.3,1,,8.4,64.1,0.3908
STN-02,08-02-2021 06:00,1.9,1,114,8.3,65.5,0.4197
STN-02,08-02-2021 07:00,3.7,196,172,9.7,59.7,0.4013
STN-02,08-02-2021 08:00,4.7,369,202,10.5,58.8,0.4377
STN-02,08-02-2021 09:00,3.7,375,213,12,48.9,0.3784
STN-02,08-02-2021 10:00,2.5,314,220,12.5,43.9,0.3287
STN-02,08-02-2021 11:00,3.7,530,251,15.2,39.4,0.3493
STN-02,08-02-2021 12:00,3.3,477,226,16.4,36.1,0.3475
STN-02,08-02-2021 13:00,2.6,416,206,16.1,40.6,0.3445
STN-02,08-02-2021 14:00,3,466,216,15.5,38,0.3202
STN-02,08-02-2021 15:00,3.8,529,217,16.1,37.7,0.2963
STN-02,08-02-2021 16:00,3.6,525,214,15.4,37.1,0.2418
STN-02,08-02-2021 17:00,4.1,576,213,14.7,49.9,0.3585
STN-02,08-02-2021 18:00,5.2,707,246,13.9,50.6,0.3815
STN-02,08-02-2021 19:00,5.5,733,264,11.7,56.8,0.3905
STN-02,08-02-2021 20:00,4.8,581,251,12.4,57.3,0.4249
STN-02,08-02-2021 21:00,3,,214,9.9,62.4,0.3975
STN-02,08-02-2021 22:00,2.4,351,213,9.5,66.2,0.4465
STN-02,08-02-2021 23:00,2.3,316,209,8.1,69,0.443
STN-02,09-02-2021 00:00,,,219,7.6,70.9,0.4712
STN-02,09-02-2021 01:00,2.1,383,201,6.8,73.4,0.4654
STN-02,09-02-2021 02:00,1.5,323,183,6.9,71.1,0.4559
STN-02,09-02-2021 03:00,0.5,270,193,5.4,67.7,0.3498
STN-02,09-02-2021 04:00,0.7,,155,5,72.6,0.4214
STN-02,09-02-2021 05:00,0.6,172,139,4.1,69.3,0.3737
STN-02,09-02-2021 06:00,1.6,256,163,4,70.1,0.3694
STN-02,09-02-2021 07:00,2.3,327,173,4.4,67.7,0.3119
STN-02,09-02-2021 08:00,3.6,553,218,5.3,63.7,0.2856
STN-02,09-02-2021 09:00,4.3,595,235,5.2,66.9,0.3283
STN-02,09-02-2021 10:00,4.1,557,238,8.8,55.6,0.3225
STN-02,09-02-2021 11:00,3.4,576,245,9.7,52.1,0.275
STN-02,09-02-2021 12:00,3.2,471,224,9.1,52.4,0.2617
STN-02,09-02-2021 13:00,1.6,316,199,9,50.9,0.1996
STN-02,09-02-2021 14:00,1.8,358,194,8.8,51.4,0.2069
STN-02,09-02-2021 15:00,,458,225,9,47.7,0.1385
STN-02,09-02-2021 16:00,2.3,466,236,7.9,49.4,0.1393
STN-02,09-02-2021 17:00,2.6,541,240,7.3,52.3,0.142
STN-02,09-02-2021 18:00,,481,232,4.9,56.3,0.1218
STN-02,09-02-2021 19:00,3.5,560,257,3,64.8,0.1737
STN-02,09-02-2021 20:00,3.8,595,268,2.6,68.5,0.2325
STN-02,09-02-2021 21:00,3.1,511,249,2.1,64,0.1409
STN-02,09-02-2021 22:00,2,337,216,0.7,72.4,0.1955
STN-02,09-02-2021 23:00,0,106,169,0.1,71.1,0.191
STN-02,10-02-2021 00:00,0.8,134,166,0.8,73.1,0.1901
STN-02,10-02-2021 01:00,0.4,-223.5102316,148,-0.7,79.9,0.1907
STN-02,10-02-2021 02:00,0,128,143,-2.4,89.9,0.2166
STN-02,10-02-2021 03:00,0,12,123,-2.4,87.6,0.2362
STN-02,10-02-2021 04:00,0,118,135,-1.7,84.3,0.2065
STN-02,10-02-2021 05:00,0,,85,-0.7,74.4,0.1732
STN-02,10-02-2021 06:00,0,1,119,-0.2,73.6,0.1971
STN-02,10-02-2021 07:00,1.2,86,158,-0.7,72.8,0.1563
STN-02,10-02-2021 08:00,3.2,242,201,2.4,60.3,0.1298
STN-02,10-02-2021 09:00,2.2,194,189,3.2,61,0.1375
STN-02,10-02-2021 10:00,1.6,86,,6.7,52.6,0.1771
STN-02,10-02-2021 11:00,2.2,163,190,7.7,52.5,
STN-02,10-02-2021 12:00,,52,137,8.8,50.5,0.1733
STN-02,10-02-2021 13:00,1.3,1,103,8.6,47.3,0.1616
STN-02,10-02-2021 14:00,1,1,108,10,43.3,0.1114
STN-02,10-02-2021 15:00,1.5,37,124,9.9,43.2,0.0655
STN-02,10-02-2021 16:00,1.8,30,146,10,42.4,0.05
STN-02,10-02-2021 17:00,1.6,37,160,9.7,41.7,0.05
STN-02,10-02-2021 18:00,2.6,,175,8,45.1,0.05
STN-02,10-02-2021 19:00,3.3,,203,7.2,45.9,0.05
STN-02,10-02-2021 20:00,2.2,193,182,6.3,44.4,0.05
STN-02,10-02-2021 21:00,0.9,88,161,4.7,49.8,0.05
STN-02,10-02-2021 22:00,0.9,147,178,4.9,47.6,0.05
STN-02,10-02-2021 23:00,1,177,184,2.8,56.5,0.05
STN-02,11-02-2021 00:00,0.9,140,197,1.7,55.7,0.05
STN-02,11-02-2021 01:00,1.2,200,196,1.2,54.9,0.05
STN-02,11-02-2021 02:00,0.6,168,167,-1.3,59,0.05
STN-02,11-02-2021 03:00,0,126,180,-1.4,62.9,
STN-02,11-02-2021 04:00,0,79,168,-1.8,60.7,0.05
STN-02,11-02-2021 05:00,0,132,159,-1.8,64.7,
STN-02,11-02-2021 06:00,0,148,153,-1.1,63.9,0.05
STN-02,11-02-2021 07:00,0,133,165,-0.9,60.6,0.05
STN-02,11-02-2021 08:00,0.1,155,170,1.1,57.6,0.05
STN-02,11-02-2021 09:00,0,88,155,3.2,50,0.05
STN-02,11-02-2021 10:00,0,1,150,4.8,39.7,0.05
STN-02,11-02-2021 11:00,0,1,147,5.9,35.5,
STN-02,11-02-2021 12:00,0,1,154,7.4,,0.05
STN-02,11-02-2021 13:00,0,1,139,8.3,32.5,0.05
STN-02,11-02-2021 14:00,0,1,136,8.2,28.7,0.05
STN-02,11-02-2021 15:00,0,1,160,8.7,28,
STN-02,11-02-2021 16:00,0,1,181,8.6,28.6,0.05
STN-02,11-02-2021 17:00,1.3,127,213,8.6,37.1,0.05
STN-02,11-02-2021 18:00,1.7,234,210,5,42.6,0.05
STN-02,11-02-2021 19:00,2,248,212,4.1,45.1,0.05
STN-02,11-02-2021 20:00,1.8,298,221,3.4,46,0.05
STN-02,11-02-2021 21:00,1.3,249,223,3.5,48.2,0.05
STN-02,11-02-2021 22:00,1.4,177,190,2.3,54.7,0.05
STN-02,11-02-2021 23:00,1.8,153,193,1.1,57.7,0.05
STN-02,12-02-2021 00:00,2,150,188,2.6,62.1,0.05
STN-02,12-02-2021 01:00,2.2,221,185,3.1,62.3,0.05
STN-02,12-02-2021 02:00,1.1,139,156,2.6,69.9,0.05
STN-02,12-02-2021 03:00,1.2,240,179,2.6,75.2,0.05
STN-02,12-02-2021 04:00,0.6,170,158,2.5,77,0.05
STN-02,12-02-2021 05:00,0.1,175,147,1.9,86.9,0.05
STN-02,12-02-2021 06:00,0.8,256,173,1.8,91.5,0.0901
STN-02,12-02-2021 07:00,1.2,,195,1.7,88.3,0.05
STN-02,12-02-2021 08:00,2.2,543,241,1.5,79.4,0.05
STN-02,12-02-2021 09:00,2.6,441,231,2.8,77.1,0.05
STN-02,12-02-2021 10:00,2.3,404,240,5,66.5,0.05
STN-02,12-02-2021 11:00,2,379,227,6.9,56.1,0.05
STN-02,12-02-2021 12:00,2.3,345,214,7,51.6,0.05
STN-02,12-02-2021 13:00,2.2,296,211,7.9,52.6,0.05
STN-02,12-02-2021 14:00,,297,197,8.2,52.7,0.05
STN-02,12-02-2021 15:00,1.6,271,188,7.2,56.3,0.05
STN-02,12-02-2021 16:00,2.5,373,208,7.1,59.2,0.05
STN-02,12-02-2021 17:00,2.7,433,214,6.9,56.6,0.05
STN-02,12-02-2021 18:00,3.2,452,234,5.4,60.4,0.05
STN-02,12-02-2021 19:00,3.3,444,236,3.6,63.2,0.05
STN-02,12-02-2021 20:00,2.4,296,207,1.8,63.9,0.05
STN-02,12-02-2021 21:00,2.1,331,213,0.8,64.8,0.05
STN-02,12-02-2021 22:00,1.3,324,212,0.7,62.8,0.05
STN-02,12-02-2021 23:00,1.8,360,224,,61.3,0.05
STN-02,13-02-2021 00:00,0.5,273,209,2.3,59,0.05
STN-02,13-02-2021 01:00,,242,180,2.2,63.8,0.05
STN-02,13-02-2021 02:00,0,206,184,3,62.1,0.05
STN-02,13-02-2021 03:00,0,239,191,2.3,66.4,0.05
STN-02,13-02-2021 04:00,0.1,270,179,2.5,65.7,0.05
STN-02,13-02-2021 05:00,0.6,270,183,3.4,72.7,0.05
STN-02,13-02-2021 06:00,0.4,358,191,3.8,72.2,0.05
STN-02,13-02-2021 07:00,,413,195,3,75.1,0.05
STN-02,13-02-2021 08:00,2.4,597,229,3.9,73,0.05
STN-02,13-02-2021 09:00,2.9,678,247,5.7,71.7,0.05
STN-02,13-02-2021 10:00,2.9,706,255,8.5,56.9,0.05
STN-02,13-02-2021 11:00,2.1,554,249,8.5,48.6,0.05
STN-02,13-02-2021 12:00,1.7,421,230,8.6,48.2,0.05
STN-02,13-02-2021 13:00,2,453,224,8.6,53.2,0.05
STN-02,13-02-2021 14:00,1.5,407,221,7.7,49.2,0.05
STN-02,13-02-2021 15:00,2.3,438,235,9.2,47.8,0.05
STN-02,13-02-2021 16:00,2.3,371,217,9.7,44.9,0.05
STN-02,13-02-2021 17:00,3.5,492,239,10.6,39.4,0.05
STN-02,13-02-2021 18:00,3,442,,10.4,37.4,0.05
STN-02,13-02-2021 19:00,3.8,458,245,9.3,46.1,0.05
STN-02,13-02-2021 20:00,4.6,537,238,10.1,50.5,0.05
STN-02,13-02-2021 21:00,3.6,422,203,9.4,51.8,0.05
STN-02,13-02-2021 22:00,2.6,366,193,7.9,55.5,0.05
STN-02,13-02-2021 23:00,1.4,218,174,5.7,60.1,0.05
STN-02,14-02-2021 00:00,0.5,49,143,6,62.9,0.05
STN-02,14-02-2021 01:00,0.05,1,136,5.8,66.6,0.05
STN-02,14-02-2021 02:00,0.05,1,118,1.100985758,65,0.05
STN-02,14-02-2021 03:00,0.05,1,117,-4.098028484,70.1,0.05
STN-02,14-02-2021 04:00,0.05,,106,-8.697042726,70.6,0.05
STN-02,14-02-2021 05:00,0.05,24,107,-12.29605697,68.6,0.05
STN-02,14-02-2021 06:00,0.05,1,101,-15,70.6,0.05
STN-02,14-02-2021 07:00,0.05,,124,-15,71.5,0.05
STN-02,14-02-2021 08:00,1.3,237,176,-12.92873313,66,0.05
STN-02,14-02-2021 09:00,2.2,348,201,-11.52873313,58.5,0.05
STN-02,14-02-2021 10:00,1.8,326,200,-7.628733129,50.1,0.05
STN-02,14-02-2021 11:00,1.8,278,195,-4.728733129,40.4,0.05
STN-02,14-02-2021 12:00,,235,193,-4.228733129,34.8,0.05
STN-02,14-02-2021 13:00,1.2,208,,-4.028733129,,0.05
STN-02,14-02-2021 14:00,1.4,267,192,-2.528733129,27.1,0.05
STN-02,14-02-2021 15:00,1.6,217,176,-1.228733129,29.4,0.05
STN-02,14-02-2021 16:00,1.2,251,,19.1,26.2,0.05
STN-02,14-02-2021 17:00,1.8,245,175,18.2,30.4,0.05
STN-02,14-02-2021 18:00,3.5,350,191,18.6,38.9,0.05
STN-02,14-02-2021 19:00,4.2,370,190,16.6,43.2,0.05
STN-02,14-02-2021 20:00,3.6,320,174,16.9,42.8,0.05
STN-02,14-02-2021 21:00,2.6,273,173,15.9,45.6,0.05
STN-02,14-02-2021 22:00,1.6,173,168,15.3,43.7,0.05
STN-02,14-02-2021 23:00,1.6,172,166,13.2,47.7,0.05
STN-02,15-02-2021 00:00,2.3,288,192,12.8,55,0.055
STN-02,15-02-2021 01:00,2,222,179,12.6,55.2,0.05
STN-02,15-02-2021 02:00,1.9,128,143,12.5,57.3,0.0854
STN-02,15-02-2021 03:00,0.8,145,162,12.4,65.4,0.1491
STN-02,15-02-2021 04:00,0.4,77,142,11.8,65.4,0.1553
STN-02,15-02-2021 05:00,0,1,126,11.1,63.8,0.1162
STN-02,15-02-2021 06:00,1.3,163,165,11.2,68.2,0.1676
STN-02,15-02-2021 07:00,1.4,209,170,9.9,67.6,0.1401
STN-02,15-02-2021 08:00,2.5,343,195,10.9,68,0.2034
STN-02,15-02-2021 09:00,2.5,385,201,12.3,64.7,0.268
STN-02,15-02-2021 10:00,1.8,339,215,14,52.7,0.189
STN-02,15-02-2021 11:00,0.7,171,178,14.9,42.7,0.0916
STN-02,15-02-2021 12:00,1,171,171,14.7,49,0.1316
STN-02,15-02-2021 13:00,1.7,172,179,14.1,48.5,0.1178
STN-02,15-02-2021 14:00,1.2,192,187,13.9,43.1,0.05
STN-02,15-02-2021 15:00,1.5,181,204,13.8,49.6,0.0891
STN-02,15-02-2021 16:00,2,191,193,13.7,49.9,0.095
STN-02,15-02-2021 17:00,3.1,,250,13.1,58.4,0.1512
STN-02,15-02-2021 18:00,3.9,527,254,14,57.7,0.2532
STN-02,15-02-2021 19:00,4,592,266,11.1,63.1,0.2528
STN-02,15-02-2021 20:00,3.8,623,286,10.6,62.2,0.2605
STN-02,15-02-2021 21:00,2.3,482,253,8.4,67.3,0.2673
STN-02,15-02-2021 22:00,1.6,401,224,7.6,70,0.2886
STN-02,15-02-2021 23:00,2.5,479,221,6.7,75.2,0.309
STN-02,16-02-2021 00:00,0.9,284,190,7.3,75.5,0.348
STN-02,16-02-2021 01:00,0.4,179,143,6.3,76.8,0.3512
STN-02,16-02-2021 02:00,0.6,168,134,5.9,74.1,
STN-02,16-02-2021 03:00,0.8,234,144,5.2,74.6,0.3004
STN-02,16-02-2021 04:00,0.8,219,142,5.3,79.4,0.3653
STN-02,16-02-2021 05:00,1.1,329,170,5.5,80,0.3863
STN-02,16-02-2021 06:00,1.1,405,167,3.9,80.5,0.352
STN-02,16-02-2021 07:00,1.9,527,215,1.4,76.1,0.2074
STN-02,16-02-2021 08:00,3.1,654,234,3.3,68.5,0.1914
STN-02,16-02-2021 09:00,2.2,596,,4,69.4,0.2592
STN-02,16-02-2021 10:00,2.3,636,249,6.6,61.4,0.2446
STN-02,16-02-2021 11:00,1.7,553,,8.6,58,0.2759
STN-02,16-02-2021 12:00,1.2,440,215,10.3,47.3,0.1999
STN-02,16-02-2021 13:00,1.5,474,232,11.4,46.6,0.1905
STN-02,16-02-2021 14:00,2.1,487,244,11.8,44.5,0.1762
STN-02,16-02-2021 15:00,2.3,549,261,11.1,44.3,0.1411
STN-02,16-02-2021 16:00,1.8,501,249,12.9,40.6,
STN-02,16-02-2021 17:00,3.3,534,266,11.2,47.8,0.21
STN-02,16-02-2021 18:00,4.6,659,302,9.9,50.3,0.2147
STN-02,16-02-2021 19:00,4.3,634,295,7.7,49.9,0.1441
STN-02,16-02-2021 20:00,4.1,607,274,6.9,55.8,0.1802
STN-02,16-02-2021 21:00,2.5,414,214,6.9,61.5,0.2228
STN-02,16-02-2021 22:00,2.8,373,204,7,60.8,0.2157
STN-02,16-02-2021 23:00,2.9,378,208,6.7,64.1,0.255
STN-02,17-02-2021 00:00,3.4,406,196,6.6,72.2,0.3567
STN-02,17-02-2021 01:00,2.7,357,192,5.6,72.9,0.3316
STN-02,17-02-2021 02:00,1.8,320,175,6.3,71.5,0.3251
STN-02,17-02-2021 03:00,2.4,436,191,4.8,78.8,0.3158
STN-02,17-02-2021 04:00,2.4,356,177,4.9,79.4,0.3494
STN-02,17-02-2021 05:00,1.1,256,165,6.4,74.5,0.3448
STN-02,17-02-2021 06:00,1.4,334,189,5.9,75.3,0.3434
STN-02,17-02-2021 07:00,2,422,205,7.2,76.9,0.4128
STN-02,17-02-2021 08:00,2.5,480,222,7.7,68.4,0.3325
STN-02,17-02-2021 09:00,2.3,463,231,9.4,64.1,0.3242
STN-02,17-02-2021 10:00,2.7,419,219,,61.1,0.4099
STN-02,17-02-2021 11:00,3.1,476,230,14.6,56.3,0.402
STN-02,17-02-2021 12:00,3.2,432,214,16.8,53.1,0.4422
STN-02,17-02-2021 13:00,3.5,,195,18.6,48.4,0.4337
STN-02,17-02-2021 14:00,2.9,458,182,17.7,52.1,0.4528
STN-02,17-02-2021 15:00,2.4,431,176,16.7,53.6,0.4361
STN-02,17-02-2021 16:00,3.4,517,210,17.7,54.5,0.462
STN-02,17-02-2021 17:00,3,431,203,16.5,60.3,0.5014
STN-02,17-02-2021 18:00,3.5,498,221,15,58.1,
STN-02,17-02-2021 19:00,3.8,537,235,13.6,60,0.4338
STN-02,17-02-2021 20:00,3.4,517,229,11.2,62.9,0.3906
STN-02,17-02-2021 21:00,2.4,448,216,9.6,71,0.4504
STN-02,17-02-2021 22:00,1.2,307,189,8.2,70.5,0.3913
STN-02,17-02-2021 23:00,1.1,244,167,7.3,75.5,0.4519
STN-02,18-02-2021 00:00,1.1,274,176,7.1,78.5,0.4075
STN-02,18-02-2021 01:00,0,201,147,6.5,74.7,0.3538
STN-02,18-02-2021 02:00,0.7,244,148,5.3,79,0.3767
STN-02,18-02-2021 03:00,0.4,237,141,5.8,78,0.3649
STN-02,18-02-2021 04:00,0,,110,5.3,80.3,0.3999
STN-02,18-02-2021 05:00,0,90,111,4.9,76.2,0.342
STN-02,18-02-2021 06:00,0,171,113,5.2,76.2,0.3456
STN-02,18-02-2021 07:00,0.3,209,137,6.4,72.4,0.3648
STN-02,18-02-2021 08:00,2.1,377,171,8.5,73,0.3907
STN-02,18-02-2021 09:00,1.8,318,185,10,67.5,0.3927
STN-02,18-02-2021 10:00,1.6,367,211,11.3,58.3,0.3237
STN-02,18-02-2021 11:00,0.9,275,191,12.9,53,0.2947
STN-02,18-02-2021 12:00,0.8,187,181,13.5,52.3,0.2818
STN-02,18-02-2021 13:00,0,90,164,14.5,45.9,0.2317
STN-02,18-02-2021 14:00,0.1,36,,15.1,46.4,0.2731
STN-02,18-02-2021 15:00,0,23,143,15.4,48.2,
STN-02,18-02-2021 16:00,0,86,147,15.4,48.4,0.3083
STN-02,18-02-2021 17:00,0.9,113,169,13.4,46.6,0.2286
STN-02,18-02-2021 18:00,2.1,174,191,10.5,51.9,0.243
STN-02,18-02-2021 19:00,2.9,181,203,9.7,53.8,0.2287
STN-02,18-02-2021 20:00,1.9,162,188,9,51.9,0.1729
STN-02,18-02-2021 21:00,1.2,108,197,8.5,49.3,0.1446
STN-02,18-02-2021 22:00,0.7,78,170,9.5,53.6,0.2422
STN-02,18-02-2021 23:00,1.7,154,,10.5,54.7,0.3009
STN-02,19-02-2021 00:00,1.4,67,166,11.7,52.2,0.3359
STN-02,19-02-2021 01:00,0.9,101,,10.1,55.4,0.2793
STN-02,19-02-2021 02:00,0,36,127,8.9,55.5,0.2116
STN-02,19-02-2021 03:00,0,1,114,7.7,68.5,0.3253
STN-02,19-02-2021 04:00,0.2,1,114,6.6,73.3,0.2909
STN-02,19-02-2021 05:00,0.3,2,107,6.4,72.6,0.2795
STN-02,19-02-2021 06:00,0.4,137,140,5.3,77.9,0.3123
STN-02,19-02-2021 07:00,0.7,219,152,6.2,74.2,0.339
STN-02,19-02-2021 08:00,2.4,387,182,7.2,73.7,0.3437
STN-02,19-02-2021 09:00,2.8,439,203,8.2,66.7,0.2714
STN-02,19-02-2021 10:00,2.4,371,194,11.7,59.5,0.2945
STN-02,19-02-2021 11:00,1.7,264,181,14.3,54.3,0.2998
STN-02,19-02-2021 12:00,2.4,344,213,17.5,41.4,0.2479
STN-02,19-02-2021 13:00,2.3,431,212,18.6,41.8,0.2622
STN-02,19-02-2021 14:00,2.9,456,214,19.4,40.3,0.2704
STN-02,19-02-2021 15:00,2.7,464,227,19.6,37.7,0.2419
STN-02,19-02-2021 16:00,3.4,458,241,21.5,31.7,0.21
STN-02,19-02-2021 17:00,3.9,499,257,21.4,34.4,0.2751
STN-02,19-02-2021 18:00,3.9,561,265,18.8,38.3,0.2522
STN-02,19-02-2021 19:00,3.5,574,262,18,38.2,0.2341
STN-02,19-02-2021 20:00,,511,252,17.5,38.3,0.2199
STN-02,19-02-2021 21:00,2.3,417,245,15.1,44.9,0.2627
STN-02,19-02-2021 22:00,1.3,248,227,13.1,50.1,
STN-02,19-02-2021 23:00,2.3,323,231,12.3,55.2,0.3013
STN-02,20-02-2021 00:00,,312,214,11.6,55.5,0.2895
STN-02,20-02-2021 01:00,2,289,194,13.5,53,0.34
STN-02,20-02-2021 02:00,1,197,157,12.4,53,0.2769
STN-02,20-02-2021 03:00,1.9,264,166,12.9,57.3,0.3567
STN-02,20-02-2021 04:00,1,195,134,11.8,60.2,0.3223
STN-02,20-02-2021 05:00,1.3,177,,11.2,68.3,0.428
STN-02,20-02-2021 06:00,1,112,119,10.4,75.8,0.4622
STN-02,20-02-2021 07:00,2.4,239,146,10.5,74.8,0.473
STN-02,20-02-2021 08:00,3.5,307,172,11.2,68.9,0.4299
STN-02,20-02-2021 09:00,3.2,301,183,12.5,63.1,0.3987
STN-02,20-02-2021 10:00,2.9,292,188,15,57.5,0.4012
STN-02,20-02-2021 11:00,2.6,304,197,15.4,50.5,0.3095
STN-02,20-02-2021 12:00,2.9,364,201,14.7,53.1,0.2872
STN-02,20-02-2021 13:00,3.5,321,191,15.7,56.1,0.3516
STN-02,20-02-2021 14:00,3,245,172,15.3,54.5,0.2996
STN-02,20-02-2021 15:00,2.6,275,161,16.4,59.6,0.3981
STN-02,20-02-2021 16:00,3.1,427,204,16.7,53.9,0.3637
STN-02,20-02-2021 17:00,4.4,486,,16.9,50.6,0.3603
STN-02,20-02-2021 18:00,4.9,545,237,15,55.1,0.3942
STN-02,20-02-2021 19:00,4.8,597,277,12.1,55.8,0.3273
STN-02,20-02-2021 20:00,4.4,518,262,9.8,56.8,0.3083
STN-02,20-02-2021 21:00,3.4,493,246,8,62.9,0.2832
STN-02,20-02-2021 22:00,1.7,275,199,6.9,60.5,0.2218
STN-02,20-02-2021 23:00,2.5,338,199,6.1,72.2,0.3349
STN-02,21-02-2021 00:00,2.4,317,187,6.3,75.5,0.3943
STN-02,21-02-2021 01:00,2.4,359,191,4.9,77.1,0.3936
STN-02,21-02-2021 02:00,0.9,215,149,5.1,79.5,0.4425
STN-02,21-02-2021 03:00,0.7,171,156,5.4,76.9,0.4244
STN-02,21-02-2021 04:00,1.5,218,139,6.6,80.7,0.5057
STN-02,21-02-2021 05:00,1.5,268,161,5.9,81,
STN-02,21-02-2021 06:00,1.4,266,166,6.1,79.5,0.4828
STN-02,21-02-2021 07:00,2.6,350,188,7.2,80.8,0.5261
STN-02,21-02-2021 08:00,3.6,464,224,7.6,79.1,0.5259
STN-02,21-02-2021 09:00,3,386,230,9.6,73.7,0.5248
STN-02,21-02-2021 10:00,2.2,341,219,10.7,69.9,0.4982
STN-02,21-02-2021 11:00,2.2,320,,13,62.8,0.4595
STN-02,21-02-2021 12:00,1.4,187,196,13.8,57.2,0.4101
STN-02,21-02-2021 13:00,1,121,194,12.9,57.6,0.3724
STN-02,21-02-2021 14:00,1,60,172,13.8,,0.4481
STN-02,21-02-2021 15:00,,166,,13.3,63.5,0.4471
STN-02,21-02-2021 16:00,1.9,158,177,12.9,65.1,0.4487
STN-02,21-02-2021 17:00,2.5,229,199,12.3,62.8,0.422
STN-02,21-02-2021 18:00,3.5,351,205,9.6,72.6,0.4844
STN-02,21-02-2021 19:00,3.4,346,206,8.2,77.4,0.5078
STN-02,21-02-2021 20:00,3.4,342,215,,81.6,0.5676
STN-02,21-02-2021 21:00,1.9,257,211,7.5,81.5,0.5531
STN-02,21-02-2021 22:00,1.7,202,198,6.4,84.2,0.5558
STN-02,21-02-2021 23:00,1.1,104,156,6.5,87.4,0.6291
STN-02,22-02-2021 00:00,1.5,102,141,6.4,88.6,0.6614
STN-02,22-02-2021 01:00,1.9,138,153,5.2,91.9,0.6789
STN-02,22-02-2021 02:00,0.8,1,119,6.1,89.6,0.6918
STN-02,22-02-2021 03:00,1.3,23,135,6,93.8,0.7522
STN-02,22-02-2021 04:00,0.4,1,102,5,96.3,0.7485
STN-02,22-02-2021 05:00,0,1,99,4.4,97.2,0.7164
STN-02,22-02-2021 06:00,0,1,85,2.8,98.1,0.6657
STN-02,22-02-2021 07:00,1,,122,3.1,94.5,0.635
STN-02,22-02-2021 08:00,1.6,150,161,4.5,92.8,0.6464
STN-02,22-02-2021 09:00,1.6,191,166,5.9,86.8,0.6418
STN-02,22-02-2021 10:00,1.3,177,160,7.5,82.1,0.6108
STN-02,22-02-2021 11:00,,142,150,7.9,77.9,0.5242
STN-02,22-02-2021 12:00,1.6,164,146,9.2,73.3,0.535
STN-02,22-02-2021 13:00,1.8,165,,10,74.8,0.57
STN-02,22-02-2021 14:00,2.3,298,172,10.4,84,0.6916
STN-02,22-02-2021 15:00,2.2,252,187,11,80.1,0.6558
STN-02,22-02-2021 16:00,3.3,318,216,11.8,74.3,0.6282
STN-02,22-02-2021 17:00,2.9,245,212,11.8,69.6,0.6104
STN-02,22-02-2021 18:00,3.3,347,236,10.9,73.7,0.6561
STN-02,22-02-2021 19:00,3.7,388,229,10.4,74.3,0.6486
STN-02,22-02-2021 20:00,3.7,389,238,7.9,80.1,0.6718
STN-02,22-02-2021 21:00,1.9,237,213,7.7,75,0.6086
STN-02,22-02-2021 22:00,0.6,90,174,6.3,76.4,0.5812
STN-02,22-02-2021 23:00,0.4,69,167,6.4,76.3,0.5526
STN-02,23-02-2021 00:00,1,159,180,6.5,81.8,0.6272
STN-02,23-02-2021 01:00,1.5,207,183,6.3,80.9,0.5854
STN-02,23-02-2021 02:00,1.5,,169,6.1,84.7,0.614
STN-02,23-02-2021 03:00,1.1,232,164,5.6,80.7,0.5595
STN-02,23-02-2021 04:00,0.8,126,116,3.7,89,0.5595
STN-02,23-02-2021 05:00,0,63,111,3.5,85.8,0.5356
STN-02,23-02-2021 06:00,1,100,141,2.4,87.3,0.5088
STN-02,23-02-2021 07:00,2.4,237,180,3.5,86.6,0.5501
STN-02,23-02-2021 08:00,3,342,209,4.4,83.6,0.5597
STN-02,23-02-2021 09:00,3.3,388,,5.6,84.9,0.582
STN-02,23-02-2021 10:00,2.8,340,228,6.7,76.5,0.4967
STN-02,23-02-2021 11:00,2.4,310,218,9.8,69.6,0.51
STN-02,23-02-2021 12:00,3.5,359,226,13,67.5,0.5473
STN-02,23-02-2021 13:00,3.5,436,222,13.6,74.3,0.6015
STN-02,23-02-2021 14:00,2.4,353,213,13.7,75.3,0.629
STN-02,23-02-2021 15:00,2.8,411,223,15.1,80.1,0.7305
STN-02,23-02-2021 16:00,2.6,457,230,13.9,80.2,0.6945
STN-02,23-02-2021 17:00,2.6,411,222,13.5,78.9,0.6839
STN-02,23-02-2021 18:00,2.7,398,217,13.2,82.8,0.742
STN-02,23-02-2021 19:00,2.7,392,225,10.7,85.6,0.7199
STN-02,23-02-2021 20:00,,400,212,9.3,87.1,0.6882
STN-02,23-02-2021 21:00,2.1,364,216,11.1,85,0.7418
STN-02,23-02-2021 22:00,1.2,263,176,10,84.6,0.7285
STN-02,23-02-2021 23:00,0.7,192,165,10.5,89.6,0.7832
STN-02,24-02-2021 00:00,0.8,224,181,11,86.9,0.7832
STN-02,24-02-2021 01:00,1,287,178,10.6,89.5,0.8087
STN-02,24-02-2021 02:00,0.8,235,162,9.3,90.3,0.7973
STN-02,24-02-2021 03:00,1.4,903.481448,161,9.2,87.6,0.8096
STN-02,24-02-2021 04:00,1.4,254,128,8.2,82.8,0.7274
STN-02,24-02-2021 05:00,1,178,131,8.4,82.6,0.6929
STN-02,24-02-2021 06:00,1,160,141,8.4,83.2,0.6838
STN-02,24-02-2021 07:00,1.5,270,151,7.6,81.3,0.6605
STN-02,24-02-2021 08:00,2.5,445,167,7.7,86.4,0.7176
STN-02,24-02-2021 09:00,2.1,360,162,9.1,82.7,0.7279
STN-02,24-02-2021 10:00,3,424,182,11.6,80.2,0.7861
STN-02,24-02-2021 11:00,2.4,385,191,11.8,74.6,0.6922
STN-02,24-02-2021 12:00,2.1,330,172,13.9,69.9,0.7208
STN-02,24-02-2021 13:00,1.9,278,160,16,62.3,0.6915
STN-02,24-02-2021 14:00,,198,154,15.2,63.5,0.661
STN-02,24-02-2021 15:00,1.2,280,171,16.7,63.8,0.7043
STN-02,24-02-2021 16:00,1.6,340,187,16.1,61.8,0.6422
STN-02,24-02-2021 17:00,1.9,339,186,15.1,68,0.6855
STN-02,24-02-2021 18:00,2.6,369,195,12.3,80.7,0.7234
STN-02,24-02-2021 19:00,3.3,,190,12.5,79,0.7571
STN-02,24-02-2021 20:00,3.4,444,,10.9,85.8,0.784
STN-02,24-02-2021 21:00,2.6,392,184,8.8,92.5,0.7906
STN-02,24-02-2021 22:00,1.9,256,174,8.8,,0.785
STN-02,24-02-2021 23:00,1.6,185,169,7.9,86.5,0.7139
STN-02,25-02-2021 00:00,1.9,210,171,6.2,97.4,0.7422
STN-02,25-02-2021 01:00,1.3,172,136,6.2,99,0.7944
STN-02,25-02-2021 02:00,0.4,49,106,5.7,99,0.7903
STN-02,25-02-2021 03:00,1.1,155,142,5.8,99,0.7974
STN-02,25-02-2021 04:00,1,148,121,6.3,99,0.814
STN-02,25-02-2021 05:00,1.5,225,152,4.8,95.8,0.692
STN-02,25-02-2021 06:00,1.4,222,,5.4,98.4,
STN-02,25-02-2021 07:00,1.7,220,170,5,93.1,0.6847
STN-02,25-02-2021 08:00,2.7,349,203,7.1,89.7,0.7957
STN-02,25-02-2021 09:00,3,381,220,6.8,88.7,0.7924
STN-02,25-02-2021 10:00,2.8,417,258,8.3,78.8,0.6965
STN-02,25-02-2021 11:00,2.2,382,246,9.5,70.6,0.6158
STN-02,25-02-2021 12:00,2.1,365,229,9.1,67.1,0.506
STN-02,25-02-2021 13:00,2.9,371,240,8.9,61.6,0.4256
STN-02,25-02-2021 14:00,2.1,359,241,8.5,62.5,0.3697
STN-02,25-02-2021 15:00,2.7,372,238,10.1,62.5,0.4361
STN-02,25-02-2021 16:00,2.9,362,246,-57.34661343,61.6,
STN-02,25-02-2021 17:00,3.5,344,263,7.6,57.5,0.3794
STN-02,25-02-2021 18:00,5.4,507,288,8,59.4,0.4449
STN-02,25-02-2021 19:00,6.1,595,306,4.6,62,0.3785
STN-02,25-02-2021 20:00,5.4,550,291,3.7,70.3,0.4153
STN-02,25-02-2021 21:00,4.1,418,,5,67.6,0.4249
STN-02,25-02-2021 22:00,3.5,404,240,4.9,65.1,0.3709
STN-02,25-02-2021 23:00,3,255,221,4.7,64.4,0.3671
STN-02,26-02-2021 00:00,2.9,216,204,,70.5,0.4018
STN-02,26-02-2021 01:00,3,232,196,3.6,74.3,0.4554
STN-02,26-02-2021 02:00,2.3,265,178,1.4,78.6,0.4653
STN-02,26-02-2021 03:00,2.5,389,206,2,81.2,0.4847
STN-02,26-02-2021 04:00,2.5,432,202,2.4,85.6,0.5443
STN-02,26-02-2021 05:00,2.9,503,220,1.6,85,0.5017
STN-02,26-02-2021 06:00,2.1,418,,1.2,85,0.4947
STN-02,26-02-2021 07:00,2.9,498,214,2.6,78.9,0.4865
STN-02,26-02-2021 08:00,2.7,463,212,3.9,76.2,0.4899
STN-02,26-02-2021 09:00,1.9,351,203,5.6,66.9,0.4513
STN-02,26-02-2021 10:00,1.6,309,,8.8,56,0.407
STN-02,26-02-2021 11:00,0.8,254,201,10.8,54,0.398
STN-02,26-02-2021 12:00,0.6,189,193,11.8,55.6,0.4221
STN-02,26-02-2021 13:00,0.6,152,186,11.1,59.2,0.4382
STN-02,26-02-2021 14:00,0.5,135,196,11.4,61.4,0.4688
STN-02,26-02-2021 15:00,1.4,88,184,11.6,60.4,0.4321
STN-02,26-02-2021 16:00,1.6,12,164,10.5,64,0.4424
STN-02,26-02-2021 17:00,2.5,100,194,10.7,64.5,0.482
STN-02,26-02-2021 18:00,3.9,227,211,9.8,66.4,0.4974
STN-02,26-02-2021 19:00,3.9,270,222,8.1,69.1,0.5141
STN-02,26-02-2021 20:00,4.2,318,232,6.6,74,0.5208
STN-02,26-02-2021 21:00,2.4,194,184,5.6,78.8,0.5315
STN-02,26-02-2021 22:00,1.1,53,142,4.2,81,0.5178
STN-02,26-02-2021 23:00,2.1,120,152,4.9,86.4,0.6354
STN-02,27-02-2021 00:00,1.4,-0.856537781,130,3.3,88.6,0.5873
STN-02,27-02-2021 01:00,0.3,1,133,1.7,86.3,0.5086
STN-02,27-02-2021 02:00,0.5,75,135,0.5,88.9,0.4768
STN-02,27-02-2021 03:00,0.2,138,150,-0.8,92.2,0.4485
STN-02,27-02-2021 04:00,,58,125,-1.5,91.2,0.4211
STN-02,27-02-2021 05:00,0.4,77,141,-1.6,90.9,0.4271
STN-02,27-02-2021 06:00,0.4,91,144,-1.8,84.1,0.3113
STN-02,27-02-2021 07:00,1,110,160,-1.1,82.7,0.2934
STN-02,27-02-2021 08:00,2.3,273,184,0.1,81.5,0.3519
STN-02,27-02-2021 09:00,3.1,350,206,2.6,78.3,0.3993
STN-02,27-02-2021 10:00,2,200,187,4.7,70.2,0.3548
STN-02,27-02-2021 11:00,0.7,61,166,4.3,61.8,0.247
STN-02,27-02-2021 12:00,0.7,93,160,4.5,62.4,0.2325
STN-02,27-02-2021 13:00,1,192,183,4.3,66.1,0.2503
STN-02,27-02-2021 14:00,0.8,207,188,5.6,66.3,0.2901
STN-02,27-02-2021 15:00,0.4,103,167,4.6,69.5,0.2686
STN-02,27-02-2021 16:00,1,197,161,4.2,68.8,0.2648
STN-02,27-02-2021 17:00,1.2,,159,3.2,74.7,0.316
STN-02,27-02-2021 18:00,2.9,260,,4,,0.385
STN-02,27-02-2021 19:00,2.9,296,186,3.5,82.6,0.4806
STN-02,27-02-2021 20:00,3,298,195,2.3,84.4,0.4741
STN-02,27-02-2021 21:00,3.2,377,221,0.8,83.5,0.4133
STN-02,27-02-2021 22:00,2.2,264,207,1.1,81.1,0.4201
STN-02,27-02-2021 23:00,1.6,228,168,2.7,81.1,0.476
STN-02,28-02-2021 00:00,0.9,62,143,3.4,83.3,0.5207
STN-02,28-02-2021 01:00,1.1,26,135,3.3,90.7,0.5826
STN-02,28-02-2021 02:00,2,111,146,1.4,92.4,0.526
STN-02,28-02-2021 03:00,0.8,45,154,0.3,86.9,0.4186
STN-02,28-02-2021 04:00,0.2,22,137,-0.1,88.2,0.377
STN-02,28-02-2021 05:00,0.8,107,150,1.1,85.5,0.3951
STN-02,28-02-2021 06:00,,70,153,0.6,81.8,0.2975
STN-02,28-02-2021 07:00,2.5,254,206,2.3,80.9,0.3388
STN-02,28-02-2021 08:00,2.7,206,194,,77.1,0.3588
STN-02,28-02-2021 09:00,2.8,221,202,5.1,68.2,0.3079
STN-02,28-02-2021 10:00,2.7,268,214,6.8,64.6,0.2509
STN-02,28-02-2021 11:00,1.8,191,194,7.8,54.3,0.125
STN-02,28-02-2021 12:00,1.3,139,188,8,49.9,0.0647
STN-02,28-02-2021 13:00,1.4,51,,9.7,46.9,0.0991
STN-02,28-02-2021 14:00,1.2,38,185,9.6,46.6,0.093
STN-02,28-02-2021 15:00,1.4,73,199,10.9,45.2,0.0726
STN-02,28-02-2021 16:00,0.8,79,191,11.5,47.1,0.1374
STN-02,28-02-2021 17:00,2,136,201,11.4,53.1,0.209
STN-02,28-02-2021 18:00,2.1,84,179,8.9,60.7,0.2301
STN-02,28-02-2021 19:00,2.8,104,182,6.1,70.5,0.2671
STN-02,28-02-2021 20:00,3.2,111,171,5,78,0.3356
STN-02,28-02-2021 21:00,3.2,170,156,5.5,81.2,0.4054
STN-02,28-02-2021 22:00,2.4,150,,4.4,84,0.3787
STN-02,28-02-2021 23:00,2.8,145,156,4.2,86.6,0.3836
STN-02,01-03-2021 00:00,2.7,93,114,10.7,,0.7182
STN-02,01-03-2021 01:00,2.2,127,123,10.6,91.7,0.7585
STN-02,01-03-2021 02:00,1.5,68,98,10.3,93.5,0.7954
STN-02,01-03-2021 03:00,1.4,66,108,9.9,88.5,0.7014
STN-02,01-03-2021 04:00,1.3,1,98,9.7,86,0.6733
STN-02,01-03-2021 05:00,6.449337203,1,109,9.8,83.9,0.6856
STN-02,01-03-2021 06:00,1.2,1,119,10,76.5,0.634
STN-02,01-03-2021 07:00,2.7,138,155,10.7,73.8,0.6451
STN-02,01-03-2021 08:00,2.8,152,165,11.2,72.1,0.6767
STN-02,01-03-2021 09:00,3.9,328,213,10.8,70.2,0.6492
STN-02,01-03-2021 10:00,4,364,207,14.3,61.6,0.6637
STN-02,01-03-2021 11:00,3.3,350,205,15.8,56.2,0.5809
STN-02,01-03-2021 12:00,3.3,247,182,18.1,53.1,0.6353
STN-02,01-03-2021 13:00,3.6,303,188,18.2,56.3,0.6614
STN-02,01-03-2021 14:00,2.7,233,175,20.2,47.6,
STN-02,01-03-2021 15:00,2.1,201,192,22.3,40.4,0.6
STN-02,01-03-2021 16:00,2.3,145,193,21.4,47.8,0.6665
STN-02,01-03-2021 17:00,2.2,101,183,21.5,48.2,0.6926
STN-02,01-03-2021 18:00,,144,183,20.5,53.3,0.7421
STN-02,01-03-2021 19:00,3.2,109,176,17.8,58.3,0.749
STN-02,01-03-2021 20:00,3,133,168,18.1,60.4,0.8147
STN-02,01-03-2021 21:00,2.6,102,,18.1,62.5,0.8453
STN-02,01-03-2021 22:00,1,12,120,18,61.8,0.8189
STN-02,01-03-2021 23:00,0,1,99,17.4,64.5,0.8492
STN-02,02-03-2021 00:00,,1,88,16.5,66.6,0.7937
STN-02,02-03-2021 01:00,0,1,69,16.2,65,0.7577
STN-02,02-03-2021 02:00,0,1,75,15.4,74.5,0.854
STN-02,02-03-2021 03:00,0,1,67,15.4,73.7,0.8231
STN-02,02-03-2021 04:00,0,1,61,16.6,74.1,0.8641
STN-02,02-03-2021 05:00,0,1,69,14.8,75.6,0.7896
STN-02,02-03-2021 06:00,0,1,,14.7,74.3,0.7726
STN-02,02-03-2021 07:00,1.2,72,131,15.8,77.8,0.8566
STN-02,02-03-2021 08:00,2.5,192,145,17.4,74.6,0.863
STN-02,02-03-2021 09:00,2.9,265,175,19.7,64.2,0.8288
STN-02,02-03-2021 10:00,1.9,112,168,21.1,55.6,0.76
STN-02,02-03-2021 11:00,2,172,188,23.2,47.5,0.7198
STN-02,02-03-2021 12:00,1.7,72,171,24.7,41.4,0.6774
STN-02,02-03-2021 13:00,1.9,85,163,25.1,38.9,0.6178
STN-02,02-03-2021 14:00,1.9,50,169,24.2,36.7,0.5752
STN-02,02-03-2021 15:00,1.2,1,157,23.4,35.7,0.5399
STN-02,02-03-2021 16:00,1.6,41,,21.9,35.7,0.5018
STN-02,02-03-2021 17:00,2,83,179,20,36.5,0.4611
STN-02,02-03-2021 18:00,4.6,328,254,19.4,36,0.4682
STN-02,02-03-2021 19:00,5,302,236,17.7,44.5,0.527
STN-02,02-03-2021 20:00,4.7,272,218,15.8,50.3,0.5394
STN-02,02-03-2021 21:00,3.4,219,186,15.7,57.2,0.6202
STN-02,02-03-2021 22:00,2.2,134,162,15.2,64.6,0.7018
STN-02,02-03-2021 23:00,3.1,179,186,15,65.3,0.6966
STN-02,03-03-2021 00:00,2.2,53,181,16.5,67.1,0.8162
STN-02,03-03-2021 01:00,1.2,1,161,16.6,68.5,0.8236
STN-02,03-03-2021 02:00,0.4,1,141,14,64.9,0.6638
STN-02,03-03-2021 03:00,0,1,140,12.7,68.4,0.6415
STN-02,03-03-2021 04:00,0.2,1,123,11.7,75.9,0.7056
STN-02,03-03-2021 05:00,0,1,134,10.6,76.2,0.6951
STN-02,03-03-2021 06:00,0.5,58,132,10.2,72.7,0.6104
STN-02,03-03-2021 07:00,1,76,140,10.6,74.6,0.6407
STN-02,03-03-2021 08:00,1.9,148,157,11.2,72,0.6991
STN-02,03-03-2021 09:00,1.7,157,153,12.5,62.7,0.6319
STN-02,03-03-2021 10:00,1.8,159,139,15.3,62.1,0.6901
STN-02,03-03-2021 11:00,2.5,231,160,17.6,55,0.6466
STN-02,03-03-2021 12:00,2.2,219,,18.2,55.4,0.6593
STN-02,03-03-2021 13:00,2.7,241,143,19.1,54.9,0.6679
STN-02,03-03-2021 14:00,2.9,236,157,19.3,,0.7079
STN-02,03-03-2021 15:00,3.4,275,167,20.7,54.7,0.7241
STN-02,03-03-2021 16:00,3,234,163,21.1,57.5,0.7682
STN-02,03-03-2021 17:00,3.5,211,182,19.3,55.4,0.6867
STN-02,03-03-2021 18:00,5.1,373,211,17.9,61.2,0.741
STN-02,03-03-2021 19:00,4.7,395,206,17,60.2,
STN-02,03-03-2021 20:00,4.8,375,201,15.3,62.3,0.7562
STN-02,03-03-2021 21:00,3.2,204,177,13.5,68.1,0.7923
STN-02,03-03-2021 22:00,2.6,108,,12.2,72,0.7803
STN-02,03-03-2021 23:00,2.2,111,174,11.3,76.4,0.7961
STN-02,04-03-2021 00:00,2.4,85,171,10.8,76,0.7336
STN-02,04-03-2021 01:00,3,175,186,10.8,76,0.7188
STN-02,04-03-2021 02:00,2.9,194,174,10.9,74.1,0.7167
STN-02,04-03-2021 03:00,2.2,84,152,10.3,79.5,0.7487
STN-02,04-03-2021 04:00,,1,113,9.8,77.5,
STN-02,04-03-2021 05:00,0.5,1,100,10.9,79.9,0.8015
STN-02,04-03-2021 06:00,1.4,1,105,11.1,79.7,0.8074
STN-02,04-03-2021 07:00,1.9,95,139,11.3,80.7,0.8427
STN-02,04-03-2021 08:00,2.3,136,162,11.1,77.3,0.811
STN-02,04-03-2021 09:00,2.2,97,149,12.9,72.4,0.8071
STN-02,04-03-2021 10:00,2,82,154,15.5,65.2,0.8292
STN-02,04-03-2021 11:00,1.5,1,136,17.6,59.7,0.7953
STN-02,04-03-2021 12:00,,10,137,18.9,59.6,0.7796
STN-02,04-03-2021 13:00,1.2,1,143,19.2,54.1,0.7222
STN-02,04-03-2021 14:00,0.4,1,145,19.9,59.7,0.819
STN-02,04-03-2021 15:00,0.6,34,154,20.5,57.3,0.7801
STN-02,04-03-2021 16:00,0,1,148,21.1,48.5,0.7129
STN-02,04-03-2021 17:00,0.5,1,161,20.2,49.9,0.6859
STN-02,04-03-2021 18:00,1.2,19,152,18.4,61.8,0.7916
STN-02,04-03-2021 19:00,2.4,110,182,17.2,64,0.7857
STN-02,04-03-2021 20:00,3.1,202,206,14.3,63.1,0.6843
STN-02,04-03-2021 21:00,2,101,197,14.2,59,0.6164
STN-02,04-03-2021 22:00,1.1,78,210,11.7,61,0.5159
STN-02,04-03-2021 23:00,,80,206,10.8,64.2,0.534
STN-02,05-03-2021 00:00,0.7,1,187,10.1,66.2,0.5337
STN-02,05-03-2021 01:00,0.3,1,169,8.7,67.4,0.4962
STN-02,05-03-2021 02:00,,1,123,8.2,67.8,0.5083
STN-02,05-03-2021 03:00,0,1,126,7.6,63.5,0.4177
STN-02,05-03-2021 04:00,0.1,1,114,7.3,67.6,0.4166
STN-02,05-03-2021 05:00,0,1,92,7.9,-2.107339767,0.4927
STN-02,05-03-2021 06:00,0.3,5,118,7.9,71.3,0.4818
STN-02,05-03-2021 07:00,1.8,230,141,8,69.6,0.4675
STN-02,05-03-2021 08:00,2.7,292,134,8.8,68.8,0.4498
STN-02,05-03-2021 09:00,1.9,120,102,10.6,58.8,0.4076
STN-02,05-03-2021 10:00,1.3,51,92,11.8,49.2,0.3376
STN-02,05-03-2021 11:00,2.2,128,118,14,45.3,0.3637
STN-02,05-03-2021 12:00,2,53,107,15.3,43.4,0.3679
STN-02,05-03-2021 13:00,2.4,4,80,15.3,49.1,0.3984
STN-02,05-03-2021 14:00,2.4,3,78,15.2,52.6,0.4154
STN-02,05-03-2021 15:00,1.1,1,78,15.2,50.1,0.3283
STN-02,05-03-2021 16:00,1.4,1,91,15.8,54.2,0.3884
STN-02,05-03-2021 17:00,1.2,1,82,14.5,61.9,0.4466
STN-02,05-03-2021 18:00,1.5,1,99,12.5,68.8,0.4604
STN-02,05-03-2021 19:00,1.8,1,105,11.8,68.5,0.4572
STN-02,05-03-2021 20:00,2,24,,10.6,65.7,0.4182
STN-02,05-03-2021 21:00,1,30,125,8.4,75.7,0.4284
STN-02,05-03-2021 22:00,0.8,1,103,9.4,76,0.5039
STN-02,05-03-2021 23:00,0.1,1,81,7.5,78.1,0.4775
STN-02,06-03-2021 00:00,0,1,75,7.5,79,0.5241
STN-02,06-03-2021 01:00,0,1,50,7.3,76.5,0.5202
STN-02,06-03-2021 02:00,0,1,8,5.8,77,0.4421
STN-02,06-03-2021 03:00,0,1,8,5.8,77,0.4421
STN-02,06-03-2021 04:00,0,1,5,4.5,77.4,0.3947
STN-02,06-03-2021 05:00,0,,1,4,76.6,0.3784
STN-02,06-03-2021 06:00,0,1,17,5.9,68.5,0.3738
STN-02,06-03-2021 07:00,0.6,1,58,7.7,70.7,0.4376
STN-02,06-03-2021 08:00,1.3,1,84,8,68,0.411
STN-02,06-03-2021 09:00,1.5,1,100,8.9,61.3,0.3528
STN-02,06-03-2021 10:00,0.6,1,109,12.5,55.6,0.4037
STN-02,06-03-2021 11:00,0.7,1,103,13.8,59,0.4453
STN-02,06-03-2021 12:00,0.6,1,99,15.3,63.1,0.5302
STN-02,06-03-2021 13:00,0.6,1,85,15.6,67.9,0.589
STN-02,06-03-2021 14:00,1.1,1,98,13.8,69.7,0.5697
STN-02,06-03-2021 15:00,1.1,1,88,15.5,66.9,0.6013
STN-02,06-03-2021 16:00,0.5,1,79,15.1,70.6,0.645
STN-02,06-03-2021 17:00,1.4,1,122,14,73.4,0.6559
STN-02,06-03-2021 18:00,2.3,89,134,12.8,71,0.6096
STN-02,06-03-2021 19:00,3,140,137,13.2,72.4,0.6925
STN-02,06-03-2021 20:00,2.8,142,132,11,74.8,0.6629
STN-02,06-03-2021 21:00,2.7,133,133,10.5,71.1,0.5987
STN-02,06-03-2021 22:00,2.4,81,130,9.8,72,0.5793
STN-02,06-03-2021 23:00,1.6,1,100,8,77.1,0.6049
STN-02,07-03-2021 00:00,1.6,1,85,8.7,75.3,0.6107
STN-02,07-03-2021 01:00,1.6,1,,9.3,71.1,0.5814
STN-02,07-03-2021 02:00,1,1,58,11.2,,0.6017
STN-02,07-03-2021 03:00,0.5,1,55,10.3,65.2,0.4961
STN-02,07-03-2021 04:00,0.8,1,48,9.9,68.1,0.5059
STN-02,07-03-2021 05:00,1,1,74,10.3,69.6,0.5232
STN-02,07-03-2021 06:00,1.7,29,112,10.5,68.9,0.4874
STN-02,07-03-2021 07:00,2.7,168,128,10.9,74.5,0.5579
STN-02,07-03-2021 08:00,4.1,343,169,11.2,69.3,0.547
STN-02,07-03-2021 09:00,4.6,379,169,12.6,72.1,0.6353
STN-02,07-03-2021 10:00,,323,165,16,62.1,0.6201
STN-02,07-03-2021 11:00,2.9,201,150,18.2,56.2,0.6144
STN-02,07-03-2021 12:00,3.2,162,149,17.8,52.9,0.572
STN-02,07-03-2021 13:00,3.3,202,141,18.2,50.9,0.5451
STN-02,07-03-2021 14:00,3.4,179,139,19.7,48.8,0.5869
STN-02,07-03-2021 15:00,3.7,243,160,20,48.5,0.5952
STN-02,07-03-2021 16:00,4.6,320,162,20.4,52.6,0.6175
STN-02,07-03-2021 17:00,4,245,168,20.1,56.6,0.6404
STN-02,07-03-2021 18:00,4.3,260,173,20,52.8,0.623
STN-02,07-03-2021 19:00,4.7,292,174,17.9,58.1,0.6211
STN-02,07-03-2021 20:00,4.4,293,186,16.9,62.2,0.6418
STN-02,07-03-2021 21:00,2.2,113,157,16.8,54.9,0.566
STN-02,07-03-2021 22:00,1.7,55,152,16.4,55.7,0.5449
STN-02,07-03-2021 23:00,0.7,1,124,15.3,53.4,0.5082
STN-02,08-03-2021 00:00,0.7,1,118,14.7,54.3,0.479
STN-02,08-03-2021 01:00,0.7,1,101,13.9,54.7,0.4392
STN-02,08-03-2021 02:00,0.7,1,88,13.5,62.4,0.5202
STN-02,08-03-2021 03:00,1.3,55,122,12.6,,0.5009
STN-02,08-03-2021 04:00,0.6,4,91,10.5,,0.435
STN-02,08-03-2021 05:00,1.3,119,86,10.4,72.1,0.484
STN-02,08-03-2021 06:00,1.5,107,98,10.5,78.3,0.5627
STN-02,08-03-2021 07:00,2.1,118,98,11.4,74.4,0.5439
STN-02,08-03-2021 08:00,3.1,181,122,11.7,84.2,0.6657
STN-02,08-03-2021 09:00,3.2,145,136,11.7,80,0.5999
STN-02,08-03-2021 10:00,2.4,122,138,14.7,75.3,0.5885
STN-02,08-03-2021 11:00,2.4,122,138,14.7,75.3,0.5885
STN-02,08-03-2021 12:00,1.9,104,128,18.1,63.8,0.5246
STN-02,08-03-2021 13:00,2.3,136,122,17.7,63.6,0.482
STN-02,08-03-2021 14:00,2.8,185,127,16.2,62,0.4373
STN-02,08-03-2021 15:00,2.5,205,130,17.4,64.3,0.472
STN-02,08-03-2021 16:00,3,222,138,18.8,67.8,0.5573
STN-02,08-03-2021 17:00,3.2,215,146,17.6,68.7,0.5392
STN-02,08-03-2021 18:00,3.7,199,149,16,72.3,0.5736
STN-02,08-03-2021 19:00,2.7,117,134,15.4,76.7,0.679
STN-02,08-03-2021 20:00,1.8,22,,14.3,81.5,0.7261
STN-02,08-03-2021 21:00,0.8,1,112,12.6,85.3,0.708
STN-02,08-03-2021 22:00,0.4,1,104,11.7,84.9,0.6691
STN-02,08-03-2021 23:00,0.1,1,83,13.3,85.4,0.726
STN-02,09-03-2021 00:00,1.1,1,114,13.1,82.9,0.6233
STN-02,09-03-2021 01:00,0.9,1,104,12.3,85.1,0.6381
STN-02,09-03-2021 02:00,0.6,1,96,11.4,92.1,0.6844
STN-02,09-03-2021 03:00,0.3,1,105,11.4,93.4,0.7407
STN-02,09-03-2021 04:00,0.5,1,110,11,96.8,0.7679
STN-02,09-03-2021 05:00,0.9,16,120,11.2,91.5,0.7069
STN-02,09-03-2021 06:00,0,1,110,10,94.5,0.6895
STN-02,09-03-2021 07:00,0.1,9,134,9.8,96.4,0.7213
STN-02,09-03-2021 08:00,1.7,,158,11.2,99,0.8377
STN-02,09-03-2021 09:00,2.4,137,186,12.3,99,0.8664
STN-02,09-03-2021 10:00,3,176,189,14.3,95.9,0.8693
STN-02,09-03-2021 11:00,2.4,187,194,15.2,88.9,0.79
STN-02,09-03-2021 12:00,2.6,163,176,18.1,84.2,0.8244
STN-02,09-03-2021 13:00,2.5,165,162,18.1,82.6,0.82
STN-02,09-03-2021 14:00,1.2,22,140,19.3,78.6,0.8048
STN-02,09-03-2021 15:00,1.3,63,165,18.8,76.4,0.7517
STN-02,09-03-2021 16:00,2,93,183,18.3,69.6,0.64
STN-02,09-03-2021 17:00,3,172,199,16.4,77.9,0.6864
STN-02,09-03-2021 18:00,3.3,172,192,13.9,83.6,0.6769
STN-02,09-03-2021 19:00,3.8,154,197,12.8,89.9,0.7584
STN-02,09-03-2021 20:00,4.2,255,,12.5,94.4,0.8319
STN-02,09-03-2021 21:00,2.5,156,193,11.6,91.3,0.7584
STN-02,09-03-2021 22:00,2.5,213,219,12.1,87.1,
STN-02,09-03-2021 23:00,1.9,,199,10.2,95.8,0.7129
STN-02,10-03-2021 00:00,2.1,214,212,8.4,94.2,0.6165
STN-02,10-03-2021 01:00,2.3,245,,7.8,94.1,0.629
STN-02,10-03-2021 02:00,2,213,184,,89,0.5282
STN-02,10-03-2021 03:00,1.1,125,165,8,,0.5859
STN-02,10-03-2021 04:00,1.2,101,138,8.4,98.6,0.6883
STN-02,10-03-2021 05:00,1.5,160,145,8,99,0.7409
STN-02,10-03-2021 06:00,1.2,135,139,7.7,99,0.8182
STN-02,10-03-2021 07:00,1.6,270,149,8.9,99,0.877
STN-02,10-03-2021 08:00,2.5,405,177,10.5,99,0.9536
STN-02,10-03-2021 09:00,3,343,186,14.3,97.5,0.9506
STN-02,10-03-2021 10:00,2.5,230,175,16.3,84.8,0.8335
STN-02,10-03-2021 11:00,1.7,125,156,17.6,81.1,0.8015
STN-02,10-03-2021 12:00,1.7,102,160,18.5,79.9,0.8052
STN-02,10-03-2021 13:00,1.1,61,150,20,73.6,0.8022
STN-02,10-03-2021 14:00,0.9,107,146,,74.9,0.7841
STN-02,10-03-2021 15:00,1.3,120,127,19.6,73.8,0.8076
STN-02,10-03-2021 16:00,,145,132,19.3,76.1,0.852
STN-02,10-03-2021 17:00,,,139,18,76.3,0.852
STN-02,10-03-2021 18:00,1.9,151,141,16.5,74.7,0.7747
STN-02,10-03-2021 19:00,2.3,101,146,14.3,74.5,0.757
STN-02,10-03-2021 20:00,1.4,16,,10.11984002,76.1,0.574334649
STN-02,10-03-2021 21:00,1.6,76,133,6.339680037,82,0.426869299
STN-02,10-03-2021 22:00,1,37,115,2.859520055,88,0.323203948
STN-02,10-03-2021 23:00,0.6,23,102,-0.420639926,85.6,0.086838598
STN-02,11-03-2021 00:00,0.9,1,104,-2.380693253,85.6,0.05
STN-02,11-03-2021 01:00,1.2,15,108,-2.880693253,85.4,0.05
STN-02,11-03-2021 02:00,1,,110,-4.780693253,89.5,0.05
STN-02,11-03-2021 03:00,0.8,53,109,-6.380693253,91.3,0.05
STN-02,11-03-2021 04:00,1.1,19,87,-7.580693253,93.6,0.05
STN-02,11-03-2021 05:00,,1,88,-8.180693253,93.7,0.05
STN-02,11-03-2021 06:00,1.3,74,124,-6.680693253,89.2,0.05
STN-02,11-03-2021 07:00,1.3,97,135,-7.280693253,85.2,0.05
STN-02,11-03-2021 08:00,1.7,180,149,-6.880693253,99,0.05
STN-02,11-03-2021 09:00,1.8,158,136,9.6,82.6,0.8103
STN-02,11-03-2021 10:00,1.3,143,116,11.5,80.2,0.8239
STN-02,11-03-2021 11:00,1.3,43,127,14.6,68.4,0.7904
STN-02,11-03-2021 12:00,1.7,88,140,16.1,64.4,0.7993
STN-02,11-03-2021 13:00,2.2,81,139,,67.8,0.8457
STN-02,11-03-2021 14:00,2.2,109,135,18.5,61,0.8228
STN-02,11-03-2021 15:00,2.1,146,147,19.9,57,0.8149
STN-02,11-03-2021 16:00,1.6,90,144,19,55.7,0.7676
STN-02,11-03-2021 17:00,2.9,275,174,17.3,61.2,0.793
STN-02,11-03-2021 18:00,3.1,274,177,15.5,66,0.8231
STN-02,11-03-2021 19:00,3.8,314,196,16.5,68.7,0.9086
STN-02,11-03-2021 20:00,3.2,313,170,15.3,71.2,0.9104
STN-02,11-03-2021 21:00,2.9,319,,13.8,71,0.8728
STN-02,11-03-2021 22:00,2.2,207,152,13,77.8,0.9441
STN-02,11-03-2021 23:00,2.8,256,156,13.3,81.9,1.0198
STN-02,12-03-2021 00:00,3.1,296,,10.2,86.6,1.01
STN-02,12-03-2021 01:00,1.8,226,141,9.1,88.5,0.951
STN-02,12-03-2021 02:00,,191,128,8.9,89.5,0.9452
STN-02,12-03-2021 03:00,2.3,241,147,9.1,93.1,0.9805
STN-02,12-03-2021 04:00,2.1,140,120,9.4,87.7,
STN-02,12-03-2021 05:00,1.3,108,102,8.9,87.3,0.8485
STN-02,12-03-2021 06:00,0.4,36,88,9.8,82.3,0.817
STN-02,12-03-2021 07:00,2.1,229,129,,83.8,0.8137
STN-02,12-03-2021 08:00,3.7,343,151,,81.2,0.8114
STN-02,12-03-2021 09:00,3.7,344,156,11.9,79.7,0.8191
STN-02,12-03-2021 10:00,2.4,285,175,14.6,71.1,0.7541
STN-02,12-03-2021 11:00,1.7,238,143,13.8,72.7,0.7048
STN-02,12-03-2021 12:00,1.3,188,138,15.2,67.1,0.6498
STN-02,12-03-2021 13:00,1.3,184,124,15.8,63.9,0.6096
STN-02,12-03-2021 14:00,2,240,137,13.9,70.6,0.6296
STN-02,12-03-2021 15:00,1.6,266,139,13.5,74.3,0.6739
STN-02,12-03-2021 16:00,2.4,319,145,13.9,81.2,0.7501
STN-02,12-03-2021 17:00,2.9,341,,11.7,,0.744
STN-02,12-03-2021 18:00,2.6,263,164,11,84.9,0.7933
STN-02,12-03-2021 19:00,4.3,438,206,10.1,89.5,0.8301
STN-02,12-03-2021 20:00,4.2,478,216,9,91.3,0.833
STN-02,12-03-2021 21:00,2,262,163,9.2,91.1,0.861
STN-02,12-03-2021 22:00,1.2,175,139,6.6,97.7,
STN-02,12-03-2021 23:00,0.9,75,113,7.2,96.5,0.8704
STN-02,13-03-2021 00:00,0.9,,103,7.1,,0.8681
STN-02,13-03-2021 01:00,1,75,111,6.7,99,0.884
STN-02,13-03-2021 02:00,1,51,84,5.6,99,0.9153
STN-02,13-03-2021 03:00,1,1,71,6.5,99,0.936
STN-02,13-03-2021 04:00,0.8,1,46,5.7,99,0.9058
STN-02,13-03-2021 05:00,0.7,1,53,5,99,0.8857
STN-02,13-03-2021 06:00,0.1,1,47,4.1,99,0.8149
STN-02,13-03-2021 07:00,0.6,1,77,6.4,94.2,0.8473
STN-02,13-03-2021 08:00,1.8,89,96,7.5,95.5,0.8849
STN-02,13-03-2021 09:00,1.7,39,,8.8,90.6,0.8979
STN-02,13-03-2021 10:00,1.8,53,92,12.7,82.3,0.9143
STN-02,13-03-2021 11:00,1.5,23,97,15,73.5,0.896
STN-02,13-03-2021 12:00,0.5,1,76,15.8,66.7,0.8057
STN-02,13-03-2021 13:00,1.7,1,102,19.6,58.4,0.8045
STN-02,13-03-2021 14:00,1.9,39,110,18.9,63.2,0.8217
STN-02,13-03-2021 15:00,1.8,38,121,20.6,56.5,0.7865
STN-02,13-03-2021 16:00,2.3,55,131,20.2,52,0.7341
STN-02,13-03-2021 17:00,,,155,18.8,47.4,0.6372
STN-02,13-03-2021 18:00,2.2,46,145,19.2,48.5,0.678
STN-02,13-03-2021 19:00,2.6,143,152,18.8,54.3,0.7684
STN-02,13-03-2021 20:00,2.6,114,149,15.8,61,0.738
STN-02,13-03-2021 21:00,1.7,107,128,14,68.6,0.7822
STN-02,13-03-2021 22:00,1.2,40,127,14.1,66.2,
STN-02,13-03-2021 23:00,1.8,24,130,13.3,71.2,0.789
STN-02,14-03-2021 00:00,1.4,1,123,13,69.2,0.8037
STN-02,14-03-2021 01:00,0.7,1,,,63.2,0.6799
STN-02,14-03-2021 02:00,0.6,1,95,13.4,64.8,0.7336
STN-02,14-03-2021 03:00,1.4,72,125,12.9,66.7,0.7493
STN-02,14-03-2021 04:00,2,145,112,13,70,0.7728
STN-02,14-03-2021 05:00,3,,141,14.5,69.1,0.8281
STN-02,14-03-2021 06:00,2.9,307,162,15.2,73.6,0.8736
STN-02,14-03-2021 07:00,4.3,352,190,15.9,69.6,0.8196
STN-02,14-03-2021 08:00,5.2,384,213,17.9,67.4,0.8672
STN-02,14-03-2021 09:00,4.6,378,207,19.4,60.6,0.839
STN-02,14-03-2021 10:00,4.1,379,221,20.3,54.7,0.7804
STN-02,14-03-2021 11:00,4,348,216,21.9,53.8,0.7883
STN-02,14-03-2021 12:00,2.8,192,183,22.5,53.9,0.8139
STN-02,14-03-2021 13:00,2.7,185,181,23.7,52,0.8151
STN-02,14-03-2021 14:00,3.4,229,202,24.7,56.1,0.8694
STN-02,14-03-2021 15:00,3.2,,208,24,52.5,0.775
STN-02,14-03-2021 16:00,2.8,199,205,23.8,54.2,0.795
STN-02,14-03-2021 17:00,2.9,209,211,23.8,52.9,0.7945
STN-02,14-03-2021 18:00,3,114,188,21.1,62.3,0.823
STN-02,14-03-2021 19:00,3.8,211,197,21,62.4,0.8302
STN-02,14-03-2021 20:00,3.8,250,202,19.8,67,0.8634
STN-02,14-03-2021 21:00,2.9,195,187,18.2,67.9,0.8602
STN-02,14-03-2021 22:00,1.4,33,137,18,69.3,0.8747
STN-02,14-03-2021 23:00,1.1,1,138,18.5,65.7,0.8564
STN-02,15-03-2021 00:00,1.6,51,138,19,67.4,0.8913
STN-02,15-03-2021 01:00,0.9,1,120,18.9,68.8,0.9326
STN-02,15-03-2021 02:00,1.2,1,111,17.3,68,0.8314
STN-02,15-03-2021 03:00,0.3,1,102,16.9,68.8,0.7881
STN-02,15-03-2021 04:00,0.2,1,92,16.5,66.9,0.7568
STN-02,15-03-2021 05:00,0.7,1,121,16,67.7,0.7683
STN-02,15-03-2021 06:00,0,1,125,14.9,65.2,0.6922
STN-02,15-03-2021 07:00,0.9,146,160,14.6,67.1,0.6878
STN-02,15-03-2021 08:00,2.5,336,191,15.9,59.6,0.6278
STN-02,15-03-2021 09:00,2.4,307,192,17,58.6,0.6684
STN-02,15-03-2021 10:00,1.9,269,189,20.4,52.2,0.6814
STN-02,15-03-2021 11:00,,286,195,22.7,48.1,0.672
STN-02,15-03-2021 12:00,0.4,119,158,23.7,42.1,0.6004
STN-02,15-03-2021 13:00,1.2,176,178,24.7,32.6,0.5106
STN-02,15-03-2021 14:00,2,,204,24.1,32.8,0.4599
STN-02,15-03-2021 15:00,2.6,311,200,24.4,38.8,0.498
STN-02,15-03-2021 16:00,,249,177,23.7,45.9,0.569
STN-02,15-03-2021 17:00,3,367,182,24.5,44.3,0.6067
STN-02,15-03-2021 18:00,4,416,206,21.4,55.7,0.6446
STN-02,15-03-2021 19:00,2.6,223,172,20.4,59,0.6654
STN-02,15-03-2021 20:00,2.5,194,158,,65.8,0.6793
STN-02,15-03-2021 21:00,1.4,135,145,16.4,69.5,0.7033
STN-02,15-03-2021 22:00,0.6,8,117,15.6,75,0.7542
STN-02,15-03-2021 23:00,,1,115,15.1,75,0.7512
STN-02,16-03-2021 00:00,0.8,1,96,13.7,79.4,0.7476
STN-02,16-03-2021 01:00,0,1,74,13.5,76.4,0.7037
STN-02,16-03-2021 02:00,0,1,58,11.8,79.9,0.6936
STN-02,16-03-2021 03:00,0,1,73,10.4,83.3,0.6427
STN-02,16-03-2021 04:00,0.3,1,48,9.4,89.1,0.6479
STN-02,16-03-2021 05:00,1.1,1,,8.8,94.7,0.6971
STN-02,16-03-2021 06:00,1.9,122,114,8.6,99,0.7771
STN-02,16-03-2021 07:00,2.8,221,144,9,98.2,0.7781
STN-02,16-03-2021 08:00,4.2,339,178,11.1,93.1,0.7885
STN-02,16-03-2021 09:00,3.6,393,173,12.7,89.3,0.7917
STN-02,16-03-2021 10:00,2.3,198,154,14.5,82.2,0.7749
STN-02,16-03-2021 11:00,1.7,193,159,16.7,73.1,0.7466
STN-02,16-03-2021 12:00,2,228,164,18.3,70.9,0.7885
STN-02,16-03-2021 13:00,2.3,228,,18.4,62.7,0.6876
STN-02,16-03-2021 14:00,2.8,297,178,17.8,61.4,0.6409
STN-02,16-03-2021 15:00,2.3,233,169,18.5,62,0.6811
STN-02,16-03-2021 16:00,2.1,202,169,18.4,68.2,0.7888
STN-02,16-03-2021 17:00,2.8,283,186,17.9,,0.8209
STN-02,16-03-2021 18:00,2.4,227,188,14.3,74.7,0.7387
STN-02,16-03-2021 19:00,2.6,196,,12.6,83.6,0.7902
STN-02,16-03-2021 20:00,2.4,145,206,12.1,83.3,0.8082
STN-02,16-03-2021 21:00,1.5,52,408.617308,11.3,85.1,0.8236
STN-02,16-03-2021 22:00,1.3,1,151,10.9,91.5,0.913
STN-02,16-03-2021 23:00,2.5,38,161,11.3,94.7,0.9788
STN-02,17-03-2021 00:00,2.4,32,144,10.6,96.1,0.9782
STN-02,17-03-2021 01:00,1.9,17,128,11.1,99,1.0864
STN-02,17-03-2021 02:00,2,1,103,11.6,99,1.0985
STN-02,17-03-2021 03:00,1.7,1,113,11.1,97.8,1.0784
STN-02,17-03-2021 04:00,1,1,75,11.5,96.4,1.0759
STN-02,17-03-2021 05:00,1.4,1,84,11.4,96.9,1.0779
STN-02,17-03-2021 06:00,2.1,54,94,9.9,98.4,1.043
STN-02,17-03-2021 07:00,3.3,208,132,8.1,99,1.0682
STN-02,17-03-2021 08:00,4.2,,156,9.4,95.3,1.0148
STN-02,17-03-2021 09:00,4.8,504,179,11.2,94.5,1.0467
STN-02,17-03-2021 10:00,4.3,403,183,14.7,81.7,1.0087
STN-02,17-03-2021 11:00,3.6,415,194,17.2,74.4,0.9951
STN-02,17-03-2021 12:00,3.6,412,203,18.7,66.4,0.9293
STN-02,17-03-2021 13:00,3.7,383,206,18.9,69.2,0.9254
STN-02,17-03-2021 14:00,2.3,243,170,18.5,71.5,0.9085
STN-02,17-03-2021 15:00,1.4,80,171,18.6,67.5,0.8621
STN-02,17-03-2021 16:00,1.5,69,165,19.8,60.8,0.8346
STN-02,17-03-2021 17:00,1.7,123,179,19.2,59.2,0.8225
STN-02,17-03-2021 18:00,2.3,,172,17,64,0.7995
STN-02,17-03-2021 19:00,2.4,275,211,17.1,68.9,
STN-02,17-03-2021 20:00,1.5,336,206,14.6,77.7,0.9009
STN-02,17-03-2021 21:00,1.6,318,215,14.5,78.1,0.915
STN-02,17-03-2021 22:00,1.8,279,,13.4,81.6,0.9043
STN-02,17-03-2021 23:00,1.9,197,195,12.2,83.5,0.895
STN-02,18-03-2021 00:00,1.2,97,173,12.2,84.7,0.8955
STN-02,18-03-2021 01:00,0.6,49,151,13.2,77.8,0.846
STN-02,18-03-2021 02:00,0,1,141,12.8,78.6,0.844
STN-02,18-03-2021 03:00,0,1,132,11.4,83,0.8412
STN-02,18-03-2021 04:00,0,1,114,11.6,84.8,0.87
STN-02,18-03-2021 05:00,0.4,1,132,13.4,83.6,0.9486
STN-02,18-03-2021 06:00,1.2,20,139,12.8,87.5,0.9627
STN-02,18-03-2021 07:00,,,148,14.4,85.9,0.9892
STN-02,18-03-2021 08:00,3.3,142,165,15.2,82.5,0.9861
STN-02,18-03-2021 09:00,3,87,156,17.8,77.6,1.0382
STN-02,18-03-2021 10:00,2.4,127,176,19.5,68.7,0.9792
STN-02,18-03-2021 11:00,2.6,156,204,20.4,59.8,0.907
STN-02,18-03-2021 12:00,1.3,24,,20.4,55.3,0.8364
STN-02,18-03-2021 13:00,2.2,160,188,20.5,55.2,0.7729
STN-02,18-03-2021 14:00,2.8,255,204,20.2,54.4,0.7703
STN-02,18-03-2021 15:00,2.2,182,185,20.4,54.3,0.7783
STN-02,18-03-2021 16:00,2.2,179,184,18.4,58.8,0.7445
STN-02,18-03-2021 17:00,1.9,125,181,16.3,60.1,0.6793
STN-02,18-03-2021 18:00,3.1,270,200,15.8,65.9,0.7561
STN-02,18-03-2021 19:00,3.7,255,194,11.6,75.5,0.7366
STN-02,18-03-2021 20:00,3.3,201,179,11.7,75.9,0.7687
STN-02,18-03-2021 21:00,2.2,153,151,11.3,81.7,0.8259
STN-02,18-03-2021 22:00,1.3,77,146,10.9,83.9,0.8088
STN-02,18-03-2021 23:00,1.8,153,,10,90.1,0.8492
STN-02,19-03-2021 00:00,1.9,108,124,10.1,91.9,0.873
STN-02,19-03-2021 01:00,1.8,139,135,9.6,94.8,0.8884
STN-02,19-03-2021 02:00,2.3,146,128,12.3,99,1.0935
STN-02,19-03-2021 03:00,1.9,155,127,12.5,99,1.1135
STN-02,19-03-2021 04:00,2.1,127,107,11.5,99,1.0685
STN-02,19-03-2021 05:00,1.8,74,89,11.2,99,1.0938
STN-02,19-03-2021 06:00,2.3,176,127,10.3,99,1.1046
STN-02,19-03-2021 07:00,4.3,452,188,10.4,99,1.0873
STN-02,19-03-2021 08:00,5,522,203,11.2,99,1.0501
STN-02,19-03-2021 09:00,,566,223,12.8,99,1.1406
STN-02,19-03-2021 10:00,4.4,522,217,15.5,95.9,1.1527
STN-02,19-03-2021 11:00,3.6,464,208,16.9,87.9,1.0651
STN-02,19-03-2021 12:00,4.1,481,226,18,89.3,1.1073
STN-02,19-03-2021 13:00,3.9,377,224,18.3,85.9,1.1068
STN-02,19-03-2021 14:00,2.9,353,207,18.3,88.3,1.164
STN-02,19-03-2021 15:00,2.5,271,198,19.8,85.9,1.1926
STN-02,19-03-2021 16:00,2.6,210,183,19.3,85,1.1659
STN-02,19-03-2021 17:00,3.1,264,184,19.5,85.2,1.1939
STN-02,19-03-2021 18:00,4.3,353,204,18.4,92.2,1.2397
STN-02,19-03-2021 19:00,4.7,389,218,16.3,94.9,1.2317
STN-02,19-03-2021 20:00,3.1,317,201,16,92.6,1.2056
STN-02,19-03-2021 21:00,2.4,,180,15.6,93.6,1.2184
STN-02,19-03-2021 22:00,1.7,84,139,15.2,90.1,1.1571
STN-02,19-03-2021 23:00,1.7,-2.871372749,142,12.7,94.5,1.1141
STN-02,20-03-2021 00:00,1.6,4,123,12.5,99,
STN-02,20-03-2021 01:00,0.8,1,98,12.1,,1.2193
STN-02,20-03-2021 02:00,0.6,1,90,12,99,1.2041
STN-02,20-03-2021 03:00,0.7,1,101,11.7,98.7,1.1825
STN-02,20-03-2021 04:00,0.4,1,59,13,99,1.2277
STN-02,20-03-2021 05:00,1,1,77,12.6,99,1.2047
STN-02,20-03-2021 06:00,1.2,1,106,10,96.9,1.0824
STN-02,20-03-2021 07:00,2.3,114,131,11.7,85.8,0.9961
STN-02,20-03-2021 08:00,3.3,240,157,11.7,81.5,0.9603
STN-02,20-03-2021 09:00,3.4,269,157,13,73.9,0.9126
STN-02,20-03-2021 10:00,2.6,154,146,16,65.7,0.9165
STN-02,20-03-2021 11:00,2.9,214,158,17,70.7,0.9734
STN-02,20-03-2021 12:00,2.8,,167,18.1,68.7,0.9822
STN-02,20-03-2021 13:00,1.8,151,140,18.1,69.5,0.9581
STN-02,20-03-2021 14:00,2.2,181,130,18.7,63.6,0.8866
STN-02,20-03-2021 15:00,2.3,203,145,18.5,59.6,0.8536
STN-02,20-03-2021 16:00,3,244,149,19.6,58.8,0.9128
STN-02,20-03-2021 17:00,3.9,310,,17.7,63.3,0.9155
STN-02,20-03-2021 18:00,5.1,464,229,15.5,64.8,0.887
STN-02,20-03-2021 19:00,5.1,478,222,14.4,66.8,0.8825
STN-02,20-03-2021 20:00,5.1,,233,12.9,75.8,0.9248
STN-02,20-03-2021 21:00,2.5,118,176,12.8,70.9,0.8775
STN-02,20-03-2021 22:00,,80,147,13.8,73.5,0.9299
STN-02,20-03-2021 23:00,1.6,1,133,14.3,69.3,0.9292
STN-02,21-03-2021 00:00,2.1,64,146,14.1,74.4,0.956
STN-02,21-03-2021 01:00,2.5,19,143,13.6,76.3,0.9625
STN-02,21-03-2021 02:00,1.7,1,108,12.5,75.1,0.8881
STN-02,21-03-2021 03:00,1.1,1,81,13.5,70.6,0.8906
STN-02,21-03-2021 04:00,1.5,1,70,15.1,67.5,0.8765
STN-02,21-03-2021 05:00,2.9,1,104,15.1,69.5,0.9218
STN-02,21-03-2021 06:00,2.9,1,101,14.7,72.2,0.9532
STN-02,21-03-2021 07:00,3.2,66,119,14.5,66.9,0.9021
STN-02,21-03-2021 08:00,4.2,197,140,15.8,62.8,0.8918
STN-02,21-03-2021 09:00,4.6,239,145,18.1,59.4,0.9148
STN-02,21-03-2021 10:00,3.8,282,165,19.8,55.4,0.9323
STN-02,21-03-2021 11:00,3.5,208,164,23.3,48.2,0.9495
STN-02,21-03-2021 12:00,3.5,197,173,23.4,45.9,0.9005
STN-02,21-03-2021 13:00,3.4,176,172,23.6,47.4,0.895
STN-02,21-03-2021 14:00,3.7,682.0097144,174,26.1,45.4,0.9169
STN-02,21-03-2021 15:00,3.5,140,154,25.2,45.7,0.8916
STN-02,21-03-2021 16:00,3.1,161,136,26.8,48.7,1.0014
STN-02,21-03-2021 17:00,4,261,152,26.9,51.9,1.0012
STN-02,21-03-2021 18:00,4.6,301,159,24.7,59.8,1.054
STN-02,21-03-2021 19:00,4.3,226,,24,58.1,1.0242
STN-02,21-03-2021 20:00,3,107,118,22.6,62.3,1.0149
STN-02,21-03-2021 21:00,3,,146,21,66.7,1.0408
STN-02,21-03-2021 22:00,2.1,98,130,,66.5,1.0586
STN-02,21-03-2021 23:00,1.9,148,155,19.6,67.4,0.9978
STN-02,22-03-2021 00:00,1.7,168,153,17.9,70.1,0.9527
STN-02,22-03-2021 01:00,1.2,,151,17.5,68.9,0.9426
STN-02,22-03-2021 02:00,1.2,120,151,17.8,69.3,0.9324
STN-02,22-03-2021 03:00,0.3,1,116,17,72.8,0.948
STN-02,22-03-2021 04:00,0.5,36,117,16.3,79.6,
STN-02,22-03-2021 05:00,0.9,128,140,16.8,75.8,0.8908
STN-02,22-03-2021 06:00,2.6,316,180,15.9,81.9,0.9149
STN-02,22-03-2021 07:00,3.1,382,193,15.7,84,0.9361
STN-02,22-03-2021 08:00,3.5,475,205,16.4,80.5,0.9538
STN-02,22-03-2021 09:00,,566,247,19,71.8,0.9345
STN-02,22-03-2021 10:00,3.9,486,241,21.8,61.1,0.9179
STN-02,22-03-2021 11:00,2.6,362,223,23,55.7,0.861
STN-02,22-03-2021 12:00,2.9,337,226,24.2,53.2,0.8381
STN-02,22-03-2021 13:00,2.8,298,230,26.1,50,0.8369
STN-02,22-03-2021 14:00,12.2444867,352,233,26.8,50.7,0.8451
STN-02,22-03-2021 15:00,2.5,209,210,26.6,50.7,0.8466
STN-02,22-03-2021 16:00,2.2,127,182,26.7,45.2,0.768
STN-02,22-03-2021 17:00,2.7,174,207,25.1,48.6,0.762
STN-02,22-03-2021 18:00,2.9,176,220,23.3,49,0.7312
STN-02,22-03-2021 19:00,3.9,,218,22.5,55.1,0.7946
STN-02,22-03-2021 20:00,3.3,232,210,19.2,,0.7612
STN-02,22-03-2021 21:00,1.8,111,,16.9,59.3,0.6727
STN-02,22-03-2021 22:00,1.1,66,169,14.3,65.3,0.6203
STN-02,22-03-2021 23:00,0.9,1,137,14.7,70.1,0.6827
STN-02,23-03-2021 00:00,1.1,28,135,15.6,67.2,0.7595
STN-02,23-03-2021 01:00,1.8,39,116,14.7,74.3,0.8486
STN-02,23-03-2021 02:00,1,1,108,15.2,,0.8255
STN-02,23-03-2021 03:00,0,1,104,13.8,71,0.8079
STN-02,23-03-2021 04:00,0.4,1,97,13,72.2,0.8162
STN-02,23-03-2021 05:00,0,1,91,13.6,71.6,0.8304
STN-02,23-03-2021 06:00,1,33,117,13.1,73.8,0.8487
STN-02,23-03-2021 07:00,2.2,130,129,13.1,72.2,0.8425
STN-02,23-03-2021 08:00,2.3,186,163,14.9,61.5,0.7808
STN-02,23-03-2021 09:00,1.4,,,17,51.1,0.7504
STN-02,23-03-2021 10:00,0.6,48,162,19.2,42.4,0.6908
STN-02,23-03-2021 11:00,0.6,46,176,21.7,36.8,0.6653
STN-02,23-03-2021 12:00,1.1,56,193,,34.6,0.6171
STN-02,23-03-2021 13:00,,78,190,22.3,34.4,0.6129
STN-02,23-03-2021 14:00,1.9,160,205,23.3,34.3,0.6103
STN-02,23-03-2021 15:00,1.3,119,192,24,30.2,0.5478
STN-02,23-03-2021 16:00,1.3,73,171,23.6,30.2,0.5491
STN-02,23-03-2021 17:00,2.2,,195,22.1,30.9,0.5284
STN-02,23-03-2021 18:00,2,97,172,21.5,27.2,0.5232
STN-02,23-03-2021 19:00,2.1,89,170,19.7,35.3,0.5737
STN-02,23-03-2021 20:00,2.3,169,188,18.3,36.8,0.5358
STN-02,23-03-2021 21:00,1.3,115,178,17.3,43,0.5646
STN-02,23-03-2021 22:00,1.5,94,182,16.9,43.8,0.5554
STN-02,23-03-2021 23:00,1.6,93,186,14.2,48.1,0.5145
STN-02,24-03-2021 00:00,1.4,116,171,14.5,49.4,
STN-02,24-03-2021 01:00,1.2,71,135,16,45.2,0.575
STN-02,24-03-2021 02:00,0.6,38,108,14.9,52.2,0.6085
STN-02,24-03-2021 03:00,0,1,106,13,57,0.5537
STN-02,24-03-2021 04:00,0.3,22,96,12.5,54.6,0.4772
STN-02,24-03-2021 05:00,0,1,97,12.7,55.4,0.471
STN-02,24-03-2021 06:00,0,24,123,11.3,56,0.3922
STN-02,24-03-2021 07:00,1,173,160,11,55.5,0.413
STN-02,24-03-2021 08:00,2.5,,213,10.9,57.8,0.4114
STN-02,24-03-2021 09:00,2.3,376,222,11.9,46.1,0.3187
STN-02,24-03-2021 10:00,2.2,419,223,14.6,41.8,0.3448
STN-02,24-03-2021 11:00,0.96287705,364,215,16.5,38.9,-0.620148397
STN-02,24-03-2021 12:00,1.714988716,338,210,17.9,41.7,0.4403
STN-02,24-03-2021 13:00,0.580140342,262,193,18.5,38,0.3977
STN-02,24-03-2021 14:00,,189,184,18.3,30,0.2637
STN-02,24-03-2021 15:00,1.1,214,,18.2,32.9,0.2793
STN-02,24-03-2021 16:00,1.5,267,200,17.4,32.5,0.2406
STN-02,24-03-2021 17:00,1.2,175,186,16.9,30.4,0.2063
STN-02,24-03-2021 18:00,2.3,261,194,16.5,33.6,0.2363
STN-02,24-03-2021 19:00,2.8,259,193,15.1,34.5,0.1985
STN-02,24-03-2021 20:00,3.4,301,197,14.8,43.3,0.271
STN-02,24-03-2021 21:00,1.9,111,166,15,37.1,0.1856
STN-02,24-03-2021 22:00,0.4,13,140,14.3,41.9,0.2239
STN-02,24-03-2021 23:00,0.7,76,141,13.9,41.2,
STN-02,25-03-2021 00:00,0,1,121,13.4,45.1,0.1986
STN-02,25-03-2021 01:00,0,1,104,13,46.8,0.1902
STN-02,25-03-2021 02:00,0.2,1,105,13.6,45,0.1652
STN-02,25-03-2021 03:00,0,1,105,13.8,44.3,0.1633
STN-02,25-03-2021 04:00,0.1,13,94,13.1,43,0.0988
STN-02,25-03-2021 05:00,0.1,56,103,13.2,46.8,0.1349
STN-02,25-03-2021 06:00,0,72,105,14.3,50.5,0.2144
STN-02,25-03-2021 07:00,1.6,213,137,14.8,,0.2207
STN-02,25-03-2021 08:00,3.3,365,169,15.8,47.2,0.1547
STN-02,25-03-2021 09:00,3.2,371,182,16.9,38.3,0.1335
STN-02,25-03-2021 10:00,2.9,414,195,18.9,38.6,0.1734
STN-02,25-03-2021 11:00,3.4,410,206,21.3,36,0.2473
STN-02,25-03-2021 12:00,3.6,330,187,22.3,35.6,0.256
STN-02,25-03-2021 13:00,3.6,325,179,21.8,40.7,0.2895
STN-02,25-03-2021 14:00,3.3,362,182,21.4,39.3,0.2114
STN-02,25-03-2021 15:00,3.6,440,193,21,48.7,0.3081
STN-02,25-03-2021 16:00,2.9,310,176,21,47.3,0.3182
STN-02,25-03-2021 17:00,3.1,289,170,20.5,55.6,0.3852
STN-02,25-03-2021 18:00,3.9,348,177,20.8,61.9,0.5047
STN-02,25-03-2021 19:00,3.6,343,179,18.7,61.4,0.4672
STN-02,25-03-2021 20:00,2.8,321,183,17.6,61.3,0.4694
STN-02,25-03-2021 21:00,1.1,,145,14.8,63.2,0.4158
STN-02,25-03-2021 22:00,,41,134,12.6,65.3,0.3577
STN-02,25-03-2021 23:00,0.9,41,142,10.9,67.2,0.3035
STN-02,26-03-2021 00:00,,97,132,10.6,68.2,0.2772
STN-02,26-03-2021 01:00,1.7,107,130,12.4,68.5,0.3117
STN-02,26-03-2021 02:00,1,104,118,10.1,72.4,0.2786
STN-02,26-03-2021 03:00,0.9,79,128,8.9,68.8,0.1801
STN-02,26-03-2021 04:00,0,1,102,7.2,68.8,0.0937
STN-02,26-03-2021 05:00,0,1,94,7.3,69.9,0.1015
STN-02,26-03-2021 06:00,0.4,1,108,8.4,70.8,0.1488
STN-02,26-03-2021 07:00,1.1,22,118,8.2,72.6,0.2029
STN-02,26-03-2021 08:00,2,157,157,11,69.9,0.2817
STN-02,26-03-2021 09:00,2.7,264,168,11.7,67.4,0.2934
STN-02,26-03-2021 10:00,3.1,380,200,13.5,62.8,0.3076
STN-02,26-03-2021 11:00,2.8,286,196,14.7,61.1,0.3225
STN-02,26-03-2021 12:00,2.7,308,211,16.2,56.1,0.3071
STN-02,26-03-2021 13:00,2.7,287,193,17.4,48.3,0.228
STN-02,26-03-2021 14:00,1.8,283,198,17.6,46.3,0.213
STN-02,26-03-2021 15:00,0.7,180,178,16.9,42.2,0.1463
STN-02,26-03-2021 16:00,0.7,111,167,18.7,40.2,0.1995
STN-02,26-03-2021 17:00,1,120,168,17.2,44.5,0.2107
STN-02,26-03-2021 18:00,1.5,85,147,14.7,51.3,0.201
STN-02,26-03-2021 19:00,1.6,109,141,13.8,54,0.2613
STN-02,26-03-2021 20:00,0.5,1,109,13.3,55.2,0.2672
STN-02,26-03-2021 21:00,0.4,1,115,12.1,59.5,0.3456
STN-02,26-03-2021 22:00,0,1,100,10.6,57.3,0.2672
STN-02,26-03-2021 23:00,0.2,1,129,9.3,53.4,0.1416
STN-02,27-03-2021 00:00,0.7,1,137,8.5,56.2,0.1371
STN-02,27-03-2021 01:00,0.2,1,119,8.1,58,0.1545
STN-02,27-03-2021 02:00,0.9,1,109,6.9,58.7,0.1287
STN-02,27-03-2021 03:00,2.869359919,167.6179924,198.9526197,7.4,53.3,0.0935
STN-02,27-03-2021 04:00,4.038719837,334.2359849,245.9052393,9,51.1,0.1145
STN-02,27-03-2021 05:00,4.128506477,389.7753157,277.8894459,7.6,53,0.0584
STN-02,27-03-2021 06:00,4.128506477,389.7753157,283.8894459,7.1,50,0.05
STN-02,27-03-2021 07:00,4.128506477,389.7753157,297.8894459,5.8,49.2,0.05
STN-02,27-03-2021 08:00,4.728506477,389.7753157,302.8894459,7.2,50,0.05
STN-02,27-03-2021 09:00,4.928506477,,297.8894459,9.3,50.1,0.0652
STN-02,27-03-2021 10:00,0,1,113,12.4,34.5,
STN-02,27-03-2021 11:00,1.2,25,132,14.9,35.3,0.05
STN-02,27-03-2021 12:00,1.3,37,129,15.4,37,0.0588
STN-02,27-03-2021 13:00,1.7,107,147,15.9,41.3,0.1049
STN-02,27-03-2021 14:00,1.6,148,144,14.7,46.1,0.0847
STN-02,27-03-2021 15:00,1.9,155,144,15.5,48.2,0.1163
STN-02,27-03-2021 16:00,1.9,97,128,15.3,51,0.1275
STN-02,27-03-2021 17:00,2.9,183,162,,52,0.1462
STN-02,27-03-2021 18:00,4.1,206,153,14.7,58.6,0.2776
STN-02,27-03-2021 19:00,4.4,159,142,13.8,59,0.2986
STN-02,27-03-2021 20:00,3.8,131,147,13.1,55.8,0.2574
STN-02,27-03-2021 21:00,4,183,172,11.8,54.1,0.2039
STN-02,27-03-2021 22:00,2.3,1,129,13.4,55.1,0.2554
STN-02,27-03-2021 23:00,2.6,90,138,12.8,61.7,0.3127
STN-02,28-03-2021 00:00,1.8,2,116,12.8,60.6,0.2886
STN-02,28-03-2021 01:00,1.3,1,93,12.7,59.6,0.2984
STN-02,28-03-2021 02:00,1.1,1,77,10.6,59.8,0.243
STN-02,28-03-2021 03:00,1.4,1,96,8.8,63.2,0.1942
STN-02,28-03-2021 04:00,1.1,1,64,8.7,63.4,0.2173
STN-02,28-03-2021 05:00,0.6,1,57,7.9,72.8,0.2679
STN-02,28-03-2021 06:00,1.4,1,82,8.2,75,0.3191
STN-02,28-03-2021 07:00,2.2,,100,7.9,74.7,0.2884
STN-02,28-03-2021 08:00,2.5,115,110,8.4,66.5,0.2448
STN-02,28-03-2021 09:00,2.8,134,116,10.4,66.1,0.35
STN-02,28-03-2021 10:00,1.5,34,110,11.9,61.6,0.3041
STN-02,28-03-2021 11:00,1.5,37,112,14,55.4,0.2604
STN-02,28-03-2021 12:00,1,1,105,16,54.6,0.271
STN-02,28-03-2021 13:00,0.9,1,100,14.1,58.8,0.2151
STN-02,28-03-2021 14:00,0.2,1,86,13.6,56.8,0.163
STN-02,28-03-2021 15:00,0.2,1,120,14.1,57.5,0.2037
STN-02,28-03-2021 16:00,0.2,1,119,14.2,57.8,0.235
STN-02,28-03-2021 17:00,0.6,1,124,14,57.2,0.2493
STN-02,28-03-2021 18:00,1.3,43,141,12.2,63.5,0.2969
STN-02,28-03-2021 19:00,2.4,244,161,10.3,67.7,0.2764
STN-02,28-03-2021 20:00,2.4,252,167,8.6,64.9,0.1962
STN-02,28-03-2021 21:00,1.1,28,109,7.5,71.6,0.2335
STN-02,28-03-2021 22:00,1.5,75,118,7,68.1,0.2152
STN-02,28-03-2021 23:00,1.8,129,136,5.2,,0.1915
STN-02,29-03-2021 00:00,1.5,210,146,4,70.2,0.1391
STN-02,29-03-2021 01:00,1.4,249,156,2.1,75.9,0.1423
STN-02,29-03-2021 02:00,0.9,139,127,2.7,76.8,0.2011
STN-02,29-03-2021 03:00,0.4,142,143,2.2,71,0.0833
STN-02,29-03-2021 04:00,0,27,97,0.7,70.3,0.05
STN-02,29-03-2021 05:00,0.2,100,114,1.2,71.4,0.05
STN-02,29-03-2021 06:00,0.7,188,128,1.4,72.3,0.05
STN-02,29-03-2021 07:00,0.8,217,136,2.4,68.6,0.05
STN-02,29-03-2021 08:00,,312,165,2.4,65.1,0.05
STN-02,29-03-2021 09:00,1.5,369,180,3.2,59.3,0.05
STN-02,29-03-2021 10:00,6.933997043,302,166,7.2,53.4,0.0676
STN-02,29-03-2021 11:00,1.4,357,177,9.5,47.6,0.05
STN-02,29-03-2021 12:00,1.4,375,,10.3,46.2,
STN-02,29-03-2021 13:00,0.6,205,143,9.4,49.4,0.05
STN-02,29-03-2021 14:00,0.6,110,111,10.4,51.8,0.05
STN-02,29-03-2021 15:00,0.5,55,133,10.4,52.8,0.05
STN-02,29-03-2021 16:00,1.1,146,169,11.6,49.8,0.0517
STN-02,29-03-2021 17:00,1.4,166,167,11.6,49,0.0714
STN-02,29-03-2021 18:00,2.4,189,170,10.5,54.6,0.1152
STN-02,29-03-2021 19:00,2.1,96,154,9.1,61.4,0.1574
STN-02,29-03-2021 20:00,2.3,191,163,7.3,66.8,0.1906
STN-02,29-03-2021 21:00,1.3,68,136,6.7,73.3,0.261
STN-02,29-03-2021 22:00,1.3,93,134,5.7,79.2,0.3029
STN-02,29-03-2021 23:00,1.4,80,125,6.3,79.2,0.2948
STN-02,30-03-2021 00:00,1,1,112,6.6,79.8,0.2966
STN-02,30-03-2021 01:00,0.1,1,109,5.6,85.3,0.3004
STN-02,30-03-2021 02:00,0.4,1,99,6,82,0.2765
STN-02,30-03-2021 03:00,0.4,1,99,5.4,89.8,0.3377
STN-02,30-03-2021 04:00,1.3,1,93,6.1,93.8,0.3773
STN-02,30-03-2021 05:00,1,52,113,6.5,88,0.2863
STN-02,30-03-2021 06:00,1.2,20,110,6.6,85.7,0.3011
STN-02,30-03-2021 07:00,2.1,56,139,6.9,81.3,0.2691
STN-02,30-03-2021 08:00,2.2,82,144,8.9,71.6,0.257
STN-02,30-03-2021 09:00,2.8,123,138,,66.3,0.2175
STN-02,30-03-2021 10:00,2.8,168,161,13.7,59.2,0.2554
STN-02,30-03-2021 11:00,1.8,28,135,15.9,54,0.2296
STN-02,30-03-2021 12:00,2.3,1,128,17.7,53.5,0.305
STN-02,30-03-2021 13:00,3.4,68,155,19.3,46.2,0.2547
STN-02,30-03-2021 14:00,2.9,50,139,19.9,41.7,0.1844
STN-02,30-03-2021 15:00,3.7,142,155,20.6,43.4,0.2376
STN-02,30-03-2021 16:00,3.8,292,180,20.4,47.5,0.2914
STN-02,30-03-2021 17:00,3.7,375,207,16.6,54.4,0.2665
STN-02,30-03-2021 18:00,4.7,408,199,14.3,60.9,0.2807
STN-02,30-03-2021 19:00,4.6,377,225,13.6,65.1,0.3569
STN-02,30-03-2021 20:00,3.3,274,214,14.1,67.2,0.4438
STN-02,30-03-2021 21:00,2.7,276,187,13,74.5,0.5099
STN-02,30-03-2021 22:00,2.1,239,184,11.6,77.5,0.5024
STN-02,30-03-2021 23:00,1.3,116,167,10.2,,0.5274
STN-02,31-03-2021 00:00,,93,148,9.2,77.7,0.4615
STN-02,31-03-2021 01:00,0.3,66,133,8.1,70.8,0.3572
STN-02,31-03-2021 02:00,0.1,16,105,9.3,73,0.4061
STN-02,31-03-2021 03:00,0.2,18,96,11.3,77.6,0.5268
STN-02,31-03-2021 04:00,0.1,5,60,10.7,81.6,0.5584
STN-02,31-03-2021 05:00,1.5,180,118,10.3,79.3,0.4839
STN-02,31-03-2021 06:00,0.9,167,132,8.4,75.4,0.3935
STN-02,31-03-2021 07:00,2.5,289,170,8.9,76.1,0.413
STN-02,31-03-2021 08:00,3.1,380,182,9.8,69.8,0.3671
STN-02,31-03-2021 09:00,2.7,304,148,10.6,69.7,0.3897
STN-02,31-03-2021 10:00,1.5,144,143,12,64.8,0.387
STN-02,31-03-2021 11:00,1.4,191,131,14.7,54.4,0.318
STN-02,31-03-2021 12:00,1.6,141,133,16.8,53.4,0.3569
STN-02,31-03-2021 13:00,1.4,96,141,17,49.6,0.2653
STN-02,31-03-2021 14:00,2.2,254,181,16.7,49.1,0.2584
STN-02,31-03-2021 15:00,2.5,244,155,17.8,49.4,0.3007
STN-02,31-03-2021 16:00,2.7,266,168,16.6,51.8,0.2801
STN-02,31-03-2021 17:00,3.2,255,180,13.6,51.2,0.2009
STN-02,31-03-2021 18:00,3.9,371,203,12.3,54.2,0.237
STN-02,31-03-2021 19:00,4.3,427,206,11,57.9,0.2718
STN-02,31-03-2021 20:00,4.2,463,216,9.2,60.4,0.2615
STN-02,31-03-2021 21:00,3.2,420,187,8.7,65.5,0.3416
STN-02,31-03-2021 22:00,1.808783772,295,156,8.3,67,0.38
STN-02,31-03-2021 23:00,3.698914359,243,150,8.7,71.9,0.4447
STN-02,01-04-2021 00:00,-1.011602637,98,102,11.3,69.3,0.5187
STN-02,01-04-2021 01:00,1.6,56,84,10.1,76.6,0.5469
STN-02,01-04-2021 02:00,2.2,106,102,9.9,78.1,0.5697
STN-02,01-04-2021 03:00,1.1,5,78,11.2,78,0.6132
STN-02,01-04-2021 04:00,1,1,45,10.5,77.3,0.5801
STN-02,01-04-2021 05:00,1.4,10,51,12.7,79.8,0.694
STN-02,01-04-2021 06:00,1.2,66,,12.4,87,0.7979
STN-02,01-04-2021 07:00,1,65,70,11.3,84,0.7112
STN-02,01-04-2021 08:00,1.4,165,94,12.4,81.2,0.7359
STN-02,01-04-2021 09:00,2.1,184,102,14,75.9,0.7409
STN-02,01-04-2021 10:00,2.2,186,102,15.8,69.6,0.7482
STN-02,01-04-2021 11:00,1.6,162,114,17.5,59.9,0.6787
STN-02,01-04-2021 12:00,0.9,50,96,17.9,59.1,0.6785
STN-02,01-04-2021 13:00,2.1,184,137,18.1,55.8,0.6243
STN-02,01-04-2021 14:00,1.7,149,121,18.7,52.3,0.5796
STN-02,01-04-2021 15:00,0.7,22,89,19.4,55.1,0.6149
STN-02,01-04-2021 16:00,0.3,1,81,18.9,47.3,0.479
STN-02,01-04-2021 17:00,2,46,107,20,50.8,0.5646
STN-02,01-04-2021 18:00,2.5,17,101,18.7,55.7,0.6232
STN-02,01-04-2021 19:00,2.1,1,93,16.4,62.5,0.6237
STN-02,01-04-2021 20:00,1.5,1,91,16.2,62.3,0.6434
STN-02,01-04-2021 21:00,1.5,1,80,13,65.9,0.5474
STN-02,01-04-2021 22:00,0.3,1,77,11.2,66,0.463
STN-02,01-04-2021 23:00,0.6,1,76,10.6,70.6,0.4646
STN-02,02-04-2021 00:00,0.3,1,82,11.2,66,0.4167
STN-02,02-04-2021 01:00,0.4,1,,11.6,65.8,0.4326
STN-02,02-04-2021 02:00,0.9,1,79,12.3,71.1,0.5335
STN-02,02-04-2021 03:00,0.4,1,62,13.2,74.3,0.6169
STN-02,02-04-2021 04:00,0,1,10,14.4,70.5,0.5606
STN-02,02-04-2021 05:00,0,1,8,12.7,70.3,0.4921
STN-02,02-04-2021 06:00,,1,14,13.3,68.4,0.4965
STN-02,02-04-2021 07:00,0.8,1,39,13.5,69,0.5157
STN-02,02-04-2021 08:00,1.5,1,63,13.8,65.9,0.5073
STN-02,02-04-2021 09:00,2,46,80,16.7,58.9,0.5548
STN-02,02-04-2021 10:00,1.6,71,99,19.5,51.7,0.5365
STN-02,02-04-2021 11:00,1.3,108,94,20.9,54.9,0.5473
STN-02,02-04-2021 12:00,1.5,86,82,21,51.3,0.4807
STN-02,02-04-2021 13:00,1.6,122,111,22.4,43.8,0.436
STN-02,02-04-2021 14:00,1.3,25,105,23.1,41.6,0.4179
STN-02,02-04-2021 15:00,-4.016107645,1,81,22.9,41.4,0.421
STN-02,02-04-2021 16:00,0.9,19,90,23.2,43.6,0.4744
STN-02,02-04-2021 17:00,1.5,106,119,22.3,53.7,0.5555
STN-02,02-04-2021 18:00,2.2,81,112,20.6,65.9,0.6939
STN-02,02-04-2021 19:00,3.6,192,135,18.5,75.3,0.7247
STN-02,02-04-2021 20:00,,74,103,17.9,74.8,0.6573
STN-02,02-04-2021 21:00,2.5,145,109,19.4,73.5,0.718
STN-02,02-04-2021 22:00,2.5,154,110,19.5,74,
STN-02,02-04-2021 23:00,2.7,230,126,18.3,80.2,0.8114
STN-02,03-04-2021 00:00,2.4,285,135,15.8,84.7,0.7771
STN-02,03-04-2021 01:00,2.6,289,117,13.1,90.3,0.7286
STN-02,03-04-2021 02:00,2.2,219,90,12.7,96.6,0.7972
STN-02,03-04-2021 03:00,2.1,194,105,11.1,93.7,0.7344
STN-02,03-04-2021 04:00,2.2,151,77,11.6,96,0.7466
STN-02,03-04-2021 05:00,1.7,56,71,12.3,93.9,0.7716
STN-02,03-04-2021 06:00,1.5,77,81,13.6,92.6,0.8328
STN-02,03-04-2021 07:00,1.1,40,69,14,90.5,0.8679
STN-02,03-04-2021 08:00,2.3,207,95,15,86.1,0.8606
STN-02,03-04-2021 09:00,2.3,,116,17.6,73.5,0.8182
STN-02,03-04-2021 10:00,1.3,52,97,20,64.8,0.7797
STN-02,03-04-2021 11:00,0.5,1,90,22.3,58.7,0.7733
STN-02,03-04-2021 12:00,1.6,35,97,25,54.9,0.8365
STN-02,03-04-2021 13:00,1.6,1,88,25,52.7,0.8155
STN-02,03-04-2021 14:00,1.4,62,111,24.1,49.6,0.6986
STN-02,03-04-2021 15:00,0.6,7,105,23.2,46.9,0.6366
STN-02,03-04-2021 16:00,1,1,91,23.5,43.1,0.5876
STN-02,03-04-2021 17:00,1.7,56,113,23.7,43.3,0.585
STN-02,03-04-2021 18:00,2.7,70,112,22.8,41.8,0.5629
STN-02,03-04-2021 19:00,3.4,171,144,21.8,45.5,0.6162
STN-02,03-04-2021 20:00,3.2,113,116,20.4,50.8,0.6444
STN-02,03-04-2021 21:00,2.9,117,112,19.7,56.2,0.6689
STN-02,03-04-2021 22:00,2.7,91,106,18,58.9,0.6203
STN-02,03-04-2021 23:00,,163,96,17.6,70,0.7483
STN-02,04-04-2021 00:00,3.6,184,105,16.1,74.3,0.7527
STN-02,04-04-2021 01:00,2.2,184,87,16.5,79.3,0.8148
STN-02,04-04-2021 02:00,1.5,184,73,16.7,81.3,0.8551
STN-02,04-04-2021 03:00,0.5,184,69,16.9,77.1,0.7947
STN-02,04-04-2021 04:00,1.1,184,53,15.5,80,0.7871
STN-02,04-04-2021 05:00,,184,54,16.1,81.3,0.8317
STN-02,04-04-2021 06:00,,184,74,15.4,82.9,0.8011
STN-02,04-04-2021 07:00,2,184,72,15.7,80.1,0.7587
STN-02,04-04-2021 08:00,2.2,184,79,15,78.2,0.7503
STN-02,04-04-2021 09:00,1.7,117,65,15.3,69.9,0.683
STN-02,04-04-2021 10:00,1.3,48,76,17.1,61.3,0.6792
STN-02,04-04-2021 11:00,,1,60,18.2,57.2,0.6656
STN-02,04-04-2021 12:00,0.4,1,57,18.4,51.9,0.5928
STN-02,04-04-2021 13:00,0.8,1,58,18.8,54.8,0.5892
STN-02,04-04-2021 14:00,0.1,1,44,18.3,54.4,0.5791
STN-02,04-04-2021 15:00,0.2,1,40,18.3,55.4,0.611
STN-02,04-04-2021 16:00,1.2,1,33,17.6,57.7,0.6202
STN-02,04-04-2021 17:00,3.1,21,69,16.6,60.4,0.6363
STN-02,04-04-2021 18:00,3.3,62,78,15.5,59.4,0.6668
STN-02,04-04-2021 19:00,3.4,165,106,14,60.2,0.604
STN-02,04-04-2021 20:00,2.8,193,105,12.2,66.9,0.6598
STN-02,04-04-2021 21:00,2.1,207,94,11.6,68.7,0.6275
STN-02,04-04-2021 22:00,1.3,63,60,11.3,71.9,0.6919
STN-02,04-04-2021 23:00,1.2,34,48,10.2,75.3,0.6821
STN-02,05-04-2021 00:00,2.1,74,52,9.9,76.2,0.6928
STN-02,05-04-2021 01:00,1.7,26,42,10.4,73.2,0.669
STN-02,05-04-2021 02:00,0.2,1,8,9,74.2,0.5992
STN-02,05-04-2021 03:00,0.2,1,32,9.9,70.1,0.5528
STN-02,05-04-2021 04:00,0,1,29,11,68.4,0.527
STN-02,05-04-2021 05:00,0,1,23,11.3,66.6,0.5286
STN-02,05-04-2021 06:00,0.3,1,28,11.6,68.9,0.5591
STN-02,05-04-2021 07:00,0.4,1,37,11.3,69.5,0.516
STN-02,05-04-2021 08:00,1.5,1,75,14.6,64.5,0.5985
STN-02,05-04-2021 09:00,1.7,1,82,16.2,56.1,0.5599
STN-02,05-04-2021 10:00,0,1,63,17.3,41.4,0.4089
STN-02,05-04-2021 11:00,0.2,1,60,18.6,37.1,0.383
STN-02,05-04-2021 12:00,0.9,1,81,19.5,39.2,0.4094
STN-02,05-04-2021 13:00,0.2,1,45,19.9,41.6,0.4283
STN-02,05-04-2021 14:00,0,1,24,20.6,48.3,0.545
STN-02,05-04-2021 15:00,0.3,1,28,21,50.6,0.5893
STN-02,05-04-2021 16:00,0,1,38,20.5,49.3,0.5911
STN-02,05-04-2021 17:00,1.5,1,61,19.9,54.1,0.642
STN-02,05-04-2021 18:00,1.9,1,77,18.9,55.9,0.6719
STN-02,05-04-2021 19:00,2.5,14,95,18.5,56.3,0.7013
STN-02,05-04-2021 20:00,1.7,1,73,17.3,59.4,0.7032
STN-02,05-04-2021 21:00,1.7,1,86,17.7,60.6,0.7263
STN-02,05-04-2021 22:00,1.2,1,73,17.2,61,0.734
STN-02,05-04-2021 23:00,1.6,1,81,16.7,62.6,0.7049
STN-02,06-04-2021 00:00,1.8,1,82,16.8,64.8,0.6715
STN-02,06-04-2021 01:00,2.4,1,71,17.2,,0.6639
STN-02,06-04-2021 02:00,1.3,1,34,16.4,72.2,0.6976
STN-02,06-04-2021 03:00,0.9,1,31,16.2,68.5,0.6478
STN-02,06-04-2021 04:00,0.8,1,31,16.6,63.8,0.6241
STN-02,06-04-2021 05:00,1.3,1,29,16.6,63.8,0.5849
STN-02,06-04-2021 06:00,1.8,1,37,17,67.4,0.6188
STN-02,06-04-2021 07:00,2.5,22,67,17.4,68,0.6385
STN-02,06-04-2021 08:00,2.9,3,70,20.5,64.1,0.6983
STN-02,06-04-2021 09:00,1.7,1,56,,59.3,0.7462
STN-02,06-04-2021 10:00,0.9,1,42,24,54.4,0.75
STN-02,06-04-2021 11:00,1.3,1,46,24.8,53.5,0.7334
STN-02,06-04-2021 12:00,2.1,8,64,27.8,48.5,0.7478
STN-02,06-04-2021 13:00,1.7,6,72,27.9,44.4,0.6803
STN-02,06-04-2021 14:00,1.4,28,73,27.9,39.3,0.5854
STN-02,06-04-2021 15:00,1.4,1,,28.1,37.6,0.5815
STN-02,06-04-2021 16:00,1.4,49,92,26.5,39.4,0.5207
STN-02,06-04-2021 17:00,2.2,96,110,,41.1,0.519
STN-02,06-04-2021 18:00,2.7,148,110,23.6,44.6,0.5399
STN-02,06-04-2021 19:00,3,199,128,22,49.6,
STN-02,06-04-2021 20:00,2.5,99,115,20.5,53.7,0.5845
STN-02,06-04-2021 21:00,1.5,20,114,20,55.7,0.6105
STN-02,06-04-2021 22:00,1.2,27,91,19.2,58.5,0.6132
STN-02,06-04-2021 23:00,0.8,1,71,19.4,64.3,0.6651
STN-02,07-04-2021 00:00,0.3,1,62,19.4,66.4,0.7101
STN-02,07-04-2021 01:00,0.6,1,54,21.1,62.2,0.7114
STN-02,07-04-2021 02:00,0.5,1,38,20.3,68.5,0.788
STN-02,07-04-2021 03:00,0.8,1,60,21.4,67.4,0.8279
STN-02,07-04-2021 04:00,0.4,1,42,22.3,65.9,0.8363
STN-02,07-04-2021 05:00,0,1,51,23.9,63.4,0.8647
STN-02,07-04-2021 06:00,1.2,1,71,25.2,65.2,0.9283
STN-02,07-04-2021 07:00,1.5,1,112,23.1,66.7,0.8797
STN-02,07-04-2021 08:00,2.5,124,159,24,64.3,0.8841
STN-02,07-04-2021 09:00,3.1,82,161,26.8,58.2,0.9118
STN-02,07-04-2021 10:00,2.8,35,170,27.1,56.5,0.8702
STN-02,07-04-2021 11:00,2.1,1,140,31,47.6,0.9083
STN-02,07-04-2021 12:00,2.2,1,134,32.8,43.9,0.901
STN-02,07-04-2021 13:00,1.9,1,136,34,36.2,0.8298
STN-02,07-04-2021 14:00,1.9,1,150,33.7,36.2,0.8063
STN-02,07-04-2021 15:00,2.4,1,142,34,35.5,0.7952
STN-02,07-04-2021 16:00,3.1,1,147,34.1,34.2,0.7507
STN-02,07-04-2021 17:00,3.8,85,151,32.4,42.1,
STN-02,07-04-2021 18:00,4.9,192,185,31.4,48.5,0.8221
STN-02,07-04-2021 19:00,5.3,219,201,28.8,51.8,0.8051
STN-02,07-04-2021 20:00,4.7,143,179,27.1,58.4,0.8487
STN-02,07-04-2021 21:00,3.2,57,143,26.3,60.2,0.8525
STN-02,07-04-2021 22:00,2.8,101,146,25.5,63.6,0.8749
STN-02,07-04-2021 23:00,3.3,122,154,24.3,72.1,0.9543
STN-02,08-04-2021 00:00,3.6,83,140,23.5,82.5,1.0416
STN-02,08-04-2021 01:00,3.3,29,127,23.2,79.9,-1.089575878
STN-02,08-04-2021 02:00,1.9,1,84,22.6,81.4,1.0478
STN-02,08-04-2021 03:00,1.7,1,91,22.1,80,1.037
STN-02,08-04-2021 04:00,0.5,1,48,20.2,78.9,0.9441
STN-02,08-04-2021 05:00,0.5,,48,20.9,80.5,0.9874
STN-02,08-04-2021 06:00,0.9,1,84,19.9,85.7,1.0108
STN-02,08-04-2021 07:00,1.6,1,118,19.6,85.5,1.0466
STN-02,08-04-2021 08:00,2.5,124,150,19,,1.0543
STN-02,08-04-2021 09:00,2.2,28,,20.7,81.5,1.0592
STN-02,08-04-2021 10:00,2.4,162,147,23.9,75.6,1.0897
STN-02,08-04-2021 11:00,1.8,71,121,25.2,71.8,1.0746
STN-02,08-04-2021 12:00,2.1,6,110,26,69.6,1.0695
STN-02,08-04-2021 13:00,2.5,24,,25.7,74.7,1.0939
STN-02,08-04-2021 14:00,2.9,68,93,25.7,79.1,1.135
STN-02,08-04-2021 15:00,2.2,1,89,25.5,83.3,1.1557
STN-02,08-04-2021 16:00,2.3,1,100,27.4,88,1.2634
STN-02,08-04-2021 17:00,1.9,1,85,25.3,87.9,1.2584
STN-02,08-04-2021 18:00,3.3,45,123,23.7,90.9,1.3162
STN-02,08-04-2021 19:00,3,48,112,23.1,91.3,1.3789
STN-02,08-04-2021 20:00,1.8,24,89,21.6,94.7,1.3657
STN-02,08-04-2021 21:00,1.6,35,97,20,90.3,1.3077
STN-02,08-04-2021 22:00,0,1,54,18.4,90.2,1.2748
STN-02,08-04-2021 23:00,0,1,28,17.7,91.9,1.285
STN-02,09-04-2021 00:00,0,1,31,16.4,88.3,1.202
STN-02,09-04-2021 01:00,0,1,8,16.1,91.6,1.2294
STN-02,09-04-2021 02:00,0,1,5,15.4,87.8,1.1151
STN-02,09-04-2021 03:00,0,1,30,12.8,91.2,1.0355
STN-02,09-04-2021 04:00,0.7,1,44,13.3,91.6,1.0609
STN-02,09-04-2021 05:00,1.2,1,47,12.5,96.3,1.1144
STN-02,09-04-2021 06:00,1.1,1,48,11.9,98.3,1.1268
STN-02,09-04-2021 07:00,2.3,,84,14.2,93.9,1.158
STN-02,09-04-2021 08:00,3.4,98,102,15.1,93.2,1.1826
STN-02,09-04-2021 09:00,3.6,124,120,16.1,84.6,1.1537
STN-02,09-04-2021 10:00,3.1,219,155,16.8,79.1,1.0586
STN-02,09-04-2021 11:00,1.6,101,166,19.6,68.6,
STN-02,09-04-2021 12:00,0,1,128,21.2,54.9,0.8975
STN-02,09-04-2021 13:00,0,1,124,21.7,53.2,0.9144
STN-02,09-04-2021 14:00,0.9,1,140,23,50.2,0.9514
STN-02,09-04-2021 15:00,1.8,95,176,23.4,40.1,0.8003
STN-02,09-04-2021 16:00,2.8,113,185,24.6,38,0.8119
STN-02,09-04-2021 17:00,3.2,203,200,22.4,39.3,0.7488
STN-02,09-04-2021 18:00,3.4,274,210,19.6,44.3,0.738
STN-02,09-04-2021 19:00,3.8,321,222,18.8,46.5,0.7564
STN-02,09-04-2021 20:00,3.9,276,186,17.3,51.2,0.7801
STN-02,09-04-2021 21:00,3.2,179,175,16.9,49.4,0.7489
STN-02,09-04-2021 22:00,2.8,162,168,16.8,49.2,0.7517
STN-02,09-04-2021 23:00,4,292,183,17,53.8,0.7909
STN-02,10-04-2021 00:00,3.4,200,153,16.5,56.8,0.8532
STN-02,10-04-2021 01:00,2.3,70,122,16,62.2,0.8547
STN-02,10-04-2021 02:00,1.6,43,100,15.4,60.1,0.8238
STN-02,10-04-2021 03:00,1.4,1,93,15.7,62.9,0.8549
STN-02,10-04-2021 04:00,0.6,1,62,15.5,60.3,0.8591
STN-02,10-04-2021 05:00,0.2,1,57,15.8,60.3,0.8487
STN-02,10-04-2021 06:00,0.1,1,53,15.3,62.3,
STN-02,10-04-2021 07:00,1.9,19,105,14.7,62.9,0.83
STN-02,10-04-2021 08:00,1.8,17,106,15.2,60.7,0.8333
STN-02,10-04-2021 09:00,1.3,1,107,17.1,53.1,0.8528
STN-02,10-04-2021 10:00,1.6,31,122,17.9,53.7,0.844
STN-02,10-04-2021 11:00,1.6,39,120,20.8,49.6,0.882
STN-02,10-04-2021 12:00,1.7,88,122,22,43.2,0.8192
STN-02,10-04-2021 13:00,1.6,28,104,21.7,43.6,0.8008
STN-02,10-04-2021 14:00,2.5,130,,21.7,42.5,0.7507
STN-02,10-04-2021 15:00,2.6,176,119,24.5,44,0.8417
STN-02,10-04-2021 16:00,2,121,,24.3,48.5,0.9129
STN-02,10-04-2021 17:00,2.1,16,73,24.2,54.9,1.0385
STN-02,10-04-2021 18:00,3.2,101,112,22.7,57.2,1.0172
STN-02,10-04-2021 19:00,3.9,147,120,21.1,65,1.0342
STN-02,10-04-2021 20:00,4,138,116,19.6,71.3,1.0504
STN-02,10-04-2021 21:00,3.2,136,120,17.9,74.3,1.0005
STN-02,10-04-2021 22:00,,61,88,16.7,75.7,0.925
STN-02,10-04-2021 23:00,2.1,10,57,15.6,79.1,0.9404
STN-02,11-04-2021 00:00,1.9,1,38,15.4,79.1,0.8963
STN-02,11-04-2021 01:00,1.7,1,67,15.2,78.8,0.8831
STN-02,11-04-2021 02:00,1.2,1,35,15.4,77.1,0.8667
STN-02,11-04-2021 03:00,1.4,1,32,16.4,73.3,0.8617
STN-02,11-04-2021 04:00,0.9,,4,15.8,76.2,0.8706
STN-02,11-04-2021 05:00,0.3,1,6,15.2,75.2,0.8284
STN-02,11-04-2021 06:00,1,,14,14.5,75.7,0.8095
STN-02,11-04-2021 07:00,1,1,27,,71.9,0.7818
STN-02,11-04-2021 08:00,1.9,61,63,15,67.5,0.7551
STN-02,11-04-2021 09:00,2,73,62,15.9,66.9,0.7996
STN-02,11-04-2021 10:00,1.5,45,62,18.9,64.2,0.8738
STN-02,11-04-2021 11:00,2.4,91,70,20.1,61.8,0.8653
STN-02,11-04-2021 12:00,2.3,27,74,21.2,58.7,
STN-02,11-04-2021 13:00,2.6,91,90,21.9,54.2,0.7911
STN-02,11-04-2021 14:00,2.6,58,,21.3,57.1,0.8078
STN-02,11-04-2021 15:00,2.5,1,96,21.8,54.6,0.8278
STN-02,11-04-2021 16:00,3.1,104,126,20.6,51.2,0.768
STN-02,11-04-2021 17:00,3.6,215,153,17.7,56,0.7496
STN-02,11-04-2021 18:00,3.9,219,157,15.4,65.5,0.8026
STN-02,11-04-2021 19:00,3.7,176,130,15.2,68.9,0.8463
STN-02,11-04-2021 20:00,2.7,124,122,14,75.7,
STN-02,11-04-2021 21:00,2.2,97,87,13,83.9,0.9723
STN-02,11-04-2021 22:00,1.7,63,94,12.4,85.2,0.9394
STN-02,11-04-2021 23:00,2.7,101,,12.6,88.2,1.0008
STN-02,12-04-2021 00:00,2.3,79,102,12.2,85.4,0.9781
STN-02,12-04-2021 01:00,2,21,93,12.4,90.1,1.0339
STN-02,12-04-2021 02:00,1.2,1,59,10.9,94.9,1.0284
STN-02,12-04-2021 03:00,0.6,1,65,10.5,99,1.0822
STN-02,12-04-2021 04:00,0.6,1,65,10.9,99,1.1186
STN-02,12-04-2021 05:00,1.2,1,70,10.9,98.5,1.119
STN-02,12-04-2021 06:00,1.8,63,111,11.5,95.6,1.1374
STN-02,12-04-2021 07:00,2.7,169,117,10.8,98.2,1.152
STN-02,12-04-2021 08:00,3.5,,158,10.8,94.5,1.1211
STN-02,12-04-2021 09:00,2.7,234,157,12,88,1.1181
STN-02,12-04-2021 10:00,2.9,276,164,14.9,84,1.1304
STN-02,12-04-2021 11:00,1.7,139,132,15.4,75.9,1.0659
STN-02,12-04-2021 12:00,1.3,59,114,17.7,70.2,
STN-02,12-04-2021 13:00,1,1,84,19.4,71.6,1.1039
STN-02,12-04-2021 14:00,2,,123,20.9,69.7,1.0831
STN-02,12-04-2021 15:00,1.8,94,131,21,71.4,1.1046
STN-02,12-04-2021 16:00,1.9,82,125,19.8,72.1,1.0499
STN-02,12-04-2021 17:00,2.4,148,161,18.4,75.4,1.0642
STN-02,12-04-2021 18:00,3.1,224,168,19.5,80.3,1.1796
STN-02,12-04-2021 19:00,3.6,212,167,18.2,79.9,1.1844
STN-02,12-04-2021 20:00,2.8,160,150,16.9,79.8,1.1581
STN-02,12-04-2021 21:00,2.5,157,149,16.4,79.5,1.1623
STN-02,12-04-2021 22:00,1.8,112,135,-11.6493809,84.4,1.2327
STN-02,12-04-2021 23:00,2,32,123,16.6,81.2,1.1937
STN-02,13-04-2021 00:00,1.8,1,103,15.6,87,1.2349
STN-02,13-04-2021 01:00,1.5,1,87,14.4,89.9,1.2246
STN-03,01-01-2021 00:00,0,376,179,5.2,46.7,0.5969
STN-03,01-01-2021 01:00,0,365,155,2.7,55.3,0.6091
STN-03,01-01-2021 02:00,0,305,132,2.3,55.4,0.6068
STN-03,01-01-2021 03:00,0,320,148,2.4,53.1,0.5493
STN-03,01-01-2021 04:00,0,263,131,1.8,47.7,0.4702
STN-03,01-01-2021 05:00,0,265,130,1.8,51.9,0.5013
STN-03,01-01-2021 06:00,1,440,157,0.9,57.3,0.5071
STN-03,01-01-2021 07:00,2,511,177,0.8,56.1,0.4766
STN-03,01-01-2021 08:00,2.9,620,203,3.2,,0.5264
STN-03,01-01-2021 09:00,3.4,609,215,4.6,49.2,0.5309
STN-03,01-01-2021 10:00,2.8,585,219,8.7,39.3,0.5686
STN-03,01-01-2021 11:00,2.7,622,231,10.5,36.7,0.5077
STN-03,01-01-2021 12:00,2.7,546,201,10.8,40.6,0.4991
STN-03,01-01-2021 13:00,3.1,590,220,11.7,38.7,0.4731
STN-03,01-01-2021 14:00,3.2,555,208,12.3,34.1,0.4231
STN-03,01-01-2021 15:00,3.2,519,199,14.5,29.4,0.4762
STN-03,01-01-2021 16:00,2.9,518,196,13.1,29.5,0.4382
STN-03,01-01-2021 17:00,2.6,521,183,11.9,35.4,0.4729
STN-03,01-01-2021 18:00,3.1,628,201,9.7,44.2,0.5185
STN-03,01-01-2021 19:00,3.1,638,212,9.6,47.2,0.5854
STN-03,01-01-2021 20:00,3,558,203,7.7,49.9,0.5351
STN-03,01-01-2021 21:00,1.5,358,168,7.4,44.7,0.4961
STN-03,01-01-2021 22:00,0.8,268,137,7.3,47.6,0.516
STN-03,01-01-2021 23:00,0.6,149,108,6.4,52.3,0.5562
STN-03,02-01-2021 00:00,0.7,212,118,5,59,0.545
STN-03,02-01-2021 01:00,0,20,95,5.4,56.8,0.5427
STN-03,02-01-2021 02:00,0,40,79,6,59.9,0.6041
STN-03,02-01-2021 03:00,0,85,87,6.3,59.8,0.6199
STN-03,02-01-2021 04:00,0,2,53,6.1,60.9,0.647
STN-03,02-01-2021 05:00,0,1,56,5.7,61.3,0.6362
STN-03,02-01-2021 06:00,0,1,51,3.4,64.1,0.5913
STN-03,02-01-2021 07:00,0.1,51,66,4,66.8,0.6374
STN-03,02-01-2021 08:00,2.1,273,108,5.4,70.4,0.7252
STN-03,02-01-2021 09:00,2.7,361,108,6.8,61.8,0.6868
STN-03,02-01-2021 10:00,2.8,372,116,9.9,49.3,0.6207
STN-03,02-01-2021 11:00,2.6,419,137,11,43.7,0.5517
STN-03,02-01-2021 12:00,2.3,344,129,12.1,40.7,
STN-03,02-01-2021 13:00,2.3,368,132,13.4,36.8,0.5394
STN-03,02-01-2021 14:00,1.8,261,124,13.4,35.2,0.5228
STN-03,02-01-2021 15:00,2.6,308,139,14.5,34.5,0.5289
STN-03,02-01-2021 16:00,3.4,431,165,12.3,43.2,0.5204
STN-03,02-01-2021 17:00,4.2,504,163,10.8,50.9,0.5705
STN-03,02-01-2021 18:00,3.9,464,141,10.4,52.6,0.5895
STN-03,02-01-2021 19:00,4,420,147,10.9,59.2,0.7033
STN-03,02-01-2021 20:00,3.7,408,149,9.4,64.3,0.7131
STN-03,02-01-2021 21:00,2.7,395,137,6.7,72.8,0.7204
STN-03,02-01-2021 22:00,2.3,333,110,6.4,76.8,0.7614
STN-03,02-01-2021 23:00,2.8,298,101,6.3,76.6,0.7497
STN-03,03-01-2021 00:00,2.9,294,107,6.2,82.8,0.8373
STN-03,03-01-2021 01:00,1.6,169,74,4.9,81.6,0.8066
STN-03,03-01-2021 02:00,1.5,223,76,2.6,87.5,0.7798
STN-03,03-01-2021 03:00,1.4,192,77,2.2,85.1,0.7528
STN-03,03-01-2021 04:00,1,178,54,3.4,84,0.7843
STN-03,03-01-2021 05:00,0.7,93,48,4.5,,0.8574
STN-03,03-01-2021 06:00,1.1,161,75,4.8,81.7,0.856
STN-03,03-01-2021 07:00,1.4,195,79,4.6,81.8,0.8655
STN-03,03-01-2021 08:00,2.6,380,112,5.4,84.2,0.9215
STN-03,03-01-2021 09:00,3.1,343,99,8.1,70.5,0.8993
STN-03,03-01-2021 10:00,2.6,334,96,10.1,65.8,0.9081
STN-03,03-01-2021 11:00,2.6,297,93,10.8,63.6,0.8927
STN-03,03-01-2021 12:00,3,310,86,13.4,57.3,0.8829
STN-03,03-01-2021 13:00,,291,101,12.7,58.1,0.8584
STN-03,03-01-2021 14:00,2.3,315,111,11.8,55.7,0.7852
STN-03,03-01-2021 15:00,2.7,305,98,13,54.9,0.8121
STN-03,03-01-2021 16:00,3,316,105,13,55.1,0.8115
STN-03,03-01-2021 17:00,2.8,356,111,11.3,58.7,0.8026
STN-03,03-01-2021 18:00,3.7,340,116,10,61.6,0.8411
STN-03,03-01-2021 19:00,5,445,141,9.1,66.5,0.8956
STN-03,03-01-2021 20:00,4.7,479,140,8.1,76.2,0.9895
STN-03,03-01-2021 21:00,3.4,446,145,8.5,77.5,1.0318
STN-03,03-01-2021 22:00,3.2,481,142,8.1,80.9,1.0643
STN-03,03-01-2021 23:00,3.3,501,159,5.1,84.4,0.9841
STN-03,04-01-2021 00:00,3.5,511,176,,81.1,0.9898
STN-03,04-01-2021 01:00,2.8,384,149,5.3,82,1.013
STN-03,04-01-2021 02:00,1.6,318,124,4.3,82.9,0.9508
STN-03,04-01-2021 03:00,1.7,341,128,3.3,78.9,0.897
STN-03,04-01-2021 04:00,0.6,286,112,2.1,85.2,0.8993
STN-03,04-01-2021 05:00,0,235,90,1,85.7,0.8909
STN-03,04-01-2021 06:00,0.1,245,108,-0.4,86.8,0.8901
STN-03,04-01-2021 07:00,2.3,447,153,1.7,81.4,0.8968
STN-03,04-01-2021 08:00,3.2,506,171,2.4,74.7,0.8689
STN-03,04-01-2021 09:00,3.1,551,186,4.2,61.7,0.7872
STN-03,04-01-2021 10:00,2.3,423,170,,53.6,0.7495
STN-03,04-01-2021 11:00,1.8,414,157,6.4,50.4,0.6914
STN-03,04-01-2021 12:00,1.6,340,143,8.1,49.6,0.7521
STN-03,04-01-2021 13:00,2,368,161,7,54.6,0.7654
STN-03,04-01-2021 14:00,1.9,396,155,7.1,54.7,0.7253
STN-03,04-01-2021 15:00,2.1,438,176,7.8,55.5,0.7777
STN-03,04-01-2021 16:00,1.6,367,164,7.4,49.1,0.6993
STN-03,04-01-2021 17:00,2.5,,191,7.1,48.8,0.7148
STN-03,04-01-2021 18:00,4.1,596,228,6.7,50.2,0.7171
STN-03,04-01-2021 19:00,3.7,484,209,4.1,53.9,0.6764
STN-03,04-01-2021 20:00,3.1,388,179,3.8,57.4,0.7223
STN-03,04-01-2021 21:00,2.3,386,168,3.1,58.5,0.7111
STN-03,04-01-2021 22:00,2.1,375,,3.7,60.9,0.7473
STN-03,04-01-2021 23:00,1.5,276,137,3.3,57.1,0.6767
STN-03,05-01-2021 00:00,1.3,286,132,1.5,59.9,0.6102
STN-03,05-01-2021 01:00,1.7,357,124,2,55.7,0.5618
STN-03,05-01-2021 02:00,1.3,336,120,3.3,54,0.5613
STN-03,05-01-2021 03:00,1,327,110,2.7,53.3,0.5296
STN-03,05-01-2021 04:00,0.8,201,84,2.4,54.1,0.5164
STN-03,05-01-2021 05:00,1.5,172,75,3.1,55.7,0.5525
STN-03,05-01-2021 06:00,0,21,56,3.4,53.5,0.5326
STN-03,05-01-2021 07:00,0,72,77,3.1,48.9,0.4742
STN-03,05-01-2021 08:00,0.9,,88,2.7,48.3,0.4241
STN-03,05-01-2021 09:00,0.6,206,118,3.3,43.8,0.386
STN-03,05-01-2021 10:00,0,118,105,7.1,34.7,0.3899
STN-03,05-01-2021 11:00,0,52,96,9.8,27.2,0.3807
STN-03,05-01-2021 12:00,0,1,72,11.9,27.6,0.4301
STN-03,05-01-2021 13:00,0.6,111,98,11.8,24.9,0.3971
STN-03,05-01-2021 14:00,0.8,129,95,10.9,26,
STN-03,05-01-2021 15:00,1.8,206,118,11.1,34,0.4505
STN-03,05-01-2021 16:00,2,317,152,10.5,35.7,0.4643
STN-03,05-01-2021 17:00,1.9,293,147,10.6,36.4,0.486
STN-03,05-01-2021 18:00,2.6,325,140,9.7,42.6,0.5741
STN-03,05-01-2021 19:00,3,306,140,10.4,45.5,0.6534
STN-03,05-01-2021 20:00,2.3,263,143,8.5,50.4,0.6313
STN-03,05-01-2021 21:00,1.2,140,120,6.7,55.7,0.6405
STN-03,05-01-2021 22:00,0.2,61,97,4.9,53.6,0.5465
STN-03,05-01-2021 23:00,0.5,85,100,2.9,56.3,0.4907
STN-03,06-01-2021 00:00,0.5,42,90,3.6,50.6,0.4281
STN-03,06-01-2021 01:00,0,1,75,4.4,51.8,0.4432
STN-03,06-01-2021 02:00,0.1,4,66,5.7,54.6,0.5405
STN-03,06-01-2021 03:00,0.7,105,97,6.2,54.8,0.5502
STN-03,06-01-2021 04:00,1.5,130,70,3.4,64.3,0.5289
STN-03,06-01-2021 05:00,1.4,163,70,2.9,63,0.5225
STN-03,06-01-2021 06:00,1.3,237,70,2.1,68.4,0.5419
STN-03,06-01-2021 07:00,1.2,100,70,1.7,67.1,0.5431
STN-03,06-01-2021 08:00,1.8,169,70,3.8,,0.5967
STN-03,06-01-2021 09:00,2.3,173,70,4.8,51.3,0.5318
STN-03,06-01-2021 10:00,3,243,70,7.3,50.1,0.5901
STN-03,06-01-2021 11:00,2.2,232,70,10.1,43.5,0.5588
STN-03,06-01-2021 12:00,3.3,432,70,10.6,46.4,0.5679
STN-03,06-01-2021 13:00,3.8,475,70,10.5,56.4,0.6729
STN-03,06-01-2021 14:00,4.2,438,139,11,50.5,0.6017
STN-03,06-01-2021 15:00,3.9,462,156,10.7,53.2,0.6319
STN-03,06-01-2021 16:00,2.7,321,151,11,,0.6225
STN-03,06-01-2021 17:00,3.7,421,166,11,48.8,0.63
STN-03,06-01-2021 18:00,2.8,387,169,9.9,49.1,0.6263
STN-03,06-01-2021 19:00,2.7,336,146,7.9,57.1,0.6363
STN-03,06-01-2021 20:00,2,304,138,6.9,53.1,0.5574
STN-03,06-01-2021 21:00,2.1,406,160,4.9,58.7,0.5233
STN-03,06-01-2021 22:00,0.2,189,108,5.1,60.7,0.5927
STN-03,06-01-2021 23:00,0,312,119,3.7,67.5,0.5876
STN-03,07-01-2021 00:00,0,273,108,4,64,0.5302
STN-03,07-01-2021 01:00,0,239,,4,66.2,0.5493
STN-03,07-01-2021 02:00,0.1,273,82,2.6,67.9,0.4885
STN-03,07-01-2021 03:00,0.4,356,101,2.1,67,0.4839
STN-03,07-01-2021 04:00,1,309,78,3.5,68,0.5232
STN-03,07-01-2021 05:00,1,334,86,1.6,66,0.4238
STN-03,07-01-2021 06:00,1.4,395,97,2,71.2,0.4935
STN-03,07-01-2021 07:00,2.5,552,124,2.2,71,0.4828
STN-03,07-01-2021 08:00,3.3,649,144,4.4,71.7,0.5948
STN-03,07-01-2021 09:00,3.9,700,158,6.7,59.9,0.5648
STN-03,07-01-2021 10:00,3.2,639,168,9.7,48.4,0.5277
STN-03,07-01-2021 11:00,2.3,609,162,12.1,38,0.4544
STN-03,07-01-2021 12:00,3.1,622,165,14.9,37.6,0.5133
STN-03,07-01-2021 13:00,6.773328277,389.9663675,112.0239255,14.7,35,0.4328
STN-03,07-01-2021 14:00,1.020098165,265.932735,86.04785092,16,29.5,0.4221
STN-03,07-01-2021 15:00,0.05,7.899102455,26.07177638,17.7,27.6,0.4285
STN-03,07-01-2021 16:00,0.05,1,1,17.7,27.3,0.4286
STN-03,07-01-2021 17:00,0.05,1,3.087726685,,26.6,0.4931
STN-03,07-01-2021 18:00,0.203513302,23.54334745,20.08772668,18.1,28.7,0.5233
STN-03,07-01-2021 19:00,0.05,10.54334745,32.08772668,14.5,32.6,0.4564
STN-03,07-01-2021 20:00,0.05,1,19.08772668,12.6,36.5,0.4125
STN-03,07-01-2021 21:00,0.05,1,1,12,32.7,0.369
STN-03,07-01-2021 22:00,0.05,1,1,10,33.5,0.3216
STN-03,07-01-2021 23:00,0.05,1,1,8.4,32.5,0.2998
STN-03,08-01-2021 00:00,0,76,100,6,34.2,0.2833
STN-03,08-01-2021 01:00,0,135,95,5.3,31.10914718,0.2135
STN-03,08-01-2021 02:00,0,18,62,3.5,31.49198373,0.1112
STN-03,08-01-2021 03:00,0,121,100,2.8,45.37667543,0.0578
STN-03,08-01-2021 04:00,9.022485764,66,75,2,11.38838153,0.0662
STN-03,08-01-2021 05:00,0,139,89,2.5,40.19013832,0.1508
STN-03,08-01-2021 06:00,0,182,101,1,45.7,0.1698
STN-03,08-01-2021 07:00,0.4,251,116,1.4,44.4,0.1792
STN-03,08-01-2021 08:00,1.3,280,116,3.5,47,0.2748
STN-03,08-01-2021 09:00,1.8,340,,5.2,45,0.3267
STN-03,08-01-2021 10:00,1.3,274,109,7.9,41,0.3653
STN-03,08-01-2021 11:00,1.6,294,131,10,39.4,0.3821
STN-03,08-01-2021 12:00,2.2,346,136,11.7,39.4,0.4283
STN-03,08-01-2021 13:00,2.3,,108,13.4,38.5,0.4579
STN-03,08-01-2021 14:00,3.1,280,126,14,39,0.4691
STN-03,08-01-2021 15:00,3.2,325,124,13.5,47.2,0.574
STN-03,08-01-2021 16:00,2.4,242,137,14.2,46,0.5989
STN-03,08-01-2021 17:00,2.1,254,127,,44.1,0.5955
STN-03,08-01-2021 18:00,2.9,330,149,13,44.4,0.6179
STN-03,08-01-2021 19:00,3.4,363,156,11.7,44.5,0.6211
STN-03,08-01-2021 20:00,2.9,390,159,10.3,49.4,0.6582
STN-03,08-01-2021 21:00,2.1,315,156,9.6,54.2,0.6798
STN-03,08-01-2021 22:00,1.4,312,169,8.4,57.8,0.6951
STN-03,08-01-2021 23:00,1.8,337,177,8.7,57.1,0.6807
STN-03,09-01-2021 00:00,0.8,195,144,9.7,54,0.7084
STN-03,09-01-2021 01:00,0,165,110,8.2,57.4,0.7071
STN-03,09-01-2021 02:00,0,104,80,9,61.7,0.7623
STN-03,09-01-2021 03:00,0,115,106,8.8,64.4,0.7649
STN-03,09-01-2021 04:00,0.2,73,74,9.8,67.6,0.8339
STN-03,09-01-2021 05:00,0,1,27,9.7,68.2,0.857
STN-03,09-01-2021 06:00,0,9,46,9.8,68.6,0.8719
STN-03,09-01-2021 07:00,0.1,103,70,10.6,66.8,0.9045
STN-03,09-01-2021 08:00,1.6,274,111,13.2,54.9,0.8404
STN-03,09-01-2021 09:00,2.1,297,131,13.8,50.2,0.7792
STN-03,09-01-2021 10:00,1.4,285,130,14.3,47.6,0.7325
STN-03,09-01-2021 11:00,0.5,216,133,17.2,,0.7241
STN-03,09-01-2021 12:00,0.2,118,105,18.3,34.5,0.676
STN-03,09-01-2021 13:00,0.7,158,129,18.8,31.8,0.6845
STN-03,09-01-2021 14:00,1.4,203,129,19,29.5,0.6451
STN-03,09-01-2021 15:00,0.8,148,116,18.2,31.4,0.5887
STN-03,09-01-2021 16:00,0.8,227,113,16.5,,0.5775
STN-03,09-01-2021 17:00,0.3,160,121,14.5,42.9,0.543
STN-03,09-01-2021 18:00,1.7,,129,12.6,43.8,0.5218
STN-03,09-01-2021 19:00,2.5,286,140,11.5,41.4,0.4933
STN-03,09-01-2021 20:00,,210,122,11.8,43.5,0.5719
STN-03,09-01-2021 21:00,1,189,118,11.2,42.3,0.5232
STN-03,09-01-2021 22:00,0,102,94,11,39,0.4672
STN-03,09-01-2021 23:00,0.3,137,97,10.6,42.4,0.4925
STN-03,10-01-2021 00:00,1.3,255,128,8.9,46.4,0.4874
STN-03,10-01-2021 01:00,2.1,301,127,,46,0.4943
STN-03,10-01-2021 02:00,1.2,193,110,8.3,46.6,0.5003
STN-03,10-01-2021 03:00,0.2,,99,6.7,51,0.4498
STN-03,10-01-2021 04:00,0.2,156,95,5.7,49.4,0.4152
STN-03,10-01-2021 05:00,0.7,173,91,4.8,46.2,0.3318
STN-03,10-01-2021 06:00,1.6,262,122,4.7,47.2,0.3515
STN-03,10-01-2021 07:00,2.1,319,133,5.2,49.7,0.4246
STN-03,10-01-2021 08:00,2.9,429,153,6.9,40.1,0.3641
STN-03,10-01-2021 09:00,,412,153,8.4,38.4,0.3766
STN-03,10-01-2021 10:00,1.8,379,164,10.3,33.9,0.3744
STN-03,10-01-2021 11:00,0.4,356,153,11.8,28.4,0.3466
STN-03,10-01-2021 12:00,,327,159,14.6,28.3,0.4119
STN-03,10-01-2021 13:00,0,252,140,13.8,35.6,0.4347
STN-03,10-01-2021 14:00,0,253,,13.3,34.7,0.3878
STN-03,10-01-2021 15:00,0.4,351,157,14.3,25.8,0.3242
STN-03,10-01-2021 16:00,1,313,144,13.6,31.9,0.3436
STN-03,10-01-2021 17:00,2.2,418,,,30.6,0.3903
STN-03,10-01-2021 18:00,2.7,499,200,13.3,35.4,0.4134
STN-03,10-01-2021 19:00,2.9,451,188,12.4,36.4,0.4289
STN-03,10-01-2021 20:00,2,343,163,11.9,38.2,0.4078
STN-03,10-01-2021 21:00,1.1,290,148,10.1,38.8,0.3554
STN-03,10-01-2021 22:00,0,91,122,10.6,45.4,0.4785
STN-03,10-01-2021 23:00,0.1,72,123,8.5,48.5,0.4382
STN-03,11-01-2021 00:00,0,99,121,8.4,50.7,0.4019
STN-03,11-01-2021 01:00,0.9,128,119,7.3,51.6,0.3744
STN-03,11-01-2021 02:00,0.3,96,1,14.36565407,58.4,0.691356105
STN-03,11-01-2021 03:00,0.05,42,105,21.73130815,60.9,0.960812211
STN-03,11-01-2021 04:00,0.4,21,87,32.29696222,50.4,1.237568316
STN-03,11-01-2021 05:00,0.05,1,86,32.09696222,56.1,1.314768316
STN-03,11-01-2021 06:00,0.1,17,111,32.09696222,57.4,1.333868316
STN-03,11-01-2021 07:00,1.5,166,149,32.09696222,60,1.346668316
STN-03,11-01-2021 08:00,2.8,368,184,33.79696222,57,1.398068316
STN-03,11-01-2021 09:00,3,432,186,33.89696222,55.2,1.404868316
STN-03,11-01-2021 10:00,1.9,276,172,37.59696222,46.1,1.449768316
STN-03,11-01-2021 11:00,0.7,236,158,14.5,43,0.5391
STN-03,11-01-2021 12:00,1,240,158,15.2,44.5,0.5791
STN-03,11-01-2021 13:00,1.1,275,150,14.9,42.9,0.5457
STN-03,11-01-2021 14:00,1.3,317,161,14,38.7,0.449
STN-03,11-01-2021 15:00,1.4,301,162,14.3,40.6,0.4244
STN-03,11-01-2021 16:00,1.6,318,168,11.5,41.5,0.3464
STN-03,11-01-2021 17:00,2,438,200,10.1,41.7,0.2858
STN-03,11-01-2021 18:00,3.2,512,223,7.5,48.5,0.3306
STN-03,11-01-2021 19:00,3.6,542,224,7.1,49,0.3666
STN-03,11-01-2021 20:00,3.1,468,182,4.8,54.5,0.3829
STN-03,11-01-2021 21:00,1.2,268,146,3.5,53.9,0.3453
STN-03,11-01-2021 22:00,0.7,166,141,4,58.8,0.4016
STN-03,11-01-2021 23:00,0.6,136,123,3.8,60.7,0.3901
STN-03,12-01-2021 00:00,1.7,317,161,4.3,60.3,0.4274
STN-03,12-01-2021 01:00,1.6,310,160,3.3,59.1,0.3964
STN-03,12-01-2021 02:00,1.4,287,135,4.6,64.2,0.5169
STN-03,12-01-2021 03:00,0.9,205,108,4.4,70,0.6039
STN-03,12-01-2021 04:00,0.6,204,95,4,75.7,0.6358
STN-03,12-01-2021 05:00,1,229,98,4,74.4,0.6175
STN-03,12-01-2021 06:00,0.5,166,89,2.5,77.7,0.5991
STN-03,12-01-2021 07:00,1.7,312,108,1.8,76.7,0.5791
STN-03,12-01-2021 08:00,3.1,399,150,2,75,0.5895
STN-03,12-01-2021 09:00,3.1,396,159,2.4,72.1,0.566
STN-03,12-01-2021 10:00,2.1,358,145,4.5,69.7,0.577
STN-03,12-01-2021 11:00,1,247,134,6.5,57,0.4927
STN-03,12-01-2021 12:00,0.7,252,142,6.5,60.2,0.4944
STN-03,12-01-2021 13:00,0.2,156,117,7.4,60.3,0.53
STN-03,12-01-2021 14:00,1.3,304,138,7.1,64,0.5707
STN-03,12-01-2021 15:00,1.3,,138,9.7,56.4,0.5594
STN-03,12-01-2021 16:00,1.7,295,154,10,56.9,0.5785
STN-03,12-01-2021 17:00,1.9,329,165,9.9,60.7,0.6157
STN-03,12-01-2021 18:00,1.8,263,165,7,60.2,0.4964
STN-03,12-01-2021 19:00,1.9,283,171,5.4,66.5,0.5593
STN-03,12-01-2021 20:00,2.2,323,168,4.4,75.3,0.6104
STN-03,12-01-2021 21:00,2,303,167,3.6,75,0.6054
STN-03,12-01-2021 22:00,0.8,107,130,2.5,80.3,0.637
STN-03,12-01-2021 23:00,0.6,104,105,3.3,81.3,0.6515
STN-03,13-01-2021 00:00,2.1,246,134,4.2,81.8,0.6731
STN-03,13-01-2021 01:00,1.7,263,111,3.4,83.6,0.6735
STN-03,13-01-2021 02:00,1.1,169,82,3,81,0.6849
STN-03,13-01-2021 03:00,1.2,233,105,2.8,83.7,0.7276
STN-03,13-01-2021 04:00,1.3,129,79,2.9,85.3,0.771
STN-03,13-01-2021 05:00,0.3,7,45,2.3,86.1,0.7532
STN-03,13-01-2021 06:00,0.6,1,39,1.8,92.3,0.7829
STN-03,13-01-2021 07:00,1,42,55,1.5,91.3,0.8018
STN-03,13-01-2021 08:00,2,194,80,2.7,87,0.7954
STN-03,13-01-2021 09:00,2.6,286,110,3.6,82.2,0.8106
STN-03,13-01-2021 10:00,2.6,280,105,7,73.9,0.8257
STN-03,13-01-2021 11:00,2.1,275,125,9.3,63.9,0.766
STN-03,13-01-2021 12:00,1.2,213,125,9.6,54.1,0.6314
STN-03,13-01-2021 13:00,0.3,139,102,9.3,51.2,0.5707
STN-03,13-01-2021 14:00,0,60,81,8.9,50.5,0.538
STN-03,13-01-2021 15:00,0,128,122,9.4,46.6,0.5033
STN-03,13-01-2021 16:00,0.7,277,154,8.8,46.1,0.4553
STN-03,13-01-2021 17:00,0.5,258,152,7.3,49.3,0.468
STN-03,13-01-2021 18:00,1.4,405,,5.2,53.8,0.4862
STN-03,13-01-2021 19:00,1.7,377,173,4.3,56.6,0.5058
STN-03,13-01-2021 20:00,2.5,428,186,3.5,59.1,0.4675
STN-03,13-01-2021 21:00,1.8,330,180,3.6,57.9,0.4367
STN-03,13-01-2021 22:00,1.9,322,166,3,57.9,0.3725
STN-03,13-01-2021 23:00,2.1,366,,1.9,61.2,0.3421
STN-03,14-01-2021 00:00,1.7,340,186,1.4,54.1,0.2721
STN-03,14-01-2021 01:00,1.5,314,167,1.4,53.4,0.2618
STN-03,14-01-2021 02:00,0,111,111,0.8,56.8,0.2802
STN-03,14-01-2021 03:00,0.5,187,139,0.5,62.6,0.3207
STN-03,14-01-2021 04:00,0,40,111,0.4,64.3,0.3265
STN-03,14-01-2021 05:00,0,116,120,0.5,70.8,0.3757
STN-03,14-01-2021 06:00,0.3,180,127,1.5,74.6,
STN-03,14-01-2021 07:00,2.1,302,156,2.9,66.7,0.3798
STN-03,14-01-2021 08:00,3.2,456,170,3.2,62,0.3409
STN-03,14-01-2021 09:00,3.5,503,184,6.3,55.4,0.3883
STN-03,14-01-2021 10:00,3.3,502,189,10.7,51,0.4596
STN-03,14-01-2021 11:00,2.7,447,189,13.4,43.3,0.4333
STN-03,14-01-2021 12:00,2.2,344,182,15.1,41.7,0.4814
STN-03,14-01-2021 13:00,1.5,266,176,15.7,39.9,0.527
STN-03,14-01-2021 14:00,1.2,248,167,17.3,34.2,0.5126
STN-03,14-01-2021 15:00,1.5,320,170,17,40.9,0.5716
STN-03,14-01-2021 16:00,1.6,401,176,16.5,47.4,0.623
STN-03,14-01-2021 17:00,2.6,522,206,16.9,46.4,0.6288
STN-03,14-01-2021 18:00,3,496,,16.6,53.2,0.776
STN-03,14-01-2021 19:00,2.7,436,181,15.4,58.3,0.8157
STN-03,14-01-2021 20:00,2.8,452,181,15.1,57.2,0.8309
STN-03,14-01-2021 21:00,1.2,300,165,12.6,60.1,0.7807
STN-03,14-01-2021 22:00,1.1,277,159,12.4,56.9,0.7813
STN-03,14-01-2021 23:00,1.1,277,159,12.4,56.9,0.7813
STN-03,15-01-2021 00:00,1.7,304,142,10.9,73.4,0.9599
STN-03,15-01-2021 01:00,1.5,250,132,12,73.4,0.9947
STN-03,15-01-2021 02:00,1,192,115,11.9,68.2,0.9174
STN-03,15-01-2021 03:00,0.2,94,109,11.8,64.7,0.8761
STN-03,15-01-2021 04:00,0,1,70,10.5,69.3,0.8801
STN-03,15-01-2021 05:00,0,1,69,10.2,69,0.8915
STN-03,15-01-2021 06:00,0,1,60,10.7,68.2,0.9533
STN-03,15-01-2021 07:00,0,1,70,12.6,69.4,1.0437
STN-03,15-01-2021 08:00,1,74,115,13.6,65.2,
STN-03,15-01-2021 09:00,2.2,224,139,14.6,55.2,0.9301
STN-03,15-01-2021 10:00,2.4,278,162,17.3,42.9,0.8702
STN-03,15-01-2021 11:00,2.9,288,160,18.7,41.6,0.8783
STN-03,15-01-2021 12:00,3,320,170,20,37.5,0.8499
STN-03,15-01-2021 13:00,3.4,390,158,19.9,41.7,0.861
STN-03,15-01-2021 14:00,2.9,397,150,19.9,34.7,0.7554
STN-03,15-01-2021 15:00,2.7,325,142,20,34.8,0.7375
STN-03,15-01-2021 16:00,2.7,386,164,19.8,33.7,0.738
STN-03,15-01-2021 17:00,3,319,164,17.8,39.6,0.7283
STN-03,15-01-2021 18:00,3.1,348,170,14.6,49.8,
STN-03,15-01-2021 19:00,2.4,228,,12.5,52.4,0.7958
STN-03,15-01-2021 20:00,2.3,371,174,11.6,57.2,0.8211
STN-03,15-01-2021 21:00,2.1,,211,12.1,54.1,0.8091
STN-03,15-01-2021 22:00,1.8,310,185,11.4,55.1,0.8283
STN-03,15-01-2021 23:00,1.3,232,160,10.1,52.3,
STN-03,16-01-2021 00:00,1.2,186,147,7.8,55.9,0.7541
STN-03,16-01-2021 01:00,0,109,126,6.6,55,0.7139
STN-03,16-01-2021 02:00,,49,108,6.6,59.3,0.7176
STN-03,16-01-2021 03:00,0.1,72,120,5.6,57.4,0.6624
STN-03,16-01-2021 04:00,0.3,1,78,7.3,54.4,0.7026
STN-03,16-01-2021 05:00,0,1,61,6.8,64.1,0.7646
STN-03,16-01-2021 06:00,0,1,70,6.8,63.4,0.7413
STN-03,16-01-2021 07:00,0.2,53,81,6.5,69.1,0.8106
STN-03,16-01-2021 08:00,2.3,279,129,7.4,,0.8911
STN-03,16-01-2021 09:00,2.3,277,145,8.1,65.4,0.9149
STN-03,16-01-2021 10:00,2.1,247,157,12.6,56.2,0.9376
STN-03,16-01-2021 11:00,1.2,206,149,14.3,56.7,0.9678
STN-03,16-01-2021 12:00,1,119,134,15.6,50.3,0.9097
STN-03,16-01-2021 13:00,1,78,121,16.1,43.2,0.8401
STN-03,16-01-2021 14:00,1.3,126,121,17.2,40.8,0.8542
STN-03,16-01-2021 15:00,1.6,190,118,16.9,41.9,0.8402
STN-03,16-01-2021 16:00,2,241,131,15.8,35.4,0.7462
STN-03,16-01-2021 17:00,2.6,296,166,16.2,29,0.7038
STN-03,16-01-2021 18:00,3,299,157,14.4,38.4,0.7852
STN-03,16-01-2021 19:00,4.3,481,,12.4,38.4,0.7503
STN-03,16-01-2021 20:00,3.8,457,194,11.6,38.4,0.8084
STN-03,16-01-2021 21:00,3,445,189,10.4,38.4,0.8117
STN-03,16-01-2021 22:00,2.4,362,177,9.2,38.4,0.745
STN-03,16-01-2021 23:00,3.1,405,173,9,38.4,0.7273
STN-03,17-01-2021 00:00,4.2,502,175,8.1,38.4,0.6898
STN-03,17-01-2021 01:00,2.8,368,132,7.4,38.4,0.6436
STN-03,17-01-2021 02:00,2.3,382,130,6.9,58,0.6694
STN-03,17-01-2021 03:00,1.9,340,118,7.4,61.6,
STN-03,17-01-2021 04:00,1.9,368,115,6.3,65.1,0.7567
STN-03,17-01-2021 05:00,1.6,371,113,5.9,59.8,0.6758
STN-03,17-01-2021 06:00,1.7,,111,4.5,,0.6615
STN-03,17-01-2021 07:00,2.3,,107,3.9,70.5,
STN-03,17-01-2021 08:00,4,591,153,5.2,61.2,0.6939
STN-03,17-01-2021 09:00,4.3,648,177,6.7,58.8,0.709
STN-03,17-01-2021 10:00,3.3,607,179,8.6,48.2,0.6334
STN-03,17-01-2021 11:00,4.2,674,198,10.3,42,0.6191
STN-03,17-01-2021 12:00,4.6,720,202,10.1,39.1,0.5591
STN-03,17-01-2021 13:00,3.9,584,189,10.4,36.2,0.5468
STN-03,17-01-2021 14:00,3.3,509,178,9.6,35.1,0.4642
STN-03,17-01-2021 15:00,2.5,345,156,10.3,38.1,0.5076
STN-03,17-01-2021 16:00,2.4,367,158,11.5,36.2,0.5286
STN-03,17-01-2021 17:00,1.9,311,163,9.3,40,0.5262
STN-03,17-01-2021 18:00,2.5,351,187,8.7,40.7,0.5269
STN-03,17-01-2021 19:00,3.1,482,208,7.3,43.1,0.5032
STN-03,17-01-2021 20:00,2.5,418,198,6.3,44.7,0.5324
STN-03,17-01-2021 21:00,1.6,310,167,6.6,49.4,0.5638
STN-03,17-01-2021 22:00,1.8,332,180,6.5,47.8,0.5713
STN-03,17-01-2021 23:00,1.2,245,174,7.5,45.6,0.5771
STN-03,18-01-2021 00:00,0.9,290,175,7.4,45,0.59
STN-03,18-01-2021 01:00,0.6,271,163,5.7,53.3,0.5963
STN-03,18-01-2021 02:00,0,113,98,7.4,57.2,0.6977
STN-03,18-01-2021 03:00,0.1,,99,6.7,61.7,0.6957
STN-03,18-01-2021 04:00,0,55,48,5.8,58.9,0.6309
STN-03,18-01-2021 05:00,0,,48,4.4,65,0.6034
STN-03,18-01-2021 06:00,0.5,128,80,4.6,75.8,0.7449
STN-03,18-01-2021 07:00,1.4,280,114,4.5,75.4,0.7632
STN-03,18-01-2021 08:00,1.5,,128,3.9,77.8,0.7692
STN-03,18-01-2021 09:00,1.3,330,155,5.4,68.8,0.7525
STN-03,18-01-2021 10:00,1.1,321,152,8.1,60.1,0.7218
STN-03,18-01-2021 11:00,0.3,205,126,9,58.5,0.6856
STN-03,18-01-2021 12:00,0.5,117,121,10.4,57.2,0.6955
STN-03,18-01-2021 13:00,1.9,196,135,11.2,58.3,0.6935
STN-03,18-01-2021 14:00,1.8,201,133,10.3,52.8,0.5909
STN-03,18-01-2021 15:00,0.8,99,118,10.8,51.3,0.5958
STN-03,18-01-2021 16:00,0.7,43,113,10.7,47.1,0.5689
STN-03,18-01-2021 17:00,0.6,48,116,8.4,49.6,0.5213
STN-03,18-01-2021 18:00,1.2,134,133,7.6,52.3,0.5861
STN-03,18-01-2021 19:00,2.1,196,142,5.3,66.8,0.7066
STN-03,18-01-2021 20:00,1.8,218,155,3.9,72.8,0.7477
STN-03,18-01-2021 21:00,1.4,119,140,5.1,75.5,0.8212
STN-03,18-01-2021 22:00,2,90,124,5.1,77.5,0.8928
STN-03,18-01-2021 23:00,1.4,10,112,5.2,71,0.8546
STN-03,19-01-2021 00:00,1,7,104,3.9,74.8,0.8821
STN-03,19-01-2021 01:00,0.6,7,95,4.3,74.2,0.9027
STN-03,19-01-2021 02:00,1.1,54,76,4.1,74,0.8668
STN-03,19-01-2021 03:00,0.05,1,48,-3.499996912,79.1,0.603966546
STN-03,19-01-2021 04:00,0.05,1,11,-13.89999382,79.7,0.233033092
STN-03,19-01-2021 05:00,0.05,1,1,-15,78.8,0.05
STN-03,19-01-2021 06:00,0.05,1,37,-15,79.4,0.05
STN-03,19-01-2021 07:00,0.05,35,88,-15,75.5,0.05
STN-03,19-01-2021 08:00,1.2,136,95,-15,73.3,0.05
STN-03,19-01-2021 09:00,1,142,84,-15,69,0.05
STN-03,19-01-2021 10:00,0.05,80,85,-15,59.7,0.05
STN-03,19-01-2021 11:00,0.1,78,89,-15,53.7,0.05
STN-03,19-01-2021 12:00,0.8,155,110,6.5,52.5,0.6971
STN-03,19-01-2021 13:00,1.9,253,158,6.7,48.8,0.6571
STN-03,19-01-2021 14:00,1.9,262,165,6.5,51.3,0.6384
STN-03,19-01-2021 15:00,2,279,160,7.8,52.3,0.6875
STN-03,19-01-2021 16:00,2.6,383,178,8.5,50.6,0.6746
STN-03,19-01-2021 17:00,3.5,482,180,8.7,56,0.736
STN-03,19-01-2021 18:00,3.9,400,174,8,,0.845
STN-03,19-01-2021 19:00,4.1,345,164,6.9,61.6,0.8483
STN-03,19-01-2021 20:00,3.8,389,187,6,60.9,0.8286
STN-03,19-01-2021 21:00,2.3,300,165,4.6,66.6,0.836
STN-03,19-01-2021 22:00,1.5,205,141,6.5,64.7,0.8725
STN-03,19-01-2021 23:00,1.1,128,114,3.8,67.2,0.8187
STN-03,20-01-2021 00:00,1,140,98,3.4,73.3,0.8486
STN-03,20-01-2021 01:00,0,1,57,2.1,70.2,0.7651
STN-03,20-01-2021 02:00,0,1,53,2.5,71.6,0.8006
STN-03,20-01-2021 03:00,0,21,78,3.3,66.9,0.7784
STN-03,20-01-2021 04:00,0,,78,3.6,69.9,0.8274
STN-03,20-01-2021 05:00,0.8,213,120,3.7,71.8,0.8599
STN-03,20-01-2021 06:00,0.8,240,133,5,71.2,0.8805
STN-03,20-01-2021 07:00,1.3,315,149,7.8,66.7,0.945
STN-03,20-01-2021 08:00,2.4,464,177,10.4,60.3,0.9486
STN-03,20-01-2021 09:00,3.3,516,197,12.1,58.9,0.9669
STN-03,20-01-2021 10:00,2.7,525,185,13.6,57,0.955
STN-03,20-01-2021 11:00,3.1,484,200,16.8,48.2,0.9724
STN-03,20-01-2021 12:00,2.7,387,187,17.1,45.4,0.9356
STN-03,20-01-2021 13:00,,226,162,16.9,49.9,0.972
STN-03,20-01-2021 14:00,1.8,225,161,17.1,47.8,0.9463
STN-03,20-01-2021 15:00,1.3,213,164,17.8,47.9,0.9676
STN-03,20-01-2021 16:00,0.9,206,140,17.1,46.4,0.9513
STN-03,20-01-2021 17:00,1.9,267,149,16.3,43.2,0.8957
STN-03,20-01-2021 18:00,3.2,365,167,15.1,46.2,0.9285
STN-03,20-01-2021 19:00,2.7,273,145,13.1,49.4,0.9223
STN-03,20-01-2021 20:00,2.4,260,140,13,51.2,0.9445
STN-03,20-01-2021 21:00,2.3,306,150,11.3,55.4,0.9555
STN-03,20-01-2021 22:00,2.2,,144,11.3,62.3,1.0279
STN-03,20-01-2021 23:00,2.8,403,155,10.4,63.9,1.036
STN-03,21-01-2021 00:00,2.5,306,,9.8,72.3,1.1084
STN-03,21-01-2021 01:00,2,274,118,9.9,69.7,1.0807
STN-03,21-01-2021 02:00,1.1,183,83,9.1,69,1.062
STN-03,21-01-2021 03:00,0.8,194,92,9,71.3,1.0894
STN-03,21-01-2021 04:00,0.6,171,60,9.7,73,1.132
STN-03,21-01-2021 05:00,1,141,45,9.2,78.5,1.2134
STN-03,21-01-2021 06:00,1.4,200,62,9,72.1,1.121
STN-03,21-01-2021 07:00,1.5,156,68,9.3,69.9,1.0832
STN-03,21-01-2021 08:00,3.4,416,124,10.3,68,1.1024
STN-03,21-01-2021 09:00,2.8,367,124,12.3,59.6,1.0796
STN-03,21-01-2021 10:00,2.4,350,155,14.4,49.4,1.0401
STN-03,21-01-2021 11:00,1.9,368,158,16.9,44.3,1.0213
STN-03,21-01-2021 12:00,1.4,270,132,17.1,,0.9222
STN-03,21-01-2021 13:00,2.1,321,125,16.6,37.4,0.8904
STN-03,21-01-2021 14:00,1.3,197,92,17.2,35.5,0.8512
STN-03,21-01-2021 15:00,0.8,133,81,17.9,,0.8278
STN-03,21-01-2021 16:00,0.7,152,86,18.6,26.6,0.8248
STN-03,21-01-2021 17:00,1.4,163,106,18.2,27.2,0.8236
STN-03,21-01-2021 18:00,2.7,269,141,15.8,32.5,0.8039
STN-03,21-01-2021 19:00,2.6,289,153,13.1,33.3,0.7758
STN-03,21-01-2021 20:00,2.8,366,170,12.6,43,0.8807
STN-03,21-01-2021 21:00,2,334,158,10.7,46.4,0.8839
STN-03,21-01-2021 22:00,1.9,363,174,11,48.2,0.9364
STN-03,21-01-2021 23:00,1.2,304,142,9.7,55,0.939
STN-03,22-01-2021 00:00,0.6,313,138,9.2,,0.8306
STN-03,22-01-2021 01:00,1.2,360,132,8.3,55.4,0.8154
STN-03,22-01-2021 02:00,0.9,390,129,7.6,60.4,0.8219
STN-03,22-01-2021 03:00,0.3,342,135,8.8,63.5,0.9023
STN-03,22-01-2021 04:00,0.3,289,132,7.7,60.1,0.8178
STN-03,22-01-2021 05:00,0.3,268,126,8.3,54.3,0.7537
STN-03,22-01-2021 06:00,0,225,103,7.7,55.1,0.7441
STN-03,22-01-2021 07:00,0.5,274,123,9.3,46.1,0.7009
STN-03,22-01-2021 08:00,1.9,428,155,8.6,47.1,0.7202
STN-03,22-01-2021 09:00,2.2,423,149,10.7,41.7,0.7194
STN-03,22-01-2021 10:00,2.4,535,181,13.9,32.7,0.6675
STN-03,22-01-2021 11:00,2.7,521,187,15.5,32.6,0.6691
STN-03,22-01-2021 12:00,2.2,506,180,16.1,32.2,0.6951
STN-03,22-01-2021 13:00,2.3,425,153,14.8,,0.6018
STN-03,22-01-2021 14:00,1.3,320,141,14,31.1,0.5632
STN-03,22-01-2021 15:00,1.2,326,155,12,29.4,0.4757
STN-03,22-01-2021 16:00,1.7,387,137,14,27.1,0.4945
STN-03,22-01-2021 17:00,2,378,142,12.6,29.8,0.4998
STN-03,22-01-2021 18:00,2.2,260,152,11.8,29.4,0.4834
STN-03,22-01-2021 19:00,2.4,280,150,11.3,30.7,0.509
STN-03,22-01-2021 20:00,1.6,205,128,9.5,37.4,0.5351
STN-03,22-01-2021 21:00,1,108,97,7.1,44.7,0.5639
STN-03,22-01-2021 22:00,0.3,76,93,6.5,54.6,0.6238
STN-03,22-01-2021 23:00,0,5,67,5.4,59.5,0.644
STN-03,23-01-2021 00:00,0,1,37,4.4,61.7,0.6125
STN-03,23-01-2021 01:00,0,1,43,3.6,62.7,0.6106
STN-03,23-01-2021 02:00,0,1,44,2.6,63.8,0.5777
STN-03,23-01-2021 03:00,0,1,33,1.5,70.8,0.6439
STN-03,23-01-2021 04:00,0,1,39,2,71.4,0.6549
STN-03,23-01-2021 05:00,0,42,73,2,73.1,0.6772
STN-03,23-01-2021 06:00,0.2,138,96,1,73.8,0.6375
STN-03,23-01-2021 07:00,,231,110,0.7,78.3,0.6582
STN-03,23-01-2021 08:00,1.4,264,104,0.4,76.1,0.654
STN-03,23-01-2021 09:00,1.3,267,121,2.6,71.2,0.6881
STN-03,23-01-2021 10:00,0.4,193,103,6.1,65.5,0.7136
STN-03,23-01-2021 11:00,0,141,108,7.5,60.9,0.6822
STN-03,23-01-2021 12:00,0.2,203,124,9.1,53.9,0.6406
STN-03,23-01-2021 13:00,0,186,143,8.5,53.1,0.5702
STN-03,23-01-2021 14:00,0,166,136,8.8,53.4,0.5705
STN-03,23-01-2021 15:00,0,181,129,8,55.2,0.5797
STN-03,23-01-2021 16:00,0,187,122,7.8,53.2,0.5454
STN-03,23-01-2021 17:00,0.6,236,131,7.1,58.7,0.626
STN-03,23-01-2021 18:00,1.2,216,132,5.5,65.4,0.674
STN-03,23-01-2021 19:00,1.7,312,144,3.7,72.5,0.6906
STN-03,23-01-2021 20:00,2.1,310,159,2.1,73.6,0.6898
STN-03,23-01-2021 21:00,1.7,330,165,0.6,77,0.668
STN-03,23-01-2021 22:00,1.8,342,170,1.9,80.4,0.7682
STN-03,23-01-2021 23:00,2,304,172,2,80.4,0.7364
STN-03,24-01-2021 00:00,1.8,281,161,2.3,80.4,0.7151
STN-03,24-01-2021 01:00,1.9,256,158,2.8,80.4,0.7534
STN-03,24-01-2021 02:00,1.3,136,109,2.7,80.4,0.7559
STN-03,24-01-2021 03:00,0.6,88,108,1.6,80.4,0.7256
STN-03,24-01-2021 04:00,1.6,213,114,0.8,80.4,0.7423
STN-03,24-01-2021 05:00,2.1,327,126,0.4,80.4,0.7566
STN-03,24-01-2021 06:00,2,345,113,1.6,80.4,0.7607
STN-03,24-01-2021 07:00,2.6,388,132,2.1,80.2,0.7267
STN-03,24-01-2021 08:00,3.2,554,158,2.3,76.1,0.7088
STN-03,24-01-2021 09:00,3.2,527,176,5.1,69.7,0.7436
STN-03,24-01-2021 10:00,1.7,305,134,8.2,57.4,0.6763
STN-03,24-01-2021 11:00,,,124,9.6,50.8,0.6576
STN-03,24-01-2021 12:00,1.2,263,133,9.3,49.7,0.5928
STN-03,24-01-2021 13:00,1.4,282,146,,44.8,0.5399
STN-03,24-01-2021 14:00,1.6,275,156,10.1,46.4,0.5625
STN-03,24-01-2021 15:00,1.5,280,153,11.4,42.3,0.5693
STN-03,24-01-2021 16:00,0.5,190,142,11.3,38.1,0.5043
STN-03,24-01-2021 17:00,1.2,235,153,10.9,47.3,0.596
STN-03,24-01-2021 18:00,1.7,,161,10.2,46.1,0.594
STN-03,24-01-2021 19:00,2.8,359,157,9.7,54.3,0.7013
STN-03,24-01-2021 20:00,3.4,431,169,9.4,62.7,0.8191
STN-03,24-01-2021 21:00,2,385,145,9,70.5,0.9161
STN-03,24-01-2021 22:00,1.1,244,114,8.1,66.6,0.8675
STN-03,24-01-2021 23:00,1.6,280,123,9.6,62,0.841
STN-03,25-01-2021 00:00,2.1,370,144,10.9,60.1,0.867
STN-03,25-01-2021 01:00,1.5,358,,9.3,59.3,0.823
STN-03,25-01-2021 02:00,1.2,311,138,9.4,59,0.8307
STN-03,25-01-2021 03:00,1.4,347,156,9.3,66.4,0.9453
STN-03,25-01-2021 04:00,0.7,245,107,8.8,61.5,0.8937
STN-03,25-01-2021 05:00,1.3,250,101,8.9,61.6,0.9035
STN-03,25-01-2021 06:00,0.7,218,113,8.6,65.5,0.9601
STN-03,25-01-2021 07:00,1.7,268,138,10,67.3,1.0062
STN-03,25-01-2021 08:00,3.5,525,178,9.6,71.8,1.0424
STN-03,25-01-2021 09:00,4.2,668,212,12.8,64.8,1.1116
STN-03,25-01-2021 10:00,3.4,605,220,14,58.9,1.0702
STN-03,25-01-2021 11:00,4,655,229,15.3,59.6,1.0697
STN-03,25-01-2021 12:00,4.9,747,258,16.5,57.5,1.0632
STN-03,25-01-2021 13:00,4,646,225,16.6,57.1,1.0076
STN-03,25-01-2021 14:00,4.9,703,220,16.7,63.6,
STN-03,25-01-2021 15:00,4.3,689,221,17.5,64.4,1.1255
STN-03,25-01-2021 16:00,4.7,745,231,17.7,62.7,1.1276
STN-03,25-01-2021 17:00,4.1,681,232,16.8,59,1.0842
STN-03,25-01-2021 18:00,4.7,,240,14.4,62.3,1.0577
STN-03,25-01-2021 19:00,4.6,680,238,12.4,62.1,1.0422
STN-03,25-01-2021 20:00,3.9,593,196,38.60233998,63.3,1.0778
STN-03,25-01-2021 21:00,3.1,571,183,10.9,61.9,1.0304
STN-03,25-01-2021 22:00,1.7,422,145,10.6,66.9,1.0595
STN-03,25-01-2021 23:00,1,,126,8.7,67.8,0.9705
STN-03,26-01-2021 00:00,0.6,171,94,8.4,72.6,1.041
STN-03,26-01-2021 01:00,0.3,90,,8.5,76.1,1.0965
STN-03,26-01-2021 02:00,0,1,59,8.1,76.3,1.0934
STN-03,26-01-2021 03:00,-2.660190532,48,83,7.8,80.9,1.1337
STN-03,26-01-2021 04:00,0,,76,7.1,82.7,1.1501
STN-03,26-01-2021 05:00,0,1,51,7.1,84.3,1.1577
STN-03,26-01-2021 06:00,0,1,49,8.4,86,1.201
STN-03,26-01-2021 07:00,0,69,89,7.4,86.3,1.1792
STN-03,26-01-2021 08:00,0.3,165,115,7.7,81.1,1.1872
STN-03,26-01-2021 09:00,0.2,205,112,9.2,77.9,1.1773
STN-03,26-01-2021 10:00,1.2,312,138,13.3,65.3,1.1255
STN-03,26-01-2021 11:00,0.7,301,134,14.2,66.3,1.1577
STN-03,26-01-2021 12:00,1.6,319,127,15.7,65.6,1.1423
STN-03,26-01-2021 13:00,1.3,240,120,16.5,67.8,1.1752
STN-03,26-01-2021 14:00,1.5,260,118,15.9,72.2,1.2199
STN-03,26-01-2021 15:00,2.3,448,152,17.4,73.3,1.2726
STN-03,26-01-2021 16:00,2.6,493,151,17.6,71,1.2541
STN-03,26-01-2021 17:00,2.7,486,155,17.8,74.1,1.3282
STN-03,26-01-2021 18:00,2.5,414,144,16.4,79.4,1.3985
STN-03,26-01-2021 19:00,2.8,435,152,14.4,77.1,1.3604
STN-03,26-01-2021 20:00,2.9,382,133,13.9,81.2,1.3823
STN-03,26-01-2021 21:00,1.5,260,115,12.3,80.5,1.3367
STN-03,26-01-2021 22:00,0.6,181,128,11.2,82.5,1.3091
STN-03,26-01-2021 23:00,0.8,127,,10.8,81.1,1.2892
STN-03,27-01-2021 00:00,1.2,192,109,10.5,84.6,1.3052
STN-03,27-01-2021 01:00,1.3,261,109,11.2,81.2,1.2899
STN-03,27-01-2021 02:00,0.5,247,100,9.7,86.1,1.2594
STN-03,27-01-2021 03:00,1.1,258,108,9.9,87.7,1.2943
STN-03,27-01-2021 04:00,1.6,280,89,8.9,84.4,1.2259
STN-03,27-01-2021 05:00,1.1,245,,8.8,86,1.2649
STN-03,27-01-2021 06:00,0.2,229,101,7.1,84,1.1969
STN-03,27-01-2021 07:00,2.3,501,136,7,86.4,1.2352
STN-03,27-01-2021 08:00,2.6,542,135,9.5,78.4,1.2662
STN-03,27-01-2021 09:00,2.9,544,165,12.9,73,1.3235
STN-03,27-01-2021 10:00,3.1,538,169,16.8,68.5,1.3707
STN-03,27-01-2021 11:00,3.2,566,171,18.3,68.9,1.3802
STN-03,27-01-2021 12:00,2.2,380,132,18.5,65.2,1.3544
STN-03,27-01-2021 13:00,2.7,442,153,19.6,60.9,1.3269
STN-03,27-01-2021 14:00,1.8,,125,19,61.4,1.3068
STN-03,27-01-2021 15:00,1.9,334,130,19.2,56.4,1.2487
STN-03,27-01-2021 16:00,3.3,546,164,18.5,64.6,1.2921
STN-03,27-01-2021 17:00,2.9,487,145,17.9,58,1.2359
STN-03,27-01-2021 18:00,3.8,551,182,15.6,62.4,1.2551
STN-03,27-01-2021 19:00,4.3,531,176,12.4,72.7,1.2914
STN-03,27-01-2021 20:00,4.1,510,161,10.2,79,1.3155
STN-03,27-01-2021 21:00,4.2,568,166,8.8,78.8,
STN-03,27-01-2021 22:00,,537,163,9.8,74.1,1.3173
STN-03,27-01-2021 23:00,3.7,558,164,9.5,73.6,1.3098
STN-03,28-01-2021 00:00,4,583,179,9.8,65,
STN-03,28-01-2021 01:00,3.2,471,158,11.3,65.6,1.2657
STN-03,28-01-2021 02:00,3.3,456,138,10.8,54.6,1.1125
STN-03,28-01-2021 03:00,2.9,533,173,10.4,53.6,1.0561
STN-03,28-01-2021 04:00,,444,144,9.3,59.4,1.1159
STN-03,28-01-2021 05:00,2.9,469,148,9.7,61.8,1.1608
STN-03,28-01-2021 06:00,2.8,520,177,9.7,63.1,1.163
STN-03,28-01-2021 07:00,3.6,623,189,9.3,66.4,1.1731
STN-03,28-01-2021 08:00,4.2,726,223,8.1,68.6,1.1287
STN-03,28-01-2021 09:00,3.9,728,233,9.9,61.3,1.0836
STN-03,28-01-2021 10:00,2.8,614,203,13.6,56.2,1.1416
STN-03,28-01-2021 11:00,2.3,566,189,16.4,52.2,1.1281
STN-03,28-01-2021 12:00,1.4,448,156,18.2,47.3,1.1366
STN-03,28-01-2021 13:00,5.856439713,291,122,18.7,49,1.1722
STN-03,28-01-2021 14:00,0.1,227,101,18.4,42.6,1.0918
STN-03,28-01-2021 15:00,1,316,119,19.4,41.4,1.1109
STN-03,28-01-2021 16:00,2.4,415,145,19.9,47.7,1.1693
STN-03,28-01-2021 17:00,2.8,454,160,,46.5,0.186160461
STN-03,28-01-2021 18:00,2,411,156,16.9,49.6,1.1067
STN-03,28-01-2021 19:00,1.5,344,,15,45.4,1.0296
STN-03,28-01-2021 20:00,2.4,420,177,13.9,52.2,1.0991
STN-03,28-01-2021 21:00,1.7,382,137,12.6,58,1.1467
STN-03,28-01-2021 22:00,0.9,244,117,11.4,56.8,1.0863
STN-03,28-01-2021 23:00,0.7,276,122,10.4,58.6,1.0391
STN-03,29-01-2021 00:00,0.2,229,101,9.8,57.9,0.9783
STN-03,29-01-2021 01:00,0,138,77,9.5,58.1,0.944
STN-03,29-01-2021 02:00,0,99,61,9.4,63.2,1.007
STN-03,29-01-2021 03:00,0,1,55,9.1,66.7,1.0016
STN-03,29-01-2021 04:00,0,9,44,7.5,66.3,0.9081
STN-03,29-01-2021 05:00,0,1,35,7.1,68.3,0.9048
STN-03,29-01-2021 06:00,0,47,68,5.2,68.9,0.8415
STN-03,29-01-2021 07:00,1.3,170,107,6.6,66.6,0.8709
STN-03,29-01-2021 08:00,2.9,313,140,9.4,61.5,0.9232
STN-03,29-01-2021 09:00,2.1,294,,9.8,54.5,0.8623
STN-03,29-01-2021 10:00,,337,151,12,48.4,0.845
STN-03,29-01-2021 11:00,2,314,145,14.1,39.2,0.7999
STN-03,29-01-2021 12:00,1.8,302,141,14.2,33.7,0.7364
STN-03,29-01-2021 13:00,1.5,319,144,13.6,34.2,0.6982
STN-03,29-01-2021 14:00,0.9,269,143,13.4,27.2,0.5757
STN-03,29-01-2021 15:00,1.7,260,129,16,27,0.637
STN-03,29-01-2021 16:00,2.1,,157,15,22.9,0.562
STN-03,29-01-2021 17:00,3.1,410,185,14.2,25.5,0.5598
STN-03,29-01-2021 18:00,3.4,401,175,12.9,35.2,0.6134
STN-03,29-01-2021 19:00,3.1,289,166,12.6,33.5,0.645
STN-03,29-01-2021 20:00,3.1,267,164,,36.6,0.6888
STN-03,29-01-2021 21:00,1.5,213,159,10.2,38.9,0.6687
STN-03,29-01-2021 22:00,2.2,291,176,8.5,42.5,0.6426
STN-03,29-01-2021 23:00,2.3,308,154,7.8,46.5,0.6562
STN-03,30-01-2021 00:00,1.1,224,139,5.6,45.6,0.5501
STN-03,30-01-2021 01:00,0,182,131,5.5,39.6,0.4758
STN-03,30-01-2021 02:00,0,118,106,5.6,40.7,0.4798
STN-03,30-01-2021 03:00,0,75,108,4.7,42.3,0.4678
STN-03,30-01-2021 04:00,0,56,87,6.4,40.5,0.4816
STN-03,30-01-2021 05:00,0,31,89,7.4,43,0.5448
STN-03,30-01-2021 06:00,0.1,79,128,6.2,46,0.5263
STN-03,30-01-2021 07:00,1.1,184,129,6.1,46.6,0.527
STN-03,30-01-2021 08:00,2.4,274,150,6.5,42.3,0.509
STN-03,30-01-2021 09:00,3.1,348,150,7.7,37,0.4765
STN-03,30-01-2021 10:00,2.9,326,150,10.1,33.7,0.5003
STN-03,30-01-2021 11:00,3.3,331,150,12.6,31.3,0.5212
STN-03,30-01-2021 12:00,3.2,319,150,14,26.3,0.4833
STN-03,30-01-2021 13:00,2.3,303,150,14.1,27.5,
STN-03,30-01-2021 14:00,2.8,369,150,14.1,27.4,0.421
STN-03,30-01-2021 15:00,1.5,245,150,14.4,24.3,0.3753
STN-03,30-01-2021 16:00,1.9,318,150,13.3,27.6,0.3639
STN-03,30-01-2021 17:00,2.8,325,171,12.1,31.4,0.3596
STN-03,30-01-2021 18:00,3.5,434,192,11.6,37.4,0.4498
STN-03,30-01-2021 19:00,4.2,470,198,10.6,47.1,0.592
STN-03,30-01-2021 20:00,3.7,392,181,8.9,52.7,0.5964
STN-03,30-01-2021 21:00,2.2,285,139,7.9,55.6,
STN-03,30-01-2021 22:00,0.8,109,99,8.1,65.6,0.7072
STN-03,30-01-2021 23:00,0.9,120,98,6.7,69.3,0.6807
STN-03,31-01-2021 00:00,0.4,71,80,6.2,67.7,0.6602
STN-03,31-01-2021 01:00,0,50,68,4.5,76,0.7042
STN-03,31-01-2021 02:00,0.9,77,69,5.5,75.4,0.7106
STN-03,31-01-2021 03:00,0.4,47,78,5.4,76.6,0.7393
STN-03,31-01-2021 04:00,0,1,57,,85.1,0.7832
STN-03,31-01-2021 05:00,0.5,35,66,0.9,85.1,0.7742
STN-03,31-01-2021 06:00,0,1,54,-0.3,83.5,0.739
STN-03,31-01-2021 07:00,0.3,120,74,-0.1,86.8,0.7628
STN-03,31-01-2021 08:00,1,204,96,1,88,0.8075
STN-03,31-01-2021 09:00,0.8,144,95,2.2,84.6,0.8318
STN-03,31-01-2021 10:00,0.9,241,121,3.8,81.1,0.7553
STN-03,31-01-2021 11:00,1,284,127,4.8,77.5,0.708
STN-03,31-01-2021 12:00,,314,154,7.3,76.5,0.7743
STN-03,31-01-2021 13:00,1.8,326,143,5.7,73.6,0.7108
STN-03,31-01-2021 14:00,2,307,147,5.8,71.7,0.6795
STN-03,31-01-2021 15:00,2.6,343,147,6.7,67.8,0.6886
STN-03,31-01-2021 16:00,2.6,387,147,5.7,69.2,0.6661
STN-03,31-01-2021 17:00,3.7,505,162,6,69.9,0.6971
STN-03,31-01-2021 18:00,4.7,594,190,5.9,66.5,0.6845
STN-03,31-01-2021 19:00,4,467,180,2.3,70.3,0.6604
STN-03,31-01-2021 20:00,3.2,384,169,2.3,66.9,0.6609
STN-03,31-01-2021 21:00,1,156,118,0.6,66.4,0.6366
STN-03,31-01-2021 22:00,0.9,80,93,-0.3,69.8,0.6395
STN-03,31-01-2021 23:00,0.4,74,75,-0.3,68.8,0.6196
STN-03,01-02-2021 00:00,0.4,132,134,-3.1,64.9,0.4428
STN-03,01-02-2021 01:00,0.9,176,148,-1.8,62.6,0.4384
STN-03,01-02-2021 02:00,1.1,241,148,-4.1,64.3,0.3805
STN-03,01-02-2021 03:00,1,150,137,-2.5,61.2,0.4235
STN-03,01-02-2021 04:00,0.8,140,117,-2.9,60.2,0.4036
STN-03,01-02-2021 05:00,0.3,115,107,-4.1,62.3,0.3826
STN-03,01-02-2021 06:00,0.3,85,102,-4.9,60.3,0.3312
STN-03,01-02-2021 07:00,2,259,127,-3.5,61.5,0.3756
STN-03,01-02-2021 08:00,,312,122,-2.3,60.1,0.4262
STN-03,01-02-2021 09:00,2.8,339,141,0.2,57.5,0.4615
STN-03,01-02-2021 10:00,2.8,324,165,2.3,50.2,0.4067
STN-03,01-02-2021 11:00,2.9,333,156,4.1,45.7,0.3738
STN-03,01-02-2021 12:00,2.8,350,159,5.2,46.5,0.3577
STN-03,01-02-2021 13:00,2.5,333,168,4.3,45.4,0.3182
STN-03,01-02-2021 14:00,2.8,367,196,5.1,35.9,0.2331
STN-03,01-02-2021 15:00,1.4,217,174,5,33.5,0.1991
STN-03,01-02-2021 16:00,2,272,171,4.2,38.8,0.2304
STN-03,01-02-2021 17:00,2.8,422,208,4.7,41.1,0.3074
STN-03,01-02-2021 18:00,3.9,425,213,2.8,48.8,0.3747
STN-03,01-02-2021 19:00,4,426,216,1.3,52,0.4175
STN-03,01-02-2021 20:00,3.4,367,207,,51.5,0.381
STN-03,01-02-2021 21:00,2.7,371,202,-0.7,51.9,0.3098
STN-03,01-02-2021 22:00,1.5,300,191,-1.2,53.6,0.2839
STN-03,01-02-2021 23:00,1.4,251,192,-1.5,54.9,0.2837
STN-03,02-02-2021 00:00,1.1,206,190,-2.6,54.2,0.2214
STN-03,02-02-2021 01:00,0.9,227,175,-3,59.8,0.2496
STN-03,02-02-2021 02:00,0.9,227,144,-3.1,65.6,0.289
STN-03,02-02-2021 03:00,0.7,203,159,-3.8,64.7,0.2201
STN-03,02-02-2021 04:00,0.7,239,149,-4.7,65.6,0.2242
STN-03,02-02-2021 05:00,0.6,192,155,-4.3,64.8,0.2612
STN-03,02-02-2021 06:00,0.1,211,164,-5.2,,0.1425
STN-03,02-02-2021 07:00,1.4,300,175,-4.8,55.9,0.1512
STN-03,02-02-2021 08:00,2.6,492,210,-5.1,59.1,0.198
STN-03,02-02-2021 09:00,3.3,581,211,-2.6,53.3,0.2204
STN-03,02-02-2021 10:00,2,503,195,0,44.8,0.2358
STN-03,02-02-2021 11:00,0.9,374,181,2.3,38.7,0.1781
STN-03,02-02-2021 12:00,,334,174,2.9,35.1,0.1325
STN-03,02-02-2021 13:00,1.5,345,166,5.3,35.4,0.1991
STN-03,02-02-2021 14:00,1.2,247,153,6.4,32.3,0.1825
STN-03,02-02-2021 15:00,1.9,337,165,6.8,29,0.142
STN-03,02-02-2021 16:00,2.2,311,163,7.4,31.1,0.1598
STN-03,02-02-2021 17:00,2.4,305,177,6.6,37,0.2033
STN-03,02-02-2021 18:00,3.5,385,203,4.1,37.6,0.1296
STN-03,02-02-2021 19:00,3.1,278,194,3.4,34.7,0.1436
STN-03,02-02-2021 20:00,3.8,334,207,1.5,39.2,0.1386
STN-03,02-02-2021 21:00,2.1,,168,0.2,42.8,0.1588
STN-03,02-02-2021 22:00,1.3,134,145,-0.3,48.8,0.2023
STN-03,02-02-2021 23:00,0.5,53,133,1.1,39.3,0.1545
STN-03,03-02-2021 00:00,1.3,235,164,1.3,44.8,0.2204
STN-03,03-02-2021 01:00,1.5,254,170,0.3,49.2,0.2586
STN-03,03-02-2021 02:00,0.5,126,135,-0.4,50.1,
STN-03,03-02-2021 03:00,0,18,113,-1.1,46.5,0.1632
STN-03,03-02-2021 04:00,0,34,109,-0.3,44.7,0.1667
STN-03,03-02-2021 05:00,0,160,126,0,41.4,0.1291
STN-03,03-02-2021 06:00,0,242,147,0.1,43.8,0.1205
STN-03,03-02-2021 07:00,1,317,162,0.1,40,0.0752
STN-03,03-02-2021 08:00,2.1,449,207,2.3,30.6,0.05
STN-03,03-02-2021 09:00,2.3,486,216,5.3,,0.0905
STN-03,03-02-2021 10:00,2.1,466,208,8.5,23.2,0.137
STN-03,03-02-2021 11:00,1.9,427,213,10.1,18.4,0.1285
STN-03,03-02-2021 12:00,2.9,495,198,10.8,17.8,0.0797
STN-03,03-02-2021 13:00,3.2,451,195,,17.4,0.0698
STN-03,03-02-2021 14:00,2.3,309,167,12.7,9.3,0.0922
STN-03,03-02-2021 15:00,1.4,209,139,14.7,10.5,0.181
STN-03,03-02-2021 16:00,1.9,251,156,14.4,11,0.1888
STN-03,03-02-2021 17:00,2.8,384,166,13.4,18.4,0.2592
STN-03,03-02-2021 18:00,4.8,594,214,11,26.2,0.2729
STN-03,03-02-2021 19:00,5.5,556,218,9.5,30.8,0.3004
STN-03,03-02-2021 20:00,5.2,562,223,8.5,36.8,0.3801
STN-03,03-02-2021 21:00,4.2,516,213,6.8,44.2,0.4138
STN-03,03-02-2021 22:00,4.1,476,227,6.2,51.1,0.4491
STN-03,03-02-2021 23:00,3.4,329,180,5.8,55.6,0.5168
STN-03,04-02-2021 00:00,2.7,232,163,5.2,55.8,0.4675
STN-03,04-02-2021 01:00,2.3,176,145,4.6,53,0.4104
STN-03,04-02-2021 02:00,1.5,145,141,4.2,51.4,0.3809
STN-03,04-02-2021 03:00,0.6,80,127,4.3,51.3,0.3653
STN-03,04-02-2021 04:00,,4,93,4.7,46.7,0.3484
STN-03,04-02-2021 05:00,0.6,42,99,3.7,53.3,
STN-03,04-02-2021 06:00,0.6,79,102,3.9,56.8,0.403
STN-03,04-02-2021 07:00,1.4,133,128,4.5,49.9,0.364
STN-03,04-02-2021 08:00,2.4,,164,4.9,51,0.3673
STN-03,04-02-2021 09:00,2.3,220,166,6.2,49.5,0.3923
STN-03,04-02-2021 10:00,2.5,256,180,9.2,42.5,0.4079
STN-03,04-02-2021 11:00,2.5,313,203,10.8,41,0.4015
STN-03,04-02-2021 12:00,1.8,228,179,13.3,32.7,0.3911
STN-03,04-02-2021 13:00,1.9,193,162,15.4,,0.3863
STN-03,04-02-2021 14:00,1.4,218,162,16.2,24.4,0.3455
STN-03,04-02-2021 15:00,2.2,374,177,17.3,21.6,0.3526
STN-03,04-02-2021 16:00,2.2,327,162,18.8,25.7,0.4665
STN-03,04-02-2021 17:00,3.2,391,189,17.6,27.4,0.4773
STN-03,04-02-2021 18:00,3.3,340,184,16.7,28.2,0.4607
STN-03,04-02-2021 19:00,3.4,279,185,15.2,27,0.3915
STN-03,04-02-2021 20:00,3.7,271,174,14.8,27.6,0.4013
STN-03,04-02-2021 21:00,2.5,121,137,14.9,30.7,0.4782
STN-03,04-02-2021 22:00,1.9,39,120,15.4,30.2,0.4972
STN-03,04-02-2021 23:00,1.8,16,106,15,28.6,0.4425
STN-03,05-02-2021 00:00,1.4,30,110,13.4,35.2,0.4697
STN-03,05-02-2021 01:00,1,51,106,11.7,40.7,0.4727
STN-03,05-02-2021 02:00,1.3,129,116,11,40.9,0.4817
STN-03,05-02-2021 03:00,0.5,44,115,10.6,36,0.4235
STN-03,05-02-2021 04:00,1,136,119,9.2,42.8,0.4569
STN-03,05-02-2021 05:00,1,145,118,8.1,44.2,0.4317
STN-03,05-02-2021 06:00,1.4,169,127,8.9,46.6,0.4442
STN-03,05-02-2021 07:00,1.7,188,149,9.1,44.6,0.4071
STN-03,05-02-2021 08:00,3.5,471,210,9.5,48,0.44
STN-03,05-02-2021 09:00,4.1,531,226,12.7,46.5,0.536
STN-03,05-02-2021 10:00,3.3,483,226,15.3,36.8,0.5106
STN-03,05-02-2021 11:00,2.9,436,218,15.6,31.8,
STN-03,05-02-2021 12:00,3.5,463,225,17.3,25.8,0.479
STN-03,05-02-2021 13:00,3.9,417,228,17.6,24,
STN-03,05-02-2021 14:00,3,289,198,17.1,23.4,0.4975
STN-03,05-02-2021 15:00,3.8,327,195,18,22.3,0.5093
STN-03,05-02-2021 16:00,3,312,195,18.1,22.3,0.5136
STN-03,05-02-2021 17:00,3.6,358,213,18.1,23.5,0.5307
STN-03,05-02-2021 18:00,3.2,278,191,16.4,27.6,0.5689
STN-03,05-02-2021 19:00,3,215,178,14.9,34.6,0.6037
STN-03,05-02-2021 20:00,3.4,,200,13.2,42.2,0.621
STN-03,05-02-2021 21:00,,360,213,11.5,46.5,0.6063
STN-03,05-02-2021 22:00,2.5,270,189,10.8,50.9,0.6209
STN-03,05-02-2021 23:00,2.6,241,192,9.3,51.5,0.5813
STN-03,06-02-2021 00:00,2.7,258,175,9.1,44,0.552
STN-03,06-02-2021 01:00,1.5,193,181,7.8,39.8,
STN-03,06-02-2021 02:00,0.8,202,154,7,39.6,0.4705
STN-03,06-02-2021 03:00,0.7,219,162,6.9,44.5,0.5167
STN-03,06-02-2021 04:00,1,180,145,6.5,43.2,0.4749
STN-03,06-02-2021 05:00,1.5,213,146,6.4,33,0.3336
STN-03,06-02-2021 06:00,1.5,219,159,5.8,38.5,0.3487
STN-03,06-02-2021 07:00,1.8,326,186,6.5,35.5,0.3357
STN-03,06-02-2021 08:00,3.1,476,206,8,,0.3673
STN-03,06-02-2021 09:00,2.9,524,221,10.1,28.6,0.3674
STN-03,06-02-2021 10:00,2.9,543,239,10.9,23.9,0.3728
STN-03,06-02-2021 11:00,2.2,407,204,12.9,23.3,0.4192
STN-03,06-02-2021 12:00,2.2,314,187,14.2,12.6,0.3213
STN-03,06-02-2021 13:00,1.6,296,185,15.1,14.6,0.3349
STN-03,06-02-2021 14:00,1.1,234,178,16.4,10,0.3404
STN-03,06-02-2021 15:00,0.6,171,168,16.6,5,0.3087
STN-03,06-02-2021 16:00,1.1,280,164,17.6,5,0.3074
STN-03,06-02-2021 17:00,1,210,148,16.1,5,0.2754
STN-03,06-02-2021 18:00,1.3,233,149,14,7.5,0.2771
STN-03,06-02-2021 19:00,0.9,197,135,12.3,15,0.2972
STN-03,06-02-2021 20:00,1.3,260,155,11.3,16.8,0.2861
STN-03,06-02-2021 21:00,0,156,135,9.4,18.6,0.2605
STN-03,06-02-2021 22:00,0,44,83,7.9,24.7,0.2999
STN-03,06-02-2021 23:00,0.1,165,108,7.7,28,0.3248
STN-03,07-02-2021 00:00,0,1,99,7.8,26.5,0.3077
STN-03,07-02-2021 01:00,0.5,39,106,5.9,29.2,0.2788
STN-03,07-02-2021 02:00,0.2,16,96,6.6,29.3,0.3121
STN-03,07-02-2021 03:00,1.1,74,104,6.3,33.7,0.3371
STN-03,07-02-2021 04:00,0,1,77,5.3,32.8,0.2662
STN-03,07-02-2021 05:00,1.3,117,96,4.8,36,0.2828
STN-03,07-02-2021 06:00,1,167,104,5.3,34.9,0.2615
STN-03,07-02-2021 07:00,1.8,248,132,4.4,38.6,0.2729
STN-03,07-02-2021 08:00,2.7,419,175,5.3,39.3,0.3035
STN-03,07-02-2021 09:00,2.7,369,176,6.7,35.7,0.2906
STN-03,07-02-2021 10:00,2.5,380,176,9,24.9,0.2584
STN-03,07-02-2021 11:00,3,374,160,12.4,20.3,0.2862
STN-03,07-02-2021 12:00,2.8,328,152,12.8,19.4,0.2593
STN-03,07-02-2021 13:00,2.6,197,123,11.4,25.7,0.253
STN-03,07-02-2021 14:00,2.8,266,122,12.1,26.1,0.2643
STN-03,07-02-2021 15:00,2.3,347,145,12.5,24,0.2401
STN-03,07-02-2021 16:00,2.6,385,152,,18.6,0.1464
STN-03,07-02-2021 17:00,,398,165,11.5,19.2,0.1506
STN-03,07-02-2021 18:00,2.9,384,170,10.6,23.8,0.1961
STN-03,07-02-2021 19:00,2.9,332,153,9.3,28.1,0.2296
STN-03,07-02-2021 20:00,2.5,260,149,8.5,35.7,0.2804
STN-03,07-02-2021 21:00,1.9,238,144,7.6,44.1,0.3252
STN-03,07-02-2021 22:00,0.3,139,128,6.2,45.4,0.29
STN-03,07-02-2021 23:00,0.3,176,140,4.9,52.9,0.3757
STN-03,08-02-2021 00:00,0.5,130,122,4.3,53,0.3558
STN-03,08-02-2021 01:00,0,35,,4.6,48.1,0.3242
STN-03,08-02-2021 02:00,0,17,120,3.2,49.3,0.2734
STN-03,08-02-2021 03:00,0,21,103,2.1,52.8,0.2647
STN-03,08-02-2021 04:00,0,6,73,-0.6,56,0.2104
STN-03,08-02-2021 05:00,0.1,151,100,-0.5,56.2,0.2094
STN-03,08-02-2021 06:00,0,177,114,-0.9,57.4,0.2275
STN-03,08-02-2021 07:00,1.4,323,139,,57.9,0.3191
STN-03,08-02-2021 08:00,2.5,416,168,1.5,58.8,0.3356
STN-03,08-02-2021 09:00,2.9,351,174,3.4,51.4,0.3206
STN-03,08-02-2021 10:00,2.9,428,211,4.8,46.6,0.2741
STN-03,08-02-2021 11:00,2.6,442,194,5.2,39.6,0.1807
STN-03,08-02-2021 12:00,1.6,320,168,6.9,34,0.1437
STN-03,08-02-2021 13:00,2.3,352,172,8.1,33.8,0.1849
STN-03,08-02-2021 14:00,2.9,406,190,9.4,35.1,0.1992
STN-03,08-02-2021 15:00,2.8,399,178,10.3,37.1,0.2279
STN-03,08-02-2021 16:00,2.9,389,182,11,45.5,0.4013
STN-03,08-02-2021 17:00,3.6,502,180,10.1,53,0.5145
STN-03,08-02-2021 18:00,4.8,577,206,9.3,52,0.4883
STN-03,08-02-2021 19:00,3.7,425,205,7.4,55.6,0.4893
STN-03,08-02-2021 20:00,,479,217,6.5,57.2,0.5023
STN-03,08-02-2021 21:00,3.8,442,228,5.7,62.7,0.5874
STN-03,08-02-2021 22:00,2.8,281,199,7.5,64.9,0.6754
STN-03,08-02-2021 23:00,1.9,98,165,6.8,61.7,0.6304
STN-03,09-02-2021 00:00,1.6,92,155,5.2,65.2,0.6399
STN-03,09-02-2021 01:00,0.3,1,141,4.8,,0.6392
STN-03,09-02-2021 02:00,1.1,1,139,5,60.5,0.6312
STN-03,09-02-2021 03:00,0,1,126,3.2,61.9,0.5423
STN-03,09-02-2021 04:00,0.1,1,,3.6,60.1,0.5165
STN-03,09-02-2021 05:00,0.4,131,132,3.6,62.3,0.5325
STN-03,09-02-2021 06:00,0,110,135,3,,0.4653
STN-03,09-02-2021 07:00,1,256,167,2.2,63.8,0.4925
STN-03,09-02-2021 08:00,1.9,376,191,2.5,60.4,0.4863
STN-03,09-02-2021 09:00,1.5,350,184,3.8,,0.4848
STN-03,09-02-2021 10:00,0.8,350,,5.5,48.3,0.4419
STN-03,09-02-2021 11:00,1,403,198,7.7,39.4,0.4139
STN-03,09-02-2021 12:00,1.4,444,,9.6,39.3,0.4551
STN-03,09-02-2021 13:00,1.5,457,199,8.6,35.3,0.3462
STN-03,09-02-2021 14:00,1,339,169,8.9,33.8,0.3146
STN-03,09-02-2021 15:00,0.9,263,162,8,31.7,0.2748
STN-03,09-02-2021 16:00,1.3,240,165,8.8,33.8,0.3025
STN-03,09-02-2021 17:00,1.3,255,149,7.9,35.1,0.2905
STN-03,09-02-2021 18:00,2.4,381,184,8.1,45,0.4177
STN-03,09-02-2021 19:00,1.6,276,,6.2,43.9,0.3547
STN-03,09-02-2021 20:00,1.2,241,149,4.5,42.2,0.3006
STN-03,09-02-2021 21:00,0.7,257,139,4.4,44.1,0.3508
STN-03,09-02-2021 22:00,0.8,199,114,3.9,50.9,0.469
STN-03,09-02-2021 23:00,0.6,134,103,3.8,52.4,0.4675
STN-03,10-02-2021 00:00,0.6,77,88,3.3,60.5,0.541
STN-03,10-02-2021 01:00,0.6,103,89,,66.7,0.5428
STN-03,10-02-2021 02:00,0,1,64,1.4,70,0.5866
STN-03,10-02-2021 03:00,0,15,88,1.8,73.4,0.6452
STN-03,10-02-2021 04:00,0,1,61,1.9,71.2,0.6334
STN-03,10-02-2021 05:00,0,,76,2.1,66,0.5761
STN-03,10-02-2021 06:00,0,1,79,1.8,65.7,0.5635
STN-03,10-02-2021 07:00,0,6,108,2.8,58,0.5144
STN-03,10-02-2021 08:00,0.8,217,132,5.4,50.4,0.5303
STN-03,10-02-2021 09:00,1.6,350,159,6.3,45.3,0.5021
STN-03,10-02-2021 10:00,1.6,347,172,10.4,32.9,0.4687
STN-03,10-02-2021 11:00,,266,162,13.4,25.2,0.4633
STN-03,10-02-2021 12:00,1.2,292,150,13.8,22.1,0.4282
STN-03,10-02-2021 13:00,1.4,309,163,14.9,24,0.458
STN-03,10-02-2021 14:00,0.9,190,139,16.4,20.3,0.47
STN-03,10-02-2021 15:00,1.9,218,152,17,22.5,0.521
STN-03,10-02-2021 16:00,2.6,354,188,17.1,22.3,0.5371
STN-03,10-02-2021 17:00,2.9,409,203,16.2,21.7,0.4899
STN-03,10-02-2021 18:00,2.8,456,,13,26.8,0.446
STN-03,10-02-2021 19:00,3,469,,11.1,33.1,0.4677
STN-03,10-02-2021 20:00,2.1,401,,10,36.1,0.4745
STN-03,10-02-2021 21:00,0.7,,187,7.9,36.9,0.4226
STN-03,10-02-2021 22:00,0.9,241,194,7.6,35.6,0.4107
STN-03,10-02-2021 23:00,0.7,228,190,8.1,37.6,0.4171
STN-03,11-02-2021 00:00,0,175,184,7.2,39.7,0.4136
STN-03,11-02-2021 01:00,0,158,167,6.7,41.6,0.3859
STN-03,11-02-2021 02:00,0,112,-1.029667901,4.8,44,0.3349
STN-03,11-02-2021 03:00,0,91,154,3.2,48.7,0.3416
STN-03,11-02-2021 04:00,0,198,157,4.6,46.9,0.3354
STN-03,11-02-2021 05:00,0,134,172,4.4,48,0.3649
STN-03,11-02-2021 06:00,0.5,236,189,2.6,53.1,0.3277
STN-03,11-02-2021 07:00,1.8,361,203,1.4,58.2,0.3124
STN-03,11-02-2021 08:00,3.2,503,251,2.1,52.6,0.2882
STN-03,11-02-2021 09:00,2.8,491,263,3.4,43.7,0.2212
STN-03,11-02-2021 10:00,3.3,507,283,6.1,38.2,0.2475
STN-03,11-02-2021 11:00,2.3,457,255,7.3,33,0.1905
STN-03,11-02-2021 12:00,1.8,406,240,,28.1,0.2273
STN-03,11-02-2021 13:00,1.9,,211,10.7,29.3,0.2708
STN-03,11-02-2021 14:00,1.5,359,186,9.5,30,0.2274
STN-03,11-02-2021 15:00,0.8,310,178,9.6,32.8,0.2559
STN-03,11-02-2021 16:00,1.9,438,200,10,33.6,0.2548
STN-03,11-02-2021 17:00,2.8,508,216,7.8,35.8,0.2372
STN-03,11-02-2021 18:00,4,622,246,6.8,38.8,0.2468
STN-03,11-02-2021 19:00,4.1,635,255,6.1,38.5,0.2687
STN-03,11-02-2021 20:00,3.5,592,248,5.5,40.3,0.2493
STN-03,11-02-2021 21:00,2.5,439,218,6.1,40.7,0.302
STN-03,11-02-2021 22:00,2.7,531,231,5,48.1,0.389
STN-03,11-02-2021 23:00,2.9,516,230,3.5,,0.3274
STN-03,12-02-2021 00:00,2.2,509,218,3,44.3,0.274
STN-03,12-02-2021 01:00,0.2,308,166,2.5,41.9,0.2268
STN-03,12-02-2021 02:00,0.8,377,159,2.7,,0.3358
STN-03,12-02-2021 03:00,0.7,337,168,0.6,53.1,0.3409
STN-03,12-02-2021 04:00,1.2,329,160,0.5,55.9,0.3653
STN-03,12-02-2021 05:00,0.2,253,145,1.1,52.5,0.3634
STN-03,12-02-2021 06:00,0,179,132,1.3,53.7,0.3835
STN-03,12-02-2021 07:00,1,314,164,1.6,50.5,
STN-03,12-02-2021 08:00,1.4,368,171,1.1,50.8,0.3529
STN-03,12-02-2021 09:00,2.3,397,193,3.5,43.8,0.3336
STN-03,12-02-2021 10:00,,400,191,4.5,42.7,0.3567
STN-03,12-02-2021 11:00,1.1,330,183,6.4,35.8,0.3232
STN-03,12-02-2021 12:00,1.1,265,167,6.5,35.4,0.3051
STN-03,12-02-2021 13:00,1.9,280,166,7.7,35.1,0.3069
STN-03,12-02-2021 14:00,1.7,260,160,8.5,36.1,0.3289
STN-03,12-02-2021 15:00,1.7,277,146,10.8,31.4,0.3524
STN-03,12-02-2021 16:00,1.6,302,139,11.5,,0.4159
STN-03,12-02-2021 17:00,2.6,313,158,11.3,40.6,0.4806
STN-03,12-02-2021 18:00,2.1,299,183,8.8,41,0.4171
STN-03,12-02-2021 19:00,2.9,332,187,7,48.6,0.4945
STN-03,12-02-2021 20:00,2.5,317,189,6.4,50.1,0.5001
STN-03,12-02-2021 21:00,1.3,201,175,4.4,50.8,0.4391
STN-03,12-02-2021 22:00,1.6,172,,3.6,52.4,0.4302
STN-03,12-02-2021 23:00,1.1,131,142,1.6,55.8,0.4188
STN-03,13-02-2021 00:00,1.1,143,137,1.5,63,0.4738
STN-03,13-02-2021 01:00,0.7,146,116,-0.6,,0.4097
STN-03,13-02-2021 02:00,0.3,88,103,0,71.8,0.493
STN-03,13-02-2021 03:00,0,43,102,0.6,62.2,0.377
STN-03,13-02-2021 04:00,0.1,94,105,0.6,68.6,0.446
STN-03,13-02-2021 05:00,0.2,93,123,0.8,70.1,0.483
STN-03,13-02-2021 06:00,0.6,208,142,0.8,73.4,0.5284
STN-03,13-02-2021 07:00,2.1,332,178,0.2,71.5,0.4857
STN-03,13-02-2021 08:00,3.7,491,208,1.1,70.4,0.5361
STN-03,13-02-2021 09:00,3.7,498,218,3.1,66.7,0.6003
STN-03,13-02-2021 10:00,3.4,485,218,5.4,63.9,0.6126
STN-03,13-02-2021 11:00,2.4,366,207,7.3,52.7,0.5592
STN-03,13-02-2021 12:00,2.4,310,190,9.5,44.2,0.5323
STN-03,13-02-2021 13:00,2.7,232,177,10.6,40.5,
STN-03,13-02-2021 14:00,2.5,146,163,11.1,36.8,0.5269
STN-03,13-02-2021 15:00,2.8,204,187,12.1,29.3,0.4624
STN-03,13-02-2021 16:00,2.9,268,199,12.3,32.4,0.5127
STN-03,13-02-2021 17:00,2.7,268,212,10.9,32.6,0.4699
STN-03,13-02-2021 18:00,2.1,286,216,7.1,43.2,0.4724
STN-03,13-02-2021 19:00,3,270,218,5.1,50.6,0.5332
STN-03,13-02-2021 20:00,2.1,205,192,4.9,58,0.6284
STN-03,13-02-2021 21:00,,56,151,5,55.4,0.5987
STN-03,13-02-2021 22:00,1.2,114,147,6.3,,0.7586
STN-03,13-02-2021 23:00,0.4,1,102,5.7,67.3,0.7769
STN-03,14-02-2021 00:00,0.7,1,139,5,69.1,0.7769
STN-03,14-02-2021 01:00,0,1,111,4.1,71.8,0.7565
STN-03,14-02-2021 02:00,0,1,94.59998948,3.7,73.2,0.7378
STN-03,14-02-2021 03:00,0,1,144.5683662,2.2,,0.7358
STN-03,14-02-2021 04:00,0,1,-22.88760264,2.8,68.1,0.6476
STN-03,14-02-2021 05:00,0,1,40.09346906,2.5,74.6,0.6956
STN-03,14-02-2021 06:00,0,1,185.2220143,3.3,74.2,0.7287
STN-03,14-02-2021 07:00,0,56,102,4.6,82,0.9049
STN-03,14-02-2021 08:00,0.3,185,142,5.9,70.6,0.8181
STN-03,14-02-2021 09:00,1.3,246,153,,63.2,0.8276
STN-03,14-02-2021 10:00,0.1,130,154,9.7,49.1,0.7237
STN-03,14-02-2021 11:00,0,98,150,10.5,43.4,0.6428
STN-03,14-02-2021 12:00,0,83,135,13.5,42.4,0.6946
STN-03,14-02-2021 13:00,0.3,100,160,13.6,39.1,0.6396
STN-03,14-02-2021 14:00,0.3,175,169,14.5,35.9,0.6033
STN-03,14-02-2021 15:00,1.4,260,191,14.5,39,0.6699
STN-03,14-02-2021 16:00,1.7,309,193,14.2,,0.6427
STN-03,14-02-2021 17:00,0.8,243,176,12.8,36.8,0.6371
STN-03,14-02-2021 18:00,1.2,301,202,10.7,40.5,0.6207
STN-03,14-02-2021 19:00,2.6,421,233,8.7,40.3,0.5901
STN-03,14-02-2021 20:00,2.4,353,219,7.4,44.6,0.6175
STN-03,14-02-2021 21:00,2.3,381,206,6.7,37.9,0.5528
STN-03,14-02-2021 22:00,2.5,325,187,5.4,39.6,0.5687
STN-03,14-02-2021 23:00,2.1,259,171,7,35.3,0.5624
STN-03,15-02-2021 00:00,1.5,243,171,5.5,38.7,0.538
STN-03,15-02-2021 01:00,1.5,215,183,2.9,40.9,0.4702
STN-03,15-02-2021 02:00,1.4,267,185,2.4,44.4,0.458
STN-03,15-02-2021 03:00,0.6,114,182,2,43.6,0.3801
STN-03,15-02-2021 04:00,0.3,21,165,1.6,46.4,0.4013
STN-03,15-02-2021 05:00,0.2,137,168,1.8,48.9,0.4125
STN-03,15-02-2021 06:00,0.6,209,175,2.6,45.6,0.3981
STN-03,15-02-2021 07:00,2,421,214,3.4,44.1,0.4045
STN-03,15-02-2021 08:00,3.1,497,251,5.1,38.8,0.4256
STN-03,15-02-2021 09:00,2.9,435,245,7,42.1,0.4883
STN-03,15-02-2021 10:00,2.5,313,235,11.3,38.7,
STN-03,15-02-2021 11:00,2.1,277,231,12.9,31.3,0.5298
STN-03,15-02-2021 12:00,2.2,320,,13.2,28,0.4651
STN-03,15-02-2021 13:00,1.9,306,240,12.2,28.7,0.4622
STN-03,15-02-2021 14:00,1.5,269,222,11.6,30.1,0.4393
STN-03,15-02-2021 15:00,1.9,291,230,13,31.7,0.5202
STN-03,15-02-2021 16:00,1.5,310,226,11.5,95.17541944,0.5092
STN-03,15-02-2021 17:00,3.1,432,248,11.6,58.67705871,0.5801
STN-03,15-02-2021 18:00,3.9,502,260,10.2,12.19981381,0.5592
STN-03,15-02-2021 19:00,4.4,579,280,8.6,12.07624683,0.576
STN-03,15-02-2021 20:00,4.4,648,304,6.4,38.7,0.5346
STN-03,15-02-2021 21:00,3.3,550,276,5.9,41.4,0.5544
STN-03,15-02-2021 22:00,2.3,438,252,4.1,44.1,0.5438
STN-03,15-02-2021 23:00,3,446,239,4.4,48.3,0.5865
STN-03,16-02-2021 00:00,3.1,474,241,4.8,46.6,0.6114
STN-03,16-02-2021 01:00,1.9,316,204,4.4,41,0.5414
STN-03,16-02-2021 02:00,1.8,367,182,1.9,45.1,0.5042
STN-03,16-02-2021 03:00,0.8,262,171,1,45.1,0.4771
STN-03,16-02-2021 04:00,0.7,215,148,0.7,50.8,0.4943
STN-03,16-02-2021 05:00,1,208,142,-0.4,55.1,0.4993
STN-03,16-02-2021 06:00,1.6,357,,-0.1,53.2,0.5235
STN-03,16-02-2021 07:00,3,467,200,0.8,51.8,0.5546
STN-03,16-02-2021 08:00,3.7,551,222,3,47.7,0.5689
STN-03,16-02-2021 09:00,4.4,619,239,5.7,49.3,0.5689
STN-03,16-02-2021 10:00,2.7,472,204,6.9,42.2,0.5689
STN-03,16-02-2021 11:00,2.8,438,211,8.6,37.4,0.5689
STN-03,16-02-2021 12:00,1.8,304,192,9.6,33.8,0.5689
STN-03,16-02-2021 13:00,2.8,393,218,10.3,33.6,0.5689
STN-03,16-02-2021 14:00,2.5,344,220,9.8,,0.4552
STN-03,16-02-2021 15:00,2.6,353,246,11,31.3,0.4613
STN-03,16-02-2021 16:00,3.6,470,266,11,33.4,0.4699
STN-03,16-02-2021 17:00,3,385,257,9.3,33.8,0.4393
STN-03,16-02-2021 18:00,3.3,477,266,7.1,39.6,0.4387
STN-03,16-02-2021 19:00,3.2,432,267,7.3,36.7,0.4215
STN-03,16-02-2021 20:00,2.9,350,234,5.6,39.5,0.4027
STN-03,16-02-2021 21:00,2,296,213,6.3,40.5,0.4793
STN-03,16-02-2021 22:00,0.3,88,165,4.6,39.8,0.4054
STN-03,16-02-2021 23:00,0.6,173,155,4.5,40.5,0.409
STN-03,17-02-2021 00:00,0,32,120,4.4,47.6,0.4475
STN-03,17-02-2021 01:00,0,1,91,5.1,47.5,0.4684
STN-03,17-02-2021 02:00,,26,92,4.1,51.1,0.4885
STN-03,17-02-2021 03:00,0,16,101,4.6,49,0.4373
STN-03,17-02-2021 04:00,0,1,94,3.6,48.6,0.396
STN-03,17-02-2021 05:00,0,139,121,2.3,48.2,0.3589
STN-03,17-02-2021 06:00,0,181,106,0.4,51.7,0.3303
STN-03,17-02-2021 07:00,1.8,502,180,1.9,50.3,0.3615
STN-03,17-02-2021 08:00,1.2,448,189,3,45.4,0.3388
STN-03,17-02-2021 09:00,2.7,578,237,5.4,38,0.3623
STN-03,17-02-2021 10:00,1.6,473,235,6,31,0.2594
STN-03,17-02-2021 11:00,1.5,411,217,7.3,29.4,0.297
STN-03,17-02-2021 12:00,0.9,303,196,8.8,30,0.329
STN-03,17-02-2021 13:00,0.9,307,193,8.8,33.1,0.3525
STN-03,17-02-2021 14:00,1,360,209,8.5,35.8,0.3318
STN-03,17-02-2021 15:00,1.4,336,215,6.3,35.3,0.2446
STN-03,17-02-2021 16:00,1.3,270,206,6,37.8,0.2557
STN-03,17-02-2021 17:00,2.3,275,219,7.3,33.8,0.3194
STN-03,17-02-2021 18:00,3.3,427,236,,33.2,0.3053
STN-03,17-02-2021 19:00,2.7,425,220,3.6,43.7,0.3311
STN-03,17-02-2021 20:00,2.5,441,195,2.9,49.4,0.425
STN-03,17-02-2021 21:00,0.9,347,165,1.9,55.4,0.4713
STN-03,17-02-2021 22:00,0.6,288,130,1.9,57.7,0.4904
STN-03,17-02-2021 23:00,0.9,302,130,1.6,55.8,0.4905
STN-03,18-02-2021 00:00,0.5,292,138,1,58.2,0.5349
STN-03,18-02-2021 01:00,0,169,122,0.5,60.6,0.5601
STN-03,18-02-2021 02:00,0,107,105,0.5,61.1,0.5378
STN-03,18-02-2021 03:00,0,8,89,-2.2,61.6,0.4632
STN-03,18-02-2021 04:00,0,1,74,-2,57.5,0.3999
STN-03,18-02-2021 05:00,0,116,103,-1,62.8,0.5112
STN-03,18-02-2021 06:00,0,149,97,-1,64.7,
STN-03,18-02-2021 07:00,1,330,135,-0.6,64.7,0.5191
STN-03,18-02-2021 08:00,2.4,440,169,2.2,60.6,0.5889
STN-03,18-02-2021 09:00,2.1,421,173,3.1,59.8,0.5744
STN-03,18-02-2021 10:00,1.2,396,176,6.3,53.3,0.6348
STN-03,18-02-2021 11:00,0.3,243,154,6.7,48.2,0.6065
STN-03,18-02-2021 12:00,0.4,224,145,7.6,46.8,0.5998
STN-03,18-02-2021 13:00,0.6,262,158,7.9,45.1,0.5449
STN-03,18-02-2021 14:00,0,161,141,9.2,46.3,0.5736
STN-03,18-02-2021 15:00,0.2,171,140,9.8,46.8,0.5849
STN-03,18-02-2021 16:00,0.4,254,148,10.2,41.9,0.5227
STN-03,18-02-2021 17:00,0,194,131,8.2,49.5,0.5709
STN-03,18-02-2021 18:00,1,299,161,7.6,47,0.5433
STN-03,18-02-2021 19:00,1.3,280,161,5.5,51.5,0.5522
STN-03,18-02-2021 20:00,0.9,669.7759672,150,4.4,54.1,0.5669
STN-03,18-02-2021 21:00,0.6,672.0802055,140,4.6,54.1,0.6004
STN-03,18-02-2021 22:00,1.3,503.6844915,179,4,61.8,0.7009
STN-03,18-02-2021 23:00,,266.8094873,183,4.9,61.4,0.7012
STN-03,19-02-2021 00:00,2.8,447,210,5.3,62.2,0.6787
STN-03,19-02-2021 01:00,1.3,324,192,5.4,55.1,0.6114
STN-03,19-02-2021 02:00,1,363,202,4.2,62.6,0.6523
STN-03,19-02-2021 03:00,0.1,285,190,3.3,61.5,0.597
STN-03,19-02-2021 04:00,0,202,163,2.6,64.3,0.5952
STN-03,19-02-2021 05:00,0,53,145,3.9,60.8,0.6296
STN-03,19-02-2021 06:00,0,61,131,4.1,63.8,0.6815
STN-03,19-02-2021 07:00,0,125,141,3.6,60.7,0.6148
STN-03,19-02-2021 08:00,1,275,172,4.4,53.1,0.5332
STN-03,19-02-2021 09:00,1,228,161,5.5,44.6,0.4717
STN-03,19-02-2021 10:00,0.6,194,169,7.3,32.5,0.3701
STN-03,19-02-2021 11:00,0,158,153,8.9,23.9,0.2863
STN-03,19-02-2021 12:00,0,110,137,8.8,21.3,0.2313
STN-03,19-02-2021 13:00,0,25,110,8.6,20.2,0.1895
STN-03,19-02-2021 14:00,0,,,9.7,19.4,0.2089
STN-03,19-02-2021 15:00,0,117,125,9.6,29.7,0.3021
STN-03,19-02-2021 16:00,0,33,100,10.1,29.7,
STN-03,19-02-2021 17:00,0,69,115,8.5,32,0.3086
STN-03,19-02-2021 18:00,0.3,100,118,7,38.1,0.3779
STN-03,19-02-2021 19:00,1.1,177,136,7.8,36.4,0.3886
STN-03,19-02-2021 20:00,1.2,165,141,6.4,34.6,0.2914
STN-03,19-02-2021 21:00,0.7,127,139,5.8,,0.316
STN-03,19-02-2021 22:00,0.2,59,109,3.8,45.9,0.3466
STN-03,19-02-2021 23:00,0.6,33,86,4.9,54.8,0.4835
STN-03,20-02-2021 00:00,0.7,9,86,4.6,56,0.5068
STN-03,20-02-2021 01:00,0.7,26,82,3.9,60.8,0.5548
STN-03,20-02-2021 02:00,1.6,183,107,4,66.1,0.6306
STN-03,20-02-2021 03:00,0.5,120,102,5.3,64.3,0.6688
STN-03,20-02-2021 04:00,1,194,112,4.5,66.5,0.6573
STN-03,20-02-2021 05:00,1.1,275,147,4.5,68.6,0.6673
STN-03,20-02-2021 06:00,1.4,298,169,4.9,69.5,0.711
STN-03,20-02-2021 07:00,2,412,195,3.8,67.3,0.6624
STN-03,20-02-2021 08:00,3.3,574,,4.5,67.1,0.6938
STN-03,20-02-2021 09:00,3,575,244,5.7,63.3,0.672
STN-03,20-02-2021 10:00,2.3,469,232,6.1,52,0.5513
STN-03,20-02-2021 11:00,2.5,449,238,8.3,47.9,0.5694
STN-03,20-02-2021 12:00,2.4,484,239,9.3,47.6,0.5893
STN-03,20-02-2021 13:00,2.6,473,240,10.7,40.8,0.5443
STN-03,20-02-2021 14:00,1.7,277,228,11.1,36.9,0.4962
STN-03,20-02-2021 15:00,2,331,229,10.6,34.9,0.45
STN-03,20-02-2021 16:00,2.2,333,227,10.2,40.7,0.5159
STN-03,20-02-2021 17:00,2.8,348,238,9.9,45.4,0.5705
STN-03,20-02-2021 18:00,2.6,279,225,9.3,46.8,0.608
STN-03,20-02-2021 19:00,2.7,257,215,8.9,48.5,0.642
STN-03,20-02-2021 20:00,3,245,210,9.4,53.4,0.7147
STN-03,20-02-2021 21:00,2,212,207,11,56.4,0.8198
STN-03,20-02-2021 22:00,0.4,66,180,10.9,52.9,0.8118
STN-03,20-02-2021 23:00,0.7,85,167,10.2,57.7,0.866
STN-03,21-02-2021 00:00,1.5,179,173,9.5,63.9,0.9367
STN-03,21-02-2021 01:00,0.6,135,138,9.9,65.9,0.9754
STN-03,21-02-2021 02:00,0,85,125,8.3,67.3,0.9418
STN-03,21-02-2021 03:00,0,114,136,9.7,62.8,0.929
STN-03,21-02-2021 04:00,0.3,165,122,10.8,65.1,1.0086
STN-03,21-02-2021 05:00,0.5,204,117,11.3,63.7,0.9953
STN-03,21-02-2021 06:00,0.9,230,138,11,61.6,0.9368
STN-03,21-02-2021 07:00,2.2,423,180,11.1,61.3,0.9018
STN-03,21-02-2021 08:00,3.7,596,214,11.4,56.2,0.8775
STN-03,21-02-2021 09:00,2.1,462,199,13,49.2,0.8824
STN-03,21-02-2021 10:00,2.3,468,,16,39.7,0.878
STN-03,21-02-2021 11:00,2.3,397,219,17.2,32.8,0.8148
STN-03,21-02-2021 12:00,2,283,206,19.4,34.1,0.8859
STN-03,21-02-2021 13:00,1.9,245,187,19.5,32.1,0.8903
STN-03,21-02-2021 14:00,1.7,277,169,18,34.8,0.9009
STN-03,21-02-2021 15:00,1,197,142,19,32.7,0.9098
STN-03,21-02-2021 16:00,0.9,234,,20.2,27.2,0.8978
STN-03,21-02-2021 17:00,2.2,355,177,20.1,25.9,0.8858
STN-03,21-02-2021 18:00,2.9,477,185,16.8,30.5,0.8298
STN-03,21-02-2021 19:00,3.1,442,202,16.7,32.4,0.8346
STN-03,21-02-2021 20:00,3,448,207,15.1,34.9,0.8165
STN-03,21-02-2021 21:00,2,404,200,13.6,37.1,0.7905
STN-03,21-02-2021 22:00,0.2,209,142,13.6,38.1,0.8207
STN-03,21-02-2021 23:00,1.1,212,145,12.4,42.7,0.854
STN-03,22-02-2021 00:00,0.9,176,158,12.3,44,0.8523
STN-03,22-02-2021 01:00,0,52,124,12.1,43.9,0.8332
STN-03,22-02-2021 02:00,0,54,109,11.5,48.7,0.8531
STN-03,22-02-2021 03:00,0,64,122,8,51.2,0.7348
STN-03,22-02-2021 04:00,0,8,106,8.2,59.1,0.8381
STN-03,22-02-2021 05:00,0,1,95,7.8,58.8,0.8129
STN-03,22-02-2021 06:00,0,2,115,6.4,65.9,0.8776
STN-03,22-02-2021 07:00,0,1,127,7.9,62.5,0.8709
STN-03,22-02-2021 08:00,0.1,54,158,9.6,57.3,
STN-03,22-02-2021 09:00,0.9,115,175,10.6,56.1,0.9131
STN-03,22-02-2021 10:00,0,46,142,10,52.9,0.8664
STN-03,22-02-2021 11:00,0,85,153,10.4,47.4,0.7386
STN-03,22-02-2021 12:00,0,44,138,11.1,48.6,0.7541
STN-03,22-02-2021 13:00,0,1,142,11.2,48,0.7053
STN-03,22-02-2021 14:00,0.4,51,159,11.5,45,0.6661
STN-03,22-02-2021 15:00,0.6,70,167,12.2,43.8,0.6678
STN-03,22-02-2021 16:00,0.7,81,166,12.6,42.5,0.6301
STN-03,22-02-2021 17:00,0.8,,186,11.1,38.1,0.5221
STN-03,22-02-2021 18:00,1.8,127,212,10,39.7,0.5092
STN-03,22-02-2021 19:00,1.6,165,205,7.1,43.3,0.4826
STN-03,22-02-2021 20:00,2.1,258,213,6.2,45.8,0.4787
STN-03,22-02-2021 21:00,1.8,214,191,,46.5,0.4667
STN-03,22-02-2021 22:00,1.3,211,172,5.8,46.9,0.4743
STN-03,22-02-2021 23:00,1.9,260,181,6.5,48.5,0.5431
STN-03,23-02-2021 00:00,0.8,251,177,6.1,,0.5431
STN-03,23-02-2021 01:00,1.5,301,178,5.2,47.8,0.5218
STN-03,23-02-2021 02:00,0,190,141,4.2,43.6,0.45
STN-03,23-02-2021 03:00,0,138,124,4.4,41.6,0.413
STN-03,23-02-2021 04:00,,155,99,5.3,43.8,0.4326
STN-03,23-02-2021 05:00,0,111,89,4.5,46.1,0.4096
STN-03,23-02-2021 06:00,0,106,92,3.9,47.9,0.3749
STN-03,23-02-2021 07:00,0,209,125,3.8,46.7,0.3621
STN-03,23-02-2021 08:00,0.9,321,,5.3,51,0.49
STN-03,23-02-2021 09:00,1.4,327,144,7.9,47.3,0.5699
STN-03,23-02-2021 10:00,0.2,288,145,9.5,42.2,0.5321
STN-03,23-02-2021 11:00,0.1,242,129,10.5,40.2,0.5268
STN-03,23-02-2021 12:00,0,197,149,11.2,35.2,0.4783
STN-03,23-02-2021 13:00,0.4,236,146,11.3,40.6,0.5237
STN-03,23-02-2021 14:00,0,144,142,9.6,41.4,0.4423
STN-03,23-02-2021 15:00,0,190,153,9.5,37.3,0.4291
STN-03,23-02-2021 16:00,0.2,136,160,7.8,36.2,0.3602
STN-03,23-02-2021 17:00,0.6,175,165,7.5,39.8,0.4252
STN-03,23-02-2021 18:00,1,226,194,6.3,37.3,0.3892
STN-03,23-02-2021 19:00,1.2,146,183,5.7,36.7,0.4306
STN-03,23-02-2021 20:00,,291,213,5.6,34.3,0.3792
STN-03,23-02-2021 21:00,0.8,255,212,4.6,36.8,0.3886
STN-03,23-02-2021 22:00,0.2,236,195,4.7,33.4,0.3349
STN-03,23-02-2021 23:00,1.3,325,198,5.1,41.3,0.4936
STN-03,24-02-2021 00:00,1.1,386,210,4.6,44.4,0.5199
STN-03,24-02-2021 01:00,0.8,324,204,5.4,46.1,0.5871
STN-03,24-02-2021 02:00,0.6,286,203,5.3,40.1,0.4693
STN-03,24-02-2021 03:00,0,,198,4.3,47.1,0.4778
STN-03,24-02-2021 04:00,0,316,172,3.8,53.2,0.5132
STN-03,24-02-2021 05:00,1,465,199,4.1,59.8,0.5519
STN-03,24-02-2021 06:00,0.7,504,229,4.8,59.6,0.5645
STN-03,24-02-2021 07:00,0.6,517,225,4.4,62.2,0.6088
STN-03,24-02-2021 08:00,2.1,638,240,4.6,59,0.5926
STN-03,24-02-2021 09:00,2,687,246,5,58.4,0.5685
STN-03,24-02-2021 10:00,1.8,668,251,7.4,48.3,0.5418
STN-03,24-02-2021 11:00,0.9,590,229,9.6,47.8,0.6314
STN-03,24-02-2021 12:00,2.1,630,250,11.5,44.1,0.6373
STN-03,24-02-2021 13:00,2,601,225,11.4,37.1,0.5486
STN-03,24-02-2021 14:00,1.3,499,205,12.7,36.2,0.6064
STN-03,24-02-2021 15:00,0.9,450,205,12.2,36.5,0.5667
STN-03,24-02-2021 16:00,2.2,513,228,13.3,36,0.5903
STN-03,24-02-2021 17:00,2,540,216,12.7,42,0.6612
STN-03,24-02-2021 18:00,2.2,528,236,11.3,42.4,
STN-03,24-02-2021 19:00,3.2,601,251,9.5,49.1,0.6623
STN-03,24-02-2021 20:00,4.1,647,261,8.8,47,0.6537
STN-03,24-02-2021 21:00,2.5,405,233,8.6,49,0.6796
STN-03,24-02-2021 22:00,1.8,366,230,7,51.4,0.6714
STN-03,24-02-2021 23:00,2.4,351,237,5.8,57.5,0.6877
STN-03,25-02-2021 00:00,3.5,479,241,7.1,56.5,0.7281
STN-03,25-02-2021 01:00,4,570,250,7.8,61.2,0.8101
STN-03,25-02-2021 02:00,3.4,482,222,5.3,67.7,0.8188
STN-03,25-02-2021 03:00,3.1,497,225,5.8,62.6,0.779
STN-03,25-02-2021 04:00,1.9,460,192,3.2,70.7,0.7735
STN-03,25-02-2021 05:00,1.3,424,175,2.5,72.4,0.7694
STN-03,25-02-2021 06:00,2.4,531,210,2.7,71.8,0.7924
STN-03,25-02-2021 07:00,2.6,535,235,2.7,72.9,0.8292
STN-03,25-02-2021 08:00,3.9,741,259,4.9,66.8,0.8261
STN-03,25-02-2021 09:00,3.7,,257,7,62.4,0.8618
STN-03,25-02-2021 10:00,3.3,610,237,9.3,48.8,0.7654
STN-03,25-02-2021 11:00,2.7,551,228,10.8,43.7,0.7105
STN-03,25-02-2021 12:00,3.2,576,230,11.7,47,0.7792
STN-03,25-02-2021 13:00,3.2,615,232,12.8,43.9,0.7598
STN-03,25-02-2021 14:00,3.1,597,231,11.9,42.2,0.6957
STN-03,25-02-2021 15:00,3,565,222,13.6,39.3,0.7346
STN-03,25-02-2021 16:00,3.9,657,244,13.1,47.8,0.7944
STN-03,25-02-2021 17:00,4.1,645,246,12.2,46.2,0.7872
STN-03,25-02-2021 18:00,4.3,585,245,10.7,45.2,0.7618
STN-03,25-02-2021 19:00,4.6,552,237,9.8,50.2,0.8107
STN-03,25-02-2021 20:00,4.3,591,240,8.6,54.5,0.8196
STN-03,25-02-2021 21:00,3.3,502,226,6.5,56.3,0.7913
STN-03,25-02-2021 22:00,2.4,442,211,5.4,56.2,0.7454
STN-03,25-02-2021 23:00,2.4,395,188,5.4,56.1,0.7599
STN-03,26-02-2021 00:00,2.3,382,174,5.9,57.1,0.7413
STN-03,26-02-2021 01:00,2.1,322,158,6.9,61.5,0.8542
STN-03,26-02-2021 02:00,2,313,150,7.2,64.5,0.8904
STN-03,26-02-2021 03:00,1.8,,131,6.8,75,0.9991
STN-03,26-02-2021 04:00,1.2,255,105,6.5,72.4,0.9574
STN-03,26-02-2021 05:00,1.9,261,110,,73.4,0.9694
STN-03,26-02-2021 06:00,1.7,234,108,6.6,77.3,0.9944
STN-03,26-02-2021 07:00,1.6,237,105,7.8,77.9,1.0659
STN-03,26-02-2021 08:00,1.7,314,,10.3,71.8,1.1007
STN-03,26-02-2021 09:00,2.4,395,184,12.4,67.1,1.1181
STN-03,26-02-2021 10:00,1.9,419,178,13.8,63.5,1.1388
STN-03,26-02-2021 11:00,2.3,447,180,,57.5,1.1371
STN-03,26-02-2021 12:00,1.1,243,136,16.7,48.4,1.0449
STN-03,26-02-2021 13:00,0,190,130,15.7,44.1,0.9156
STN-03,26-02-2021 14:00,0,143,109,16.3,36.4,
STN-03,26-02-2021 15:00,0.3,173,103,17.9,36,0.8666
STN-03,26-02-2021 16:00,0.8,173,141,18.4,29.6,0.797
STN-03,26-02-2021 17:00,1.6,250,175,16.2,,0.6513
STN-03,26-02-2021 18:00,2.3,361,201,17,25.2,0.7133
STN-03,26-02-2021 19:00,2.9,365,202,15.3,32.5,
STN-03,26-02-2021 20:00,2.9,383,203,14.1,34.2,0.7584
STN-03,26-02-2021 21:00,2.2,320,196,12.8,38.8,0.7927
STN-03,26-02-2021 22:00,1.8,302,178,11.2,44.7,0.786
STN-03,26-02-2021 23:00,1,205,131,10.6,51.8,0.8669
STN-03,27-02-2021 00:00,0.7,189,137,10.1,58.2,0.9207
STN-03,27-02-2021 01:00,0.1,129,117,10.3,66.6,1.0186
STN-03,27-02-2021 02:00,0,133,129,8.7,71.3,1.0019
STN-03,27-02-2021 03:00,0,100,126,8.1,75.9,1.0529
STN-03,27-02-2021 04:00,0.7,146,127,7.6,73.4,0.576021817
STN-03,27-02-2021 05:00,1.3,243,143,8.1,75.4,2.234901879
STN-03,27-02-2021 06:00,2,369,171,7,73.4,0.9601
STN-03,27-02-2021 07:00,2.8,367,189,8.5,76.9,1.065
STN-03,27-02-2021 08:00,4.3,479,219,10.4,66.6,1.0576
STN-03,27-02-2021 09:00,3.6,433,202,11,65.7,1.0495
STN-03,27-02-2021 10:00,3.1,418,206,13,55.7,0.961
STN-03,27-02-2021 11:00,2.5,380,204,14.3,47.7,0.854
STN-03,27-02-2021 12:00,1.9,335,205,14.6,45.3,0.8437
STN-03,27-02-2021 13:00,2.4,377,207,14.7,43.7,0.8289
STN-03,27-02-2021 14:00,2.3,379,196,13.9,48.2,0.8466
STN-03,27-02-2021 15:00,3.4,448,195,16.3,49.4,0.9228
STN-03,27-02-2021 16:00,3.9,542,226,16.1,47.9,0.8933
STN-03,27-02-2021 17:00,3.9,558,236,14.9,48.2,0.8497
STN-03,27-02-2021 18:00,4.8,636,274,13.5,54,0.8925
STN-03,27-02-2021 19:00,4.8,662,276,10,59.8,0.8871
STN-03,27-02-2021 20:00,5.1,731,287,9.2,71.4,1.0053
STN-03,27-02-2021 21:00,3.8,649,267,8.5,73.6,1.0145
STN-03,27-02-2021 22:00,3,558,241,7.7,73.1,0.9872
STN-03,27-02-2021 23:00,1.9,461,,7.4,71.3,0.949
STN-03,28-02-2021 00:00,1.9,464,214,,73.5,0.9227
STN-03,28-02-2021 01:00,1.5,403,205,5.7,68.4,0.8959
STN-03,28-02-2021 02:00,1.2,320,,4.5,72.5,0.9317
STN-03,28-02-2021 03:00,1.5,356,196,5.5,67.7,0.9044
STN-03,28-02-2021 04:00,1.6,329,174,,60,0.8677
STN-03,28-02-2021 05:00,1.3,358,188,4.5,62.9,0.8269
STN-03,28-02-2021 06:00,1.8,443,194,3.3,68.1,0.8335
STN-03,28-02-2021 07:00,3.2,522,222,4.2,66.4,0.8269
STN-03,28-02-2021 08:00,3.7,623,247,4.7,67,0.8776
STN-03,28-02-2021 09:00,4.7,753,254,5.2,69.8,0.9242
STN-03,28-02-2021 10:00,3.8,752,262,7.4,60.8,0.8642
STN-03,28-02-2021 11:00,2.1,,246,8.3,49.7,0.7254
STN-03,28-02-2021 12:00,2.5,501,246,8.8,47,0.6913
STN-03,28-02-2021 13:00,0.8,462,234,9.4,46.1,0.672
STN-03,28-02-2021 14:00,0,385,227,8.6,50.6,0.6706
STN-03,28-02-2021 15:00,0,383,220,9,47,0.6392
STN-03,28-02-2021 16:00,0,312,210,9.1,46.5,0.6141
STN-03,28-02-2021 17:00,0.7,,228,7.5,53.3,0.6821
STN-03,28-02-2021 18:00,1.2,474,240,6.3,54.5,0.7272
STN-03,28-02-2021 19:00,1.5,525,234,4.7,59.8,0.7707
STN-03,28-02-2021 20:00,1.2,441,202,3.3,69,0.8586
STN-03,28-02-2021 21:00,,368,202,3.1,68.6,0.8187
STN-03,28-02-2021 22:00,0,299,179,2.3,70.4,0.8294
STN-03,28-02-2021 23:00,0,243,166,1.5,73.8,0.8659
STN-03,01-03-2021 00:00,0,84,121,8.9,71.6,1.1088
STN-03,01-03-2021 01:00,0,65,112,8.9,74,1.1776
STN-03,01-03-2021 02:00,0,41,105,7.3,71.6,1.113
STN-03,01-03-2021 03:00,0,87,113,7.3,75.1,1.139
STN-03,01-03-2021 04:00,0,45,84,5.2,78.4,1.0546
STN-03,01-03-2021 05:00,0,28,75,4,78.2,1.0282
STN-03,01-03-2021 06:00,0,1,80,4.5,70.6,0.9674
STN-03,01-03-2021 07:00,0,54,80,4.5,70,0.9734
STN-03,01-03-2021 08:00,0,173,110,6.1,68.3,0.9906
STN-03,01-03-2021 09:00,0,137,105,6.2,66.8,0.982
STN-03,01-03-2021 10:00,0,237,138,9.6,53.9,0.9116
STN-03,01-03-2021 11:00,0,221,132,10,59.6,0.9513
STN-03,01-03-2021 12:00,0,142,110,11.4,59.2,0.9812
STN-03,01-03-2021 13:00,0,,128,11.1,61.7,0.9847
STN-03,01-03-2021 14:00,0,232,123,12,62,1.0066
STN-03,01-03-2021 15:00,0,230,135,12.4,59.7,1.0227
STN-03,01-03-2021 16:00,1.3,297,155,12.8,,1.0325
STN-03,01-03-2021 17:00,2.5,400,189,12.7,57.9,1.031
STN-03,01-03-2021 18:00,3.4,377,197,12.1,59,1.0227
STN-03,01-03-2021 19:00,4.3,508,208,12.3,63.6,1.0907
STN-03,01-03-2021 20:00,3.2,456,186,11.3,67.2,1.1273
STN-03,01-03-2021 21:00,1.7,349,,12,63.9,1.1502
STN-03,01-03-2021 22:00,,225,163,10.3,59.3,1.0537
STN-03,01-03-2021 23:00,0.2,75,114,10.1,55,0.9862
STN-03,02-03-2021 00:00,0,1,90,9.1,59,0.9868
STN-03,02-03-2021 01:00,0,22,76,8.8,62.7,1.0095
STN-03,02-03-2021 02:00,0,1,69,8.6,57.9,0.9786
STN-03,02-03-2021 03:00,0,10,67,7.7,55.9,0.9152
STN-03,02-03-2021 04:00,0,132,76,9.1,57.2,
STN-03,02-03-2021 05:00,,44,72,8.4,58.3,0.9557
STN-03,02-03-2021 06:00,0,81,88,6.7,63.9,0.9389
STN-03,02-03-2021 07:00,0.9,310,127,8.3,60.5,0.9337
STN-03,02-03-2021 08:00,2.5,489,165,10.9,57.6,1.0018
STN-03,02-03-2021 09:00,2.3,395,168,11.8,49.2,0.9388
STN-03,02-03-2021 10:00,1.3,385,155,15,39.2,0.9192
STN-03,02-03-2021 11:00,0.6,357,147,18.1,34.5,0.9249
STN-03,02-03-2021 12:00,0.8,271,136,18.7,40,0.9792
STN-03,02-03-2021 13:00,1.6,261,135,19.6,37.4,0.9688
STN-03,02-03-2021 14:00,1.1,211,136,19.9,35.4,0.9352
STN-03,02-03-2021 15:00,0.8,,145,20.8,32.2,0.937
STN-03,02-03-2021 16:00,11.64248283,339,159,20.6,33.1,0.9359
STN-03,02-03-2021 17:00,2.5,323,,20.6,37.5,0.9716
STN-03,02-03-2021 18:00,2.2,245,156,18.3,43.3,1.0074
STN-03,02-03-2021 19:00,1.9,211,158,15.6,43.5,0.9844
STN-03,02-03-2021 20:00,1.3,217,145,15,51,1.0575
STN-03,02-03-2021 21:00,0,130,123,14,44.4,0.965
STN-03,02-03-2021 22:00,,8,78,14.5,47.2,0.9941
STN-03,02-03-2021 23:00,0,1,,12.4,46.3,0.8903
STN-03,03-03-2021 00:00,0,41,52,10.6,51.2,0.8767
STN-03,03-03-2021 01:00,0,168,82,10.3,59,
STN-03,03-03-2021 02:00,0,270,94,10.2,54.6,0.868
STN-03,03-03-2021 03:00,0,273,106,10.3,53.2,0.8607
STN-03,03-03-2021 04:00,,305,100,8.7,49.4,0.7589
STN-03,03-03-2021 05:00,0,284,92,8.2,45.6,0.6791
STN-03,03-03-2021 06:00,0.4,277,96,7.9,45.5,0.6553
STN-03,03-03-2021 07:00,1.7,416,119,9.2,45.3,0.6845
STN-03,03-03-2021 08:00,3.5,588,164,10.1,45.3,0.7513
STN-03,03-03-2021 09:00,4.1,545,174,12.3,34.7,0.7302
STN-03,03-03-2021 10:00,3.9,598,196,15,26.1,0.7002
STN-03,03-03-2021 11:00,4,539,208,17.2,24,0.707
STN-03,03-03-2021 12:00,3.4,481,195,16.9,28.6,0.7142
STN-03,03-03-2021 13:00,3.4,470,177,18.9,30.9,0.7874
STN-03,03-03-2021 14:00,,371,165,18.3,27.1,0.722
STN-03,03-03-2021 15:00,2.4,303,158,18.3,24.5,0.6952
STN-03,03-03-2021 16:00,3.1,414,175,18,33.4,0.7921
STN-03,03-03-2021 17:00,3.6,469,197,16.2,35.1,0.7566
STN-03,03-03-2021 18:00,4,482,188,13.3,47,0.8182
STN-03,03-03-2021 19:00,3.5,454,177,9.8,53,0.7938
STN-03,03-03-2021 20:00,2.7,392,138,8.8,56.1,0.8016
STN-03,03-03-2021 21:00,1.6,321,130,9.8,57.5,0.861
STN-03,03-03-2021 22:00,1,237,122,9.6,63.2,0.9259
STN-03,03-03-2021 23:00,0.9,119,98,9.1,67.5,0.9616
STN-03,04-03-2021 00:00,0.3,94,98,7.9,71.6,1.0064
STN-03,04-03-2021 01:00,0,74,98,8.6,71.2,1.0155
STN-03,04-03-2021 02:00,0,1,73,7.4,69.2,0.9326
STN-03,04-03-2021 03:00,0,1,90,7.3,72,0.9605
STN-03,04-03-2021 04:00,0,1,68,8.4,69.8,0.9994
STN-03,04-03-2021 05:00,0,27,69,8.9,67.8,1.0001
STN-03,04-03-2021 06:00,0.5,175,91,8.3,71.4,0.9856
STN-03,04-03-2021 07:00,2.9,408,125,10.2,69.1,1.0523
STN-03,04-03-2021 08:00,3.4,470,150,10.4,64.8,1.028
STN-03,04-03-2021 09:00,2.9,433,-4.627298553,11.6,61.1,1.0318
STN-03,04-03-2021 10:00,2.4,383,161,12.9,51.4,0.9381
STN-03,04-03-2021 11:00,2.1,365,156,14.3,53.9,0.9851
STN-03,04-03-2021 12:00,2.2,362,160,15.9,52.3,0.996
STN-03,04-03-2021 13:00,2.3,396,162,16.2,50.7,0.9602
STN-03,04-03-2021 14:00,2.9,404,177,18.1,47.5,0.9854
STN-03,04-03-2021 15:00,2.7,341,,17.5,47,0.9804
STN-03,04-03-2021 16:00,2.1,228,175,18.9,40.1,0.9436
STN-03,04-03-2021 17:00,2.8,264,180,18.5,41,0.9542
STN-03,04-03-2021 18:00,3.2,309,192,17.7,45.9,1.0265
STN-03,04-03-2021 19:00,3.5,330,181,15.7,48,0.9884
STN-03,04-03-2021 20:00,3.7,393,193,14.2,56.7,1.0705
STN-03,04-03-2021 21:00,2.1,257,162,12.7,55.9,1.0337
STN-03,04-03-2021 22:00,0,113,141,11.4,52.6,0.9495
STN-03,04-03-2021 23:00,0,122,123,10.9,47.1,0.8684
STN-03,05-03-2021 00:00,0.2,79,98,11.1,48.4,0.9372
STN-03,05-03-2021 01:00,0.2,85,102,10.6,51.9,0.9638
STN-03,05-03-2021 02:00,0.6,165,101,10.3,57.2,0.9894
STN-03,05-03-2021 03:00,0.7,188,90,10.1,61.3,1.0032
STN-03,05-03-2021 04:00,0.5,165,81,10.3,63.3,1.0398
STN-03,05-03-2021 05:00,0.9,179,79,10.3,71.5,1.1217
STN-03,05-03-2021 06:00,1.6,255,105,10.8,72.8,1.1553
STN-03,05-03-2021 07:00,2.1,316,118,9.4,67.9,1.0469
STN-03,05-03-2021 08:00,2.8,415,161,8.8,,0.9874
STN-03,05-03-2021 09:00,2.8,400,168,10.2,58,0.9555
STN-03,05-03-2021 10:00,2.2,377,174,13.4,50.5,0.9503
STN-03,05-03-2021 11:00,1.1,267,152,16,43.9,0.9462
STN-03,05-03-2021 12:00,2,309,160,16.6,37.7,0.8549
STN-03,05-03-2021 13:00,2.2,363,178,17.6,32.5,0.7854
STN-03,05-03-2021 14:00,1.5,313,170,19.6,22.9,0.6866
STN-03,05-03-2021 15:00,1,254,145,20.4,23.4,0.6933
STN-03,05-03-2021 16:00,1.6,336,149,19.9,30.2,0.7504
STN-03,05-03-2021 17:00,2.5,426,173,20.1,33.2,0.8289
STN-03,05-03-2021 18:00,3.3,526,194,18.5,36.5,0.8495
STN-03,05-03-2021 19:00,3,437,167,18.9,39.6,0.9218
STN-03,05-03-2021 20:00,,401,147,16.8,39.1,0.843
STN-03,05-03-2021 21:00,2.4,381,142,15.9,44.1,0.8695
STN-03,05-03-2021 22:00,1.4,307,126,15.8,40.3,0.8252
STN-03,05-03-2021 23:00,1.3,272,122,16.5,,0.8356
STN-03,06-03-2021 00:00,1.9,279,136,16.7,39.9,0.8114
STN-03,06-03-2021 01:00,0.9,,123,14.8,37,0.6726
STN-03,06-03-2021 02:00,0,114,111,14.7,37,0.668
STN-03,06-03-2021 03:00,0,35,108,15.3,30.8,0.5922
STN-03,06-03-2021 04:00,0,1,99,12.9,34.4,0.5609
STN-03,06-03-2021 05:00,0,1,114,13,33.8,0.5168
STN-03,06-03-2021 06:00,0,1,121,11.7,40.1,0.5343
STN-03,06-03-2021 07:00,0,81,144,12.7,41.1,
STN-03,06-03-2021 08:00,1.2,272,175,13.1,44.9,0.6456
STN-03,06-03-2021 09:00,0.9,272,165,,42.8,0.6739
STN-03,06-03-2021 10:00,0.9,272,165,,42.8,0.6739
STN-03,06-03-2021 11:00,1.3,277,161,19.1,35.7,0.762
STN-03,06-03-2021 12:00,0.9,182,137,19.3,33.8,0.7137
STN-03,06-03-2021 13:00,1,168,128,21.2,32.4,0.8044
STN-03,06-03-2021 14:00,1.7,136,117,20.7,29.4,0.7619
STN-03,06-03-2021 15:00,1.5,,126,20.9,31,0.8212
STN-03,06-03-2021 16:00,1,205,144,20.3,32.7,0.8238
STN-03,06-03-2021 17:00,2,408,186,19.3,39.4,0.8903
STN-03,06-03-2021 18:00,3.4,563,187,19.3,43.1,0.9637
STN-03,06-03-2021 19:00,3.6,659,208,17,53.2,1.0025
STN-03,06-03-2021 20:00,3.4,651,221,14.5,57.3,1.0041
STN-03,06-03-2021 21:00,2.1,545,201,13.1,60.5,0.9592
STN-03,06-03-2021 22:00,1.6,443,183,12,61.2,0.9482
STN-03,06-03-2021 23:00,0.7,369,167,11.7,61.3,0.9334
STN-03,07-03-2021 00:00,0.5,315,160,9.5,66.8,0.912
STN-03,07-03-2021 01:00,0.4,306,125,-19.62455158,67.8,0.8986
STN-03,07-03-2021 02:00,0,216,104,8.8,73.7,0.9194
STN-03,07-03-2021 03:00,0,206,,9.3,77,0.9479
STN-03,07-03-2021 04:00,0.2,234,98,9.4,76.3,0.9522
STN-03,07-03-2021 05:00,0.9,285,102,9.5,80.1,0.9978
STN-03,07-03-2021 06:00,0.8,278,112,9.6,73,0.9082
STN-03,07-03-2021 07:00,0.5,257,118,10.5,70.9,0.9219
STN-03,07-03-2021 08:00,2.3,446,146,,71,1.01
STN-03,07-03-2021 09:00,2.2,453,155,15.2,60,1.0322
STN-03,07-03-2021 10:00,1.9,422,156,16.5,57.1,1.0242
STN-03,07-03-2021 11:00,1.7,338,154,17.1,55.9,1.0148
STN-03,07-03-2021 12:00,1.4,291,175,16,55.9,0.984
STN-03,07-03-2021 13:00,1.2,257,169,19.4,48.7,1.0153
STN-03,07-03-2021 14:00,1.2,167,155,20,,0.9995
STN-03,07-03-2021 15:00,0.6,126,162,19.5,115.4921922,1.0216
STN-03,07-03-2021 16:00,1.5,182,166,20.8,49.2,1.1105
STN-03,07-03-2021 17:00,1.6,271,188,19.2,59,1.1829
STN-03,07-03-2021 18:00,2.6,373,211,17.9,58,1.1443
STN-03,07-03-2021 19:00,3.2,448,221,15.8,58.9,1.0989
STN-03,07-03-2021 20:00,,479,219,14.2,62.9,1.1097
STN-03,07-03-2021 21:00,,350,194,14.2,64.5,1.1596
STN-03,07-03-2021 22:00,1.5,290,186,12.4,62.3,1.0426
STN-03,07-03-2021 23:00,2.2,331,203,12.5,59.2,1.0251
STN-03,08-03-2021 00:00,1.6,324,202,11.5,64.3,1.0521
STN-03,08-03-2021 01:00,2.5,410,185,13.3,67.5,1.1893
STN-03,08-03-2021 02:00,2.1,375,156,13.6,69.4,1.2161
STN-03,08-03-2021 03:00,1.1,296,154,11.8,71.9,1.1971
STN-03,08-03-2021 04:00,0.3,204,119,12,67.1,1.1641
STN-03,08-03-2021 05:00,0.6,204,131,12.4,69,1.2227
STN-03,08-03-2021 06:00,0.4,199,127,12.3,70.7,1.2405
STN-03,08-03-2021 07:00,2.1,335,156,12.4,69.2,1.2428
STN-03,08-03-2021 08:00,2.3,452,184,13.5,61.3,1.2018
STN-03,08-03-2021 09:00,,471,181,14.7,52,1.1594
STN-03,08-03-2021 10:00,2,449,201,17.2,44.9,1.0952
STN-03,08-03-2021 11:00,1.1,396,202,19,37.4,1.0193
STN-03,08-03-2021 12:00,0.8,355,187,20.2,37.6,1.0573
STN-03,08-03-2021 13:00,0.5,318,182,20.3,38.2,1.0564
STN-03,08-03-2021 14:00,0.7,302,175,21.6,36.2,1.0808
STN-03,08-03-2021 15:00,0.7,242,173,24.1,29.9,1.0788
STN-03,08-03-2021 16:00,0.5,173,162,25.3,26.7,1.0928
STN-03,08-03-2021 17:00,0.7,,169,23.7,27.6,1.0848
STN-03,08-03-2021 18:00,1.6,294,180,23.9,34.3,1.2128
STN-03,08-03-2021 19:00,2.5,355,186,23.6,35,1.2285
STN-03,08-03-2021 20:00,2.3,320,188,22.7,34.8,1.1875
STN-03,08-03-2021 21:00,1.1,224,168,21.4,39.3,1.1994
STN-03,08-03-2021 22:00,1.3,261,160,20.9,38.3,1.1832
STN-03,08-03-2021 23:00,0.5,135,123,19.7,48.6,1.24
STN-03,09-03-2021 00:00,1.1,206,137,18.3,49.7,1.2642
STN-03,09-03-2021 01:00,0,,114,17.3,55.9,1.2838
STN-03,09-03-2021 02:00,0,62,97,19,45.7,1.2122
STN-03,09-03-2021 03:00,0,84,112,18.7,47.3,1.196
STN-03,09-03-2021 04:00,0,3,80,16.9,53.3,1.2047
STN-03,09-03-2021 05:00,0,37,83,18,54,1.2624
STN-03,09-03-2021 06:00,0,111,91,16.8,62,1.3177
STN-03,09-03-2021 07:00,0.4,189,106,17.2,58.5,1.3013
STN-03,09-03-2021 08:00,2.2,384,144,19,55.5,1.3142
STN-03,09-03-2021 09:00,3.3,475,169,20.8,53,1.3277
STN-03,09-03-2021 10:00,2.2,414,158,24.4,52.9,1.4527
STN-03,09-03-2021 11:00,2,409,160,26.7,50.5,1.4963
STN-03,09-03-2021 12:00,1.2,289,159,29,48,1.5471
STN-03,09-03-2021 13:00,1.6,338,170,27.7,51.3,1.5298
STN-03,09-03-2021 14:00,2.2,338,157,29,50.8,1.5898
STN-03,09-03-2021 15:00,1.6,214,151,27.9,51.1,1.5471
STN-03,09-03-2021 16:00,1.4,134,147,28.1,47.2,1.5517
STN-03,09-03-2021 17:00,2.2,175,153,27.1,50.5,1.554
STN-03,09-03-2021 18:00,3.5,318,169,27,52.1,1.5963
STN-03,09-03-2021 19:00,4.2,359,177,24.8,60.7,1.6477
STN-03,09-03-2021 20:00,3.4,311,155,22.1,71.8,1.737
STN-03,09-03-2021 21:00,1.5,193,115,21.9,71.1,1.7219
STN-03,09-03-2021 22:00,1,41,99,21.5,69.1,1.7034
STN-03,09-03-2021 23:00,0.8,53,114,20.5,67,1.6154
STN-03,10-03-2021 00:00,1.6,182,127,19.9,63.5,1.5637
STN-03,10-03-2021 01:00,0,,104,,64.5,1.5836
STN-03,10-03-2021 02:00,0,115,94,17.8,68.4,1.5466
STN-03,10-03-2021 03:00,,149,115,16.5,68.9,1.5011
STN-03,10-03-2021 04:00,1.3,253,128,17.4,68.6,1.5474
STN-03,10-03-2021 05:00,0.5,223,133,17.4,65.6,1.4985
STN-03,10-03-2021 06:00,0.9,354,172,16.4,65.6,1.4471
STN-03,10-03-2021 07:00,2.2,507,187,17.8,66.5,1.4697
STN-03,10-03-2021 08:00,,553,215,19.5,60,1.459
STN-03,10-03-2021 09:00,2.9,552,219,20.2,52,1.3903
STN-03,10-03-2021 10:00,1.8,483,211,23.4,39.9,1.3558
STN-03,10-03-2021 11:00,2,468,209,25.4,33.4,1.3083
STN-03,10-03-2021 12:00,0.8,288,183,26,32.1,1.3093
STN-03,10-03-2021 13:00,0,186,172,26.6,34.1,1.3502
STN-03,10-03-2021 14:00,0.9,179,156,27.6,30.5,1.3351
STN-03,10-03-2021 15:00,0.5,86,131,27.2,26.2,1.3094
STN-03,10-03-2021 16:00,0.3,73,131,26.9,25.7,1.2983
STN-03,10-03-2021 17:00,0.5,59,148,25.8,26,1.2456
STN-03,10-03-2021 18:00,0.9,1,120,23.3,32.3,1.2575
STN-03,10-03-2021 19:00,0.6,1,112,20.8,35,1.2801
STN-03,10-03-2021 20:00,0.1,1,95,20,42.6,1.4118
STN-03,10-03-2021 21:00,0,1,84,18.5,46.4,1.3759
STN-03,10-03-2021 22:00,0,1,65,16.1,53.3,1.3851
STN-03,10-03-2021 23:00,0,1,49,15.4,50.5,1.3696
STN-03,11-03-2021 00:00,0,1,43,13.9,49.5,1.2884
STN-03,11-03-2021 01:00,0,1,17,14.8,53.8,1.3631
STN-03,11-03-2021 02:00,0,1,29,15.3,51.6,1.3349
STN-03,11-03-2021 03:00,0,1,34,14.8,54.1,1.3479
STN-03,11-03-2021 04:00,0,1,27,16.2,58.6,1.4373
STN-03,11-03-2021 05:00,0,1,20,16,55.8,1.432
STN-03,11-03-2021 06:00,0.4,1,71,15.7,54.6,1.3862
STN-03,11-03-2021 07:00,0,1,,14.5,47.1,1.2429
STN-03,11-03-2021 08:00,1,61,136,14.5,47.2,1.2776
STN-03,11-03-2021 09:00,1,94,139,16.2,41.4,1.2571
STN-03,11-03-2021 10:00,1.4,183,156,20,,
STN-03,11-03-2021 11:00,1.2,193,141,21.7,35.8,1.3235
STN-03,11-03-2021 12:00,1.2,230,148,22.9,28.2,1.2526
STN-03,11-03-2021 13:00,0,49,113,22.9,28.9,1.2223
STN-03,11-03-2021 14:00,0.4,74,134,21.3,36.5,1.2335
STN-03,11-03-2021 15:00,1,121,155,22.4,30.6,1.1781
STN-03,11-03-2021 16:00,0.9,121,151,21.8,35.4,1.2218
STN-03,11-03-2021 17:00,2,250,166,19.7,40.3,1.1866
STN-03,11-03-2021 18:00,2.6,350,183,16.5,48.4,1.2129
STN-03,11-03-2021 19:00,3.2,380,189,15.2,48.3,1.2234
STN-03,11-03-2021 20:00,2.2,278,157,15.1,44.8,1.1806
STN-03,11-03-2021 21:00,1.9,249,150,13.6,52.9,1.1879
STN-03,11-03-2021 22:00,2.2,232,139,13.3,60.3,1.2978
STN-03,11-03-2021 23:00,1.4,154,129,13,61.8,1.3287
STN-03,12-03-2021 00:00,0.4,104,121,12.9,62.5,1.2875
STN-03,12-03-2021 01:00,1,109,134,13.4,57.8,
STN-03,12-03-2021 02:00,0.5,75,107,12.6,60.7,1.2195
STN-03,12-03-2021 03:00,0,24,115,,61.5,1.2105
STN-03,12-03-2021 04:00,0,1,83,12.3,,1.1873
STN-03,12-03-2021 05:00,,,101,11.4,65.9,1.226
STN-03,12-03-2021 06:00,0,15,110,10.2,66.3,1.1771
STN-03,12-03-2021 07:00,0.2,111,123,10.2,63.9,1.1413
STN-03,12-03-2021 08:00,1.6,275,141,10.8,65.9,1.2019
STN-03,12-03-2021 09:00,2.7,,186,12.4,62,1.1721
STN-03,12-03-2021 10:00,3.2,483,215,15.9,57,1.196
STN-03,12-03-2021 11:00,2.6,399,189,16.9,53.1,1.1328
STN-03,12-03-2021 12:00,2.6,343,166,19.6,49.7,1.175
STN-03,12-03-2021 13:00,2.4,370,172,20.1,43.4,1.0731
STN-03,12-03-2021 14:00,2.6,417,182,19.7,42.5,1.0347
STN-03,12-03-2021 15:00,1.8,288,179,20.5,33.9,0.9656
STN-03,12-03-2021 16:00,1.2,213,167,20.1,33.6,0.9268
STN-03,12-03-2021 17:00,2,254,181,19.7,34.3,0.9294
STN-03,12-03-2021 18:00,,332,191,19,37.4,0.9384
STN-03,12-03-2021 19:00,2.5,287,166,17.7,38.2,0.9249
STN-03,12-03-2021 20:00,3,313,182,16.4,34.6,0.8738
STN-03,12-03-2021 21:00,1.6,212,131,16,38.1,0.9144
STN-03,12-03-2021 22:00,1.7,207,120,15.6,42.1,0.9422
STN-03,12-03-2021 23:00,0.8,124,119,15.1,40.7,0.9299
STN-03,13-03-2021 00:00,1.8,305,163,13.8,,0.9259
STN-03,13-03-2021 01:00,0.9,258,139,12.6,41,0.9239
STN-03,13-03-2021 02:00,0.9,234,116,11.4,41.5,0.8779
STN-03,13-03-2021 03:00,1,295,132,10.1,40.6,0.8246
STN-03,13-03-2021 04:00,1.8,293,121,9.8,43.3,0.8206
STN-03,13-03-2021 05:00,1.2,271,116,7.9,48,0.8134
STN-03,13-03-2021 06:00,2.1,396,136,8.4,53.2,0.8705
STN-03,13-03-2021 07:00,2.3,356,145,10.3,47.8,0.8925
STN-03,13-03-2021 08:00,2.9,404,160,,48.5,0.9284
STN-03,13-03-2021 09:00,3.8,488,205,13.9,49.5,1.0348
STN-03,13-03-2021 10:00,3.8,551,223,14.2,,0.9533
STN-03,13-03-2021 11:00,3.8,586,256,17.3,34.2,0.9218
STN-03,13-03-2021 12:00,3.5,491,239,19.7,25,0.8723
STN-03,13-03-2021 13:00,3.1,404,200,19,29.7,0.903
STN-03,13-03-2021 14:00,2.9,352,178,19.3,24.9,
STN-03,13-03-2021 15:00,2.7,367,180,21.1,22.4,0.908
STN-03,13-03-2021 16:00,2.3,411,168,19.8,24.9,0.8532
STN-03,13-03-2021 17:00,3.4,483,191,19.4,27.8,0.9215
STN-03,13-03-2021 18:00,3.5,493,190,17,36.3,0.9418
STN-03,13-03-2021 19:00,4,505,213,16.4,42.2,1.0271
STN-03,13-03-2021 20:00,4.2,523,233,14.9,45,1.0551
STN-03,13-03-2021 21:00,3.4,539,226,13.9,52.2,1.0823
STN-03,13-03-2021 22:00,2.4,461,206,12.2,61,1.1314
STN-03,13-03-2021 23:00,2.6,421,192,11.7,63.4,1.1404
STN-03,14-03-2021 00:00,1.7,345,169,12.5,59.3,1.1498
STN-03,14-03-2021 01:00,1,317,157,11.9,58.1,1.1074
STN-03,14-03-2021 02:00,0,205,148,11.4,53.3,1.0276
STN-03,14-03-2021 03:00,0.3,222,166,12,56.8,1.098
STN-03,14-03-2021 04:00,0,108,124,12.1,54.3,1.0582
STN-03,14-03-2021 05:00,0,17,117,12,51,1.0214
STN-03,14-03-2021 06:00,0.2,87,123,11.5,54.6,1.0554
STN-03,14-03-2021 07:00,1.7,265,190,12.6,51.9,1.0428
STN-03,14-03-2021 08:00,2.4,311,183,12.7,53.4,1.0653
STN-03,14-03-2021 09:00,2,196,164,14.4,44.9,1.0188
STN-03,14-03-2021 10:00,0.7,98,162,15.9,42.7,1.0154
STN-03,14-03-2021 11:00,0,6,164,18.4,29.9,0.916
STN-03,14-03-2021 12:00,0.4,92,159,17.7,31.9,0.9073
STN-03,14-03-2021 13:00,0,80,155,17.8,,0.8671
STN-03,14-03-2021 14:00,0.2,167,152,18.2,34.7,0.926
STN-03,14-03-2021 15:00,0.7,191,155,18.7,33,0.9092
STN-03,14-03-2021 16:00,0.8,252,162,18,32.8,0.8738
STN-03,14-03-2021 17:00,1.1,251,171,17.5,34.2,0.9027
STN-03,14-03-2021 18:00,1.4,,196,15,46.7,0.9854
STN-03,14-03-2021 19:00,1.4,296,191,13.5,53,1.0664
STN-03,14-03-2021 20:00,0.3,138,157,13.4,51,1.052
STN-03,14-03-2021 21:00,0.2,104,132,11.1,56.9,1.0293
STN-03,14-03-2021 22:00,,133,130,10.2,58.3,1.014
STN-03,14-03-2021 23:00,1.1,217,130,9.1,65,1.0808
STN-03,15-03-2021 00:00,0.6,132,130,8.8,64,1.0874
STN-03,15-03-2021 01:00,0.1,116,142,7.3,60.6,0.9462
STN-03,15-03-2021 02:00,0,83,117,5.9,66.5,0.9695
STN-03,15-03-2021 03:00,0,109,122,5.4,64.2,0.9526
STN-03,15-03-2021 04:00,0,1,91,4.4,67.3,0.9567
STN-03,15-03-2021 05:00,0,19,88,4.9,70.8,1.0387
STN-03,15-03-2021 06:00,0.6,199,128,6,71.1,1.0773
STN-03,15-03-2021 07:00,1.5,281,138,7.4,68.8,1.0948
STN-03,15-03-2021 08:00,2.8,384,162,8,67.3,1.1368
STN-03,15-03-2021 09:00,3.3,432,195,8.8,60.7,1.0757
STN-03,15-03-2021 10:00,3.1,387,185,10.5,53.1,1.0047
STN-03,15-03-2021 11:00,3.1,419,187,12.7,48.8,1.0043
STN-03,15-03-2021 12:00,3.1,447,176,14.3,46,1.0104
STN-03,15-03-2021 13:00,2.9,420,177,16.7,38.9,0.9635
STN-03,15-03-2021 14:00,2.5,377,163,17.1,34.6,0.9209
STN-03,15-03-2021 15:00,3.3,438,179,16.8,39.4,0.9786
STN-03,15-03-2021 16:00,3.3,438,179,16.8,39.4,0.9786
STN-03,15-03-2021 17:00,3.6,455,205,17.6,37.6,0.9742
STN-03,15-03-2021 18:00,4.2,448,214,16.9,45.8,1.0933
STN-03,15-03-2021 19:00,5.1,469,209,15.4,49.7,1.1233
STN-03,15-03-2021 20:00,3.8,307,179,16.3,49.6,1.1968
STN-03,15-03-2021 21:00,2.9,291,166,15.2,53.8,1.2354
STN-03,15-03-2021 22:00,2.6,178,146,14.8,54.1,1.2798
STN-03,15-03-2021 23:00,2.8,244,158,14.4,63.3,1.3693
STN-03,16-03-2021 00:00,2.1,166,112,13.9,,1.376
STN-03,16-03-2021 01:00,2.1,136,97,13,61,1.3136
STN-03,16-03-2021 02:00,1.4,104,87,13.2,60.4,1.2782
STN-03,16-03-2021 03:00,1.4,144,111,12.9,69,1.3541
STN-03,16-03-2021 04:00,0.9,177,80,13.3,73.6,1.3662
STN-03,16-03-2021 05:00,1.7,283,104,12.5,,1.3176
STN-03,16-03-2021 06:00,1.2,271,105,11.7,66.2,1.2258
STN-03,16-03-2021 07:00,1.9,256,136,11.7,65.1,1.1939
STN-03,16-03-2021 08:00,2.6,355,166,10.3,67.4,1.144
STN-03,16-03-2021 09:00,2.5,362,173,11.8,65.3,1.1543
STN-03,16-03-2021 10:00,1.9,351,177,12.9,59,1.1272
STN-03,16-03-2021 11:00,1.2,340,181,16.3,48.2,1.0884
STN-03,16-03-2021 12:00,2.3,287,176,20.1,44.3,1.1774
STN-03,16-03-2021 13:00,2.4,307,190,19.4,38.8,1.0846
STN-03,16-03-2021 14:00,1.9,288,189,20,30.5,0.9486
STN-03,16-03-2021 15:00,1.4,219,179,20.2,28.7,0.9211
STN-03,16-03-2021 16:00,1.5,,-2.015393951,18.5,29.6,
STN-03,16-03-2021 17:00,1.8,328,191,17.3,36.3,0.8959
STN-03,16-03-2021 18:00,2.7,440,217,14.3,41.2,0.8803
STN-03,16-03-2021 19:00,2.9,425,212,14.7,46,0.9578
STN-03,16-03-2021 20:00,3.4,453,219,13.5,44.1,0.8886
STN-03,16-03-2021 21:00,2.7,402,199,12.7,45.6,0.8686
STN-03,16-03-2021 22:00,1.1,225,156,12.2,49.7,0.8657
STN-03,16-03-2021 23:00,1.3,251,169,12.6,49.6,0.8978
STN-03,17-03-2021 00:00,2,315,173,12.2,57.7,1.0187
STN-03,17-03-2021 01:00,1.9,253,153,13,54,1.0075
STN-03,17-03-2021 02:00,0.7,208,149,10.7,59.8,1.0413
STN-03,17-03-2021 03:00,1,243,162,10.5,54.7,0.9612
STN-03,17-03-2021 04:00,1.4,212,157,9,60.4,0.9784
STN-03,17-03-2021 05:00,1.2,257,162,8.9,62.4,0.9584
STN-03,17-03-2021 06:00,1.1,168,150,9.8,64.8,1.0262
STN-03,17-03-2021 07:00,1,183,164,9.9,62.1,1.0232
STN-03,17-03-2021 08:00,1.3,240,167,10.2,56,0.9812
STN-03,17-03-2021 09:00,1.8,208,167,12.7,52.3,1.026
STN-03,17-03-2021 10:00,0.9,274,176,15.2,44.7,1.0147
STN-03,17-03-2021 11:00,1,229,187,18.6,42.3,1.0529
STN-03,17-03-2021 12:00,1.7,262,185,19.6,39.6,1.0457
STN-03,17-03-2021 13:00,1.2,102,133,20.5,43.4,1.0987
STN-03,17-03-2021 14:00,0.7,66,112,19.8,40.2,1.0301
STN-03,17-03-2021 15:00,0.5,15,115,19.3,35.2,0.9833
STN-03,17-03-2021 16:00,0.8,128,138,20.1,34.1,0.9751
STN-03,17-03-2021 17:00,1.3,201,150,19,32.1,0.893
STN-03,17-03-2021 18:00,2.2,297,174,18,29.2,0.8582
STN-03,17-03-2021 19:00,2.5,348,191,15,35.4,0.7983
STN-03,17-03-2021 20:00,2.5,383,179,,41.9,0.8303
STN-03,17-03-2021 21:00,1.6,241,166,11.4,47,0.8371
STN-03,17-03-2021 22:00,2.5,261,163,12.2,47,0.837
STN-03,17-03-2021 23:00,1.8,107,144,11.8,48.6,0.844
STN-03,18-03-2021 00:00,1.9,153,156,10.9,53.2,0.86
STN-03,18-03-2021 01:00,0.7,52,121,10,58.1,0.8277
STN-03,18-03-2021 02:00,0,1,95,9.8,61.4,0.8345
STN-03,18-03-2021 03:00,0,102,115,9.4,63.9,0.8506
STN-03,18-03-2021 04:00,0,1,82,10.6,68.7,0.9461
STN-03,18-03-2021 05:00,0,22,85,12.4,66.4,0.9927
STN-03,18-03-2021 06:00,0.3,150,121,12.8,63.8,0.9667
STN-03,18-03-2021 07:00,1.8,335,,12.4,70.5,
STN-03,18-03-2021 08:00,2.4,,166,12.2,69.2,0.9951
STN-03,18-03-2021 09:00,2.5,431,187,13.3,67.1,1.0201
STN-03,18-03-2021 10:00,1.5,353,186,15.4,56.7,0.9691
STN-03,18-03-2021 11:00,1.8,372,183,16.1,56.8,0.9907
STN-03,18-03-2021 12:00,2.5,407,186,,53.9,0.9974
STN-03,18-03-2021 13:00,2.4,358,176,19.1,47.2,0.9501
STN-03,18-03-2021 14:00,1.8,259,153,17.6,48.9,0.9475
STN-03,18-03-2021 15:00,1,239,146,16.2,51.2,0.8775
STN-03,18-03-2021 16:00,2.1,351,167,15.9,48.6,0.853
STN-03,18-03-2021 17:00,2.6,410,201,14.3,53.1,0.9003
STN-03,18-03-2021 18:00,3.2,451,207,14.1,50.3,0.8735
STN-03,18-03-2021 19:00,3.9,473,223,13.7,59.3,0.9802
STN-03,18-03-2021 20:00,3.1,472,191,12.3,60.4,0.9577
STN-03,18-03-2021 21:00,1.6,287,149,11.8,63.4,1.0193
STN-03,18-03-2021 22:00,2.1,282,128,10.3,71.7,1.0792
STN-03,18-03-2021 23:00,2,279,,9.7,71.1,1.072
STN-03,19-03-2021 00:00,2,244,145,10.6,69.1,1.0835
STN-03,19-03-2021 01:00,1.5,249,150,10.2,70.6,1.0754
STN-03,19-03-2021 02:00,0.9,186,145,9,70.8,1.0675
STN-03,19-03-2021 03:00,0,74,115,9.9,74.8,1.14
STN-03,19-03-2021 04:00,0.5,169,120,8.8,73.6,1.0375
STN-03,19-03-2021 05:00,0.1,45,92,6.7,76.2,0.9951
STN-03,19-03-2021 06:00,0,64,115,6.7,77.4,1.0208
STN-03,19-03-2021 07:00,2.1,347,,6.8,78.9,1.06
STN-03,19-03-2021 08:00,2.6,399,166,7.8,73.2,1.0501
STN-03,19-03-2021 09:00,2.3,355,152,8.8,73.8,1.1138
STN-03,19-03-2021 10:00,2.8,399,168,12.3,63.2,1.1163
STN-03,19-03-2021 11:00,1.8,285,149,14.5,53.7,1.05
STN-03,19-03-2021 12:00,1,183,,15,50.1,0.9835
STN-03,19-03-2021 13:00,,164,124,15.3,51.9,0.9838
STN-03,19-03-2021 14:00,0.9,86,111,13.3,56.8,0.9547
STN-03,19-03-2021 15:00,0.3,29,,12.9,58.6,0.9751
STN-03,19-03-2021 16:00,0.2,37,110,14.6,57.5,1.0256
STN-03,19-03-2021 17:00,1.7,156,144,13.6,57.4,1.0187
STN-03,19-03-2021 18:00,2.7,232,167,11.8,54,0.9444
STN-03,19-03-2021 19:00,3.5,398,189,9.7,61,0.9968
STN-03,19-03-2021 20:00,2.2,337,170,6.8,63.9,0.9295
STN-03,19-03-2021 21:00,,413,185,6.7,63.4,0.9236
STN-03,19-03-2021 22:00,2.6,403,173,7,65.6,0.9693
STN-03,19-03-2021 23:00,1.9,385,157,6.8,62.4,0.9477
STN-03,20-03-2021 00:00,1.3,315,143,6.5,60.4,0.9086
STN-03,20-03-2021 01:00,1.5,321,147,6.7,60.6,0.9394
STN-03,20-03-2021 02:00,1.2,300,136,5,66,0.9132
STN-03,20-03-2021 03:00,0.7,234,130,4.5,68,0.9303
STN-03,20-03-2021 04:00,0.5,145,92,3,68.9,0.8871
STN-03,20-03-2021 05:00,0.4,108,82,3.5,62.3,0.7955
STN-03,20-03-2021 06:00,1.3,274,123,5,62.5,0.8464
STN-03,20-03-2021 07:00,1.5,269,135,6.8,58.3,0.8582
STN-03,20-03-2021 08:00,2.4,419,178,7.6,60.3,0.8905
STN-03,20-03-2021 09:00,2.9,,182,11.3,52.3,0.9303
STN-03,20-03-2021 10:00,3.3,490,190,13.6,49.8,
STN-03,20-03-2021 11:00,2,282,168,16.1,38.2,0.8593
STN-03,20-03-2021 12:00,1.9,207,168,17.9,34.3,0.8454
STN-03,20-03-2021 13:00,2.1,267,184,19.2,30.7,0.8904
STN-03,20-03-2021 14:00,1.4,191,159,19.3,27.6,0.8724
STN-03,20-03-2021 15:00,1.4,190,148,20,27.3,0.8767
STN-03,20-03-2021 16:00,1.6,236,153,20.7,23,0.8661
STN-03,20-03-2021 17:00,2.2,302,154,21.3,24.2,0.9165
STN-03,20-03-2021 18:00,3,493,186,19.1,34.6,0.9542
STN-03,20-03-2021 19:00,2.9,440,184,18.7,37.8,1.0026
STN-03,20-03-2021 20:00,2.8,372,168,16.6,45.1,1.0564
STN-03,20-03-2021 21:00,1.2,203,131,14.8,45.7,1.0287
STN-03,20-03-2021 22:00,0.5,124,121,14.4,43.9,0.9791
STN-03,20-03-2021 23:00,1,170,125,14.4,42.9,0.964
STN-03,21-03-2021 00:00,0.6,70,116,14.4,41.5,0.9232
STN-03,21-03-2021 01:00,0,1,76,13.1,47.4,0.9589
STN-03,21-03-2021 02:00,0,1,66,11.9,48,0.9011
STN-03,21-03-2021 03:00,0,1,66,10.5,50.6,0.8738
STN-03,21-03-2021 04:00,0,1,57,9.1,50.4,0.8151
STN-03,21-03-2021 05:00,0,1,68,7.5,53.7,0.7542
STN-03,21-03-2021 06:00,0,1,64,5.4,60,0.7601
STN-03,21-03-2021 07:00,0,1,95,5.1,60.9,0.7763
STN-03,21-03-2021 08:00,0,8,122,5.7,62.8,0.8206
STN-03,21-03-2021 09:00,0.3,23,131,8.2,54.9,0.8282
STN-03,21-03-2021 10:00,0.1,1,139,9.4,46.9,0.7696
STN-03,21-03-2021 11:00,1.9,163,169,12.2,43.8,0.7849
STN-03,21-03-2021 12:00,1.8,187,161,12.3,46.9,0.7896
STN-03,21-03-2021 13:00,1.5,203,185,12.2,45,0.7503
STN-03,21-03-2021 14:00,1.2,194,,12,46.5,0.7495
STN-03,21-03-2021 15:00,1.5,281,,12.8,42.6,0.7056
STN-03,21-03-2021 16:00,1.2,197,162,14,44.6,0.7333
STN-03,21-03-2021 17:00,1.3,203,163,,50.6,0.7603
STN-03,21-03-2021 18:00,1.2,180,153,10.7,53.7,0.7345
STN-03,21-03-2021 19:00,2.3,186,171,9.2,56.2,0.738
STN-03,21-03-2021 20:00,2,243,172,7,62.9,0.7557
STN-03,21-03-2021 21:00,1.5,219,148,7.7,65.5,0.8277
STN-03,21-03-2021 22:00,1.6,261,145,7.6,63.5,0.8077
STN-03,21-03-2021 23:00,2.6,338,145,6.5,75.4,0.9099
STN-03,22-03-2021 00:00,3.2,409,147,5.8,82.1,0.9942
STN-03,22-03-2021 01:00,2.4,315,128,7.6,78.4,0.9897
STN-03,22-03-2021 02:00,1.7,181,113,6.9,77.6,0.9522
STN-03,22-03-2021 03:00,0,1,102,6.2,75.3,0.9211
STN-03,22-03-2021 04:00,0.1,1,89,4,71.9,0.8106
STN-03,22-03-2021 05:00,0.3,75,106,4.1,70.8,0.7606
STN-03,22-03-2021 06:00,1.2,140,125,5.2,74,0.8166
STN-03,22-03-2021 07:00,1.6,212,153,5.8,68.8,0.779
STN-03,22-03-2021 08:00,1.9,261,142,6.6,67.1,0.8219
STN-03,22-03-2021 09:00,2.4,338,151,8.1,62.3,0.8003
STN-03,22-03-2021 10:00,2.3,372,163,11.4,56.6,0.8228
STN-03,22-03-2021 11:00,1.4,292,159,11.4,54.3,0.7764
STN-03,22-03-2021 12:00,1.1,251,164,13.3,51.1,0.7675
STN-03,22-03-2021 13:00,1.7,284,46.5303231,14.7,48.1,0.7708
STN-03,22-03-2021 14:00,0.8,192,153,14.5,45.2,0.7256
STN-03,22-03-2021 15:00,0.3,,145,15.3,45.6,0.7553
STN-03,22-03-2021 16:00,0.8,134,140,15,46,0.756
STN-03,22-03-2021 17:00,0.8,118,148,13.3,47.7,0.709
STN-03,22-03-2021 18:00,1.8,234,166,11.5,45.9,0.6595
STN-03,22-03-2021 19:00,2.4,308,177,8.4,46.2,0.588
STN-03,22-03-2021 20:00,2.8,365,199,6.3,47.8,0.5657
STN-03,22-03-2021 21:00,2.1,325,178,5.7,53.3,0.6154
STN-03,22-03-2021 22:00,0.1,111,151,6.2,50.8,0.6028
STN-03,22-03-2021 23:00,0.5,178,154,6.2,59.1,0.6776
STN-03,23-03-2021 00:00,1.5,299,154,6.2,60.9,0.7292
STN-03,23-03-2021 01:00,1.2,264,138,7.4,62.1,0.8003
STN-03,23-03-2021 02:00,1.4,199,118,6.1,65.3,
STN-03,23-03-2021 03:00,1.4,132,97,7.4,67.3,0.8116
STN-03,23-03-2021 04:00,0.9,131,78,5.6,81.7,0.8854
STN-03,23-03-2021 05:00,0,23,64,,86.3,0.9257
STN-03,23-03-2021 06:00,1,175,108,5.2,81.3,0.883
STN-03,23-03-2021 07:00,2,326,150,6.1,81.7,0.9502
STN-03,23-03-2021 08:00,2.9,393,154,4.9,72.8,0.8515
STN-03,23-03-2021 09:00,3.6,438,157,5,75.3,0.9068
STN-03,23-03-2021 10:00,4,483,179,7.6,73.4,0.9621
STN-03,23-03-2021 11:00,4.1,469,165,10.1,73.6,1.0356
STN-03,23-03-2021 12:00,4.4,473,177,10.9,70.1,1.0002
STN-03,23-03-2021 13:00,4,432,167,9.6,72.5,0.9685
STN-03,23-03-2021 14:00,,381,170,9.9,63.4,0.8457
STN-03,23-03-2021 15:00,2.8,314,149,10.3,68.7,0.8846
STN-03,23-03-2021 16:00,2.3,270,153,10.1,69.1,0.9055
STN-03,23-03-2021 17:00,3,357,186,8.3,61.1,0.793
STN-03,23-03-2021 18:00,3.1,334,181,7,61.9,0.7948
STN-03,23-03-2021 19:00,4,362,195,8.7,55.8,0.8008
STN-03,23-03-2021 20:00,3.3,356,192,8,59.8,0.8583
STN-03,23-03-2021 21:00,2,156,158,8.1,55,0.8342
STN-03,23-03-2021 22:00,1.4,104,138,7.6,51.2,0.7825
STN-03,23-03-2021 23:00,1.8,,153,7,46.8,0.7149
STN-03,24-03-2021 00:00,1.5,96,135,6.4,48.5,0.6827
STN-03,24-03-2021 01:00,1.7,137,139,5.9,54.1,0.7421
STN-03,24-03-2021 02:00,1.6,111,120,6.8,55.2,0.793
STN-03,24-03-2021 03:00,0.9,74,112,6.1,57.7,0.7695
STN-03,24-03-2021 04:00,1.5,75,93,7,57.1,0.7938
STN-03,24-03-2021 05:00,,35,100,6.2,59.1,0.767
STN-03,24-03-2021 06:00,0,15,100,7.2,55.9,0.7551
STN-03,24-03-2021 07:00,2,270,155,8,52,0.7483
STN-03,24-03-2021 08:00,3.5,408,180,9.2,51.6,0.8104
STN-03,24-03-2021 09:00,3.9,448,196,11,44.7,0.7927
STN-03,24-03-2021 10:00,3.8,468,213,14.2,40.6,0.8245
STN-03,24-03-2021 11:00,2.3,344,199,15.8,31.6,0.7296
STN-03,24-03-2021 12:00,1.6,269,202,18.2,24.4,0.6918
STN-03,24-03-2021 13:00,1.5,190,176,21.1,24.9,0.8077
STN-03,24-03-2021 14:00,0.6,115,151,21.6,21.8,0.8089
STN-03,24-03-2021 15:00,0.6,201,155,21.7,22.8,0.8046
STN-03,24-03-2021 16:00,0.5,147,148,21.9,20.3,0.7977
STN-03,24-03-2021 17:00,1.5,250,188,20.9,24,0.7979
STN-03,24-03-2021 18:00,2.8,301,189,19.1,26.4,0.7824
STN-03,24-03-2021 19:00,2.7,290,174,19.7,29.6,0.8797
STN-03,24-03-2021 20:00,2.7,266,190,18.1,34.6,0.8762
STN-03,24-03-2021 21:00,1.6,141,162,17.9,37.8,0.9179
STN-03,24-03-2021 22:00,1.7,174,156,17.4,45.6,0.9973
STN-03,24-03-2021 23:00,1.6,224,159,15.5,46.9,0.9098
STN-03,25-03-2021 00:00,1,149,118,17.2,49.9,1.0629
STN-03,25-03-2021 01:00,0.3,92,118,18.2,48.5,1.0792
STN-03,25-03-2021 02:00,0.5,156,125,18.7,48.7,1.0704
STN-03,25-03-2021 03:00,0.5,149,135,19.1,46.1,1.0789
STN-03,25-03-2021 04:00,0,1,80,19.7,43.6,1.0754
STN-03,25-03-2021 05:00,0,1,73,18.3,42.5,1.0167
STN-03,25-03-2021 06:00,0,1,94,16.5,53.9,1.0849
STN-03,25-03-2021 07:00,0,65,122,16,51.3,1.0756
STN-03,25-03-2021 08:00,0.9,215,144,17.9,47.5,1.0902
STN-03,25-03-2021 09:00,0.8,,141,17.8,49,1.1153
STN-03,25-03-2021 10:00,0.4,188,159,19.2,41.6,1.0336
STN-03,25-03-2021 11:00,1,214,169,21.3,41.2,1.069
STN-03,25-03-2021 12:00,1,194,173,21.9,40.3,1.0809
STN-03,25-03-2021 13:00,1.1,153,177,23.4,37.7,1.106
STN-03,25-03-2021 14:00,1.9,228,196,23.5,37.2,1.1498
STN-03,25-03-2021 15:00,1.7,179,189,24.2,36.9,1.163
STN-03,25-03-2021 16:00,3,300,204,24.8,34.7,1.1702
STN-03,25-03-2021 17:00,4.1,431,204,24,35.9,1.1444
STN-03,25-03-2021 18:00,3.7,387,184,22.2,41.9,1.2014
STN-03,25-03-2021 19:00,3.9,420,188,19.2,47.3,1.1968
STN-03,25-03-2021 20:00,3.4,391,161,16.8,51,1.1791
STN-03,25-03-2021 21:00,3.2,446,181,16.3,56.8,1.2337
STN-03,25-03-2021 22:00,2.2,389,,14.7,54.9,1.184
STN-03,25-03-2021 23:00,1,254,168,14.4,54.4,1.1489
STN-03,26-03-2021 00:00,0,100,137,14.2,52,1.091
STN-03,26-03-2021 01:00,0.4,91,155,15.1,53.8,1.1479
STN-03,26-03-2021 02:00,0,40,125,15.6,56.7,1.2017
STN-03,26-03-2021 03:00,,55,147,14.4,55.7,1.136
STN-03,26-03-2021 04:00,0,1,107,14.4,55.6,1.1293
STN-03,26-03-2021 05:00,0,14,125,13.8,58.2,1.1583
STN-03,26-03-2021 06:00,0,1,126,14.2,55.9,1.1526
STN-03,26-03-2021 07:00,0,21,133,13.1,56.1,1.1432
STN-03,26-03-2021 08:00,,98,152,13.8,53.8,1.1404
STN-03,26-03-2021 09:00,1.1,176,173,16.5,54,1.1846
STN-03,26-03-2021 10:00,0.3,155,157,20.3,50.1,1.2437
STN-03,26-03-2021 11:00,0.4,176,157,22.3,42,1.2022
STN-03,26-03-2021 12:00,0.2,142,159,23.7,43.8,1.2638
STN-03,26-03-2021 13:00,1.1,258,162,22.8,44.1,1.2365
STN-03,26-03-2021 14:00,0.6,160,146,,43.1,1.1779
STN-03,26-03-2021 15:00,1.3,261,165,21.1,46.9,1.1649
STN-03,26-03-2021 16:00,1.7,300,188,21.5,49.7,1.2129
STN-03,26-03-2021 17:00,2.8,412,204,20.6,58.5,1.3049
STN-03,26-03-2021 18:00,4.2,558,220,19.3,63.5,1.3616
STN-03,26-03-2021 19:00,4,556,214,19,64.6,1.4092
STN-03,26-03-2021 20:00,3.6,534,208,16.8,72.1,1.485
STN-03,26-03-2021 21:00,3.3,514,211,16,77,1.5371
STN-03,26-03-2021 22:00,3.2,449,191,17.1,,1.6011
STN-03,26-03-2021 23:00,,352,190,17.5,74.2,1.5776
STN-03,27-03-2021 00:00,2.3,252,179,16.5,76.4,1.6394
STN-03,27-03-2021 01:00,2.2,267,163,14.4,77.3,1.5887
STN-03,27-03-2021 02:00,1.8,365,179,13.7,74.8,1.5437
STN-03,27-03-2021 03:00,0.7,311,178,12.5,75.5,1.5187
STN-03,27-03-2021 04:00,1.4,283,157,12.5,71.1,1.4551
STN-03,27-03-2021 05:00,1.8,338,163,13.1,71.6,1.4882
STN-03,27-03-2021 06:00,1.4,325,154,13.1,73.6,1.4921
STN-03,27-03-2021 07:00,2.3,392,189,12.2,71.3,1.4372
STN-03,27-03-2021 08:00,3.3,506,225,14.7,62.8,1.4414
STN-03,27-03-2021 09:00,3.7,540,232,17,58.1,1.4982
STN-03,27-03-2021 10:00,2.8,,231,19.7,51.5,1.4632
STN-03,27-03-2021 11:00,2.9,531,241,21.3,41.3,1.4039
STN-03,27-03-2021 12:00,3.2,599,242,24.5,39.3,1.4575
STN-03,27-03-2021 13:00,3.6,590,216,24.2,46.9,1.5529
STN-03,27-03-2021 14:00,4.5,,228,23.3,51.7,1.5995
STN-03,27-03-2021 15:00,3.7,535,220,23,50.5,1.5948
STN-03,27-03-2021 16:00,4.1,439,201,23.4,49.4,1.6103
STN-03,27-03-2021 17:00,4.8,486,226,22.4,49.7,1.5967
STN-03,27-03-2021 18:00,5,487,223,22.7,47.3,1.5989
STN-03,27-03-2021 19:00,6.8,653,241,21.5,59.8,1.7113
STN-03,27-03-2021 20:00,5.2,543,225,19.7,60.8,1.6544
STN-03,27-03-2021 21:00,3.9,493,217,19.1,66.7,1.6573
STN-03,27-03-2021 22:00,2.4,394,192,18.8,68.6,1.6708
STN-03,27-03-2021 23:00,1.5,286,166,17.5,70.8,1.6671
STN-03,28-03-2021 00:00,2.2,372,195,18.4,66.4,1.6419
STN-03,28-03-2021 01:00,1.5,300,170,19.1,60.4,1.5993
STN-03,28-03-2021 02:00,1.1,207,154,18.3,57.4,1.5392
STN-03,28-03-2021 03:00,0.7,207,152,18.2,,1.5546
STN-03,28-03-2021 04:00,0.9,209,123,17.6,56.8,1.5013
STN-03,28-03-2021 05:00,0.3,185,122,16.7,57.5,1.4918
STN-03,28-03-2021 06:00,0.4,221,128,15.5,62.1,1.5114
STN-03,28-03-2021 07:00,1.6,333,155,16.5,61.4,1.5367
STN-03,28-03-2021 08:00,2.7,483,195,17.7,53.6,1.4774
STN-03,28-03-2021 09:00,,503,,19.1,44.4,1.4381
STN-03,28-03-2021 10:00,2.6,570,240,21.4,36,1.4184
STN-03,28-03-2021 11:00,2.5,555,233,23.5,34.3,1.423
STN-03,28-03-2021 12:00,1.6,429,213,23.9,36,1.4445
STN-03,28-03-2021 13:00,1.3,383,202,24.5,35.2,1.4156
STN-03,28-03-2021 14:00,1.5,387,185,24.8,36.2,1.3971
STN-03,28-03-2021 15:00,1.3,393,165,23.9,33.4,1.315
STN-03,28-03-2021 16:00,1.3,339,153,24.1,30.1,1.2794
STN-03,28-03-2021 17:00,2,349,150,22.4,38.8,1.3316
STN-03,28-03-2021 18:00,2.8,400,158,21.9,46.8,1.4355
STN-03,28-03-2021 19:00,3.2,472,163,20.5,51.4,1.4617
STN-03,28-03-2021 20:00,3.6,443,165,20.1,58.5,1.5337
STN-03,28-03-2021 21:00,2.7,306,133,19.3,65.3,1.6137
STN-03,28-03-2021 22:00,1.6,213,122,18.3,65.9,1.6072
STN-03,28-03-2021 23:00,1.3,98,109,17,64.9,1.5391
STN-03,29-03-2021 00:00,1.2,151,136,15.2,66.3,1.4545
STN-03,29-03-2021 01:00,0.8,108,119,13.3,66.5,1.3682
STN-03,29-03-2021 02:00,0.3,79,97,12.7,68.4,1.3532
STN-03,29-03-2021 03:00,0,95,110,11.6,61.7,1.2432
STN-03,29-03-2021 04:00,0.2,72,93,12.2,63.1,1.2571
STN-03,29-03-2021 05:00,0.1,20,89,12.8,62.9,1.2855
STN-03,29-03-2021 06:00,1.4,145,123,12.5,65.9,1.3033
STN-03,29-03-2021 07:00,2.5,334,152,13.5,67.5,1.3466
STN-03,29-03-2021 08:00,3.5,456,167,13.7,73.4,1.4077
STN-03,29-03-2021 09:00,3.1,361,154,15.1,67,1.3635
STN-03,29-03-2021 10:00,3.3,340,153,18.8,56.8,1.3653
STN-03,29-03-2021 11:00,3,372,160,19.1,54.5,1.3283
STN-03,29-03-2021 12:00,,501,177,19.6,57.2,1.3291
STN-03,29-03-2021 13:00,3.3,552,190,20.7,,1.281
STN-03,29-03-2021 14:00,2.1,400,167,19.8,52.2,1.2397
STN-03,29-03-2021 15:00,2,388,165,19.2,49.7,1.1944
STN-03,29-03-2021 16:00,1.9,324,147,18.9,53.3,1.2292
STN-03,29-03-2021 17:00,2.4,343,175,18,55.6,
STN-03,29-03-2021 18:00,3.2,399,208,16.6,52.6,1.1905
STN-03,29-03-2021 19:00,4.1,497,199,16.4,56.2,1.2506
STN-03,29-03-2021 20:00,3.7,484,189,13.5,63.8,1.2315
STN-03,29-03-2021 21:00,2.3,,179,10.8,65.2,1.1728
STN-03,29-03-2021 22:00,1.7,237,153,9.4,62.3,1.1182
STN-03,29-03-2021 23:00,2.1,201,138,10,61.4,1.1472
STN-03,30-03-2021 00:00,2.3,273,152,9.1,60.2,1.0441
STN-03,30-03-2021 01:00,1.9,182,133,8.2,62.9,1.0332
STN-03,30-03-2021 02:00,1.5,295,138,5.5,65.7,0.9597
STN-03,30-03-2021 03:00,0.9,274,139,5.5,64.2,0.9069
STN-03,30-03-2021 04:00,1.2,165,106,5.8,66,0.9496
STN-03,30-03-2021 05:00,0.4,127,91,6.1,70.9,1.0126
STN-03,30-03-2021 06:00,0.3,185,123,4.6,74.3,0.999
STN-03,30-03-2021 07:00,0.9,228,119,5.2,66.9,0.9393
STN-03,30-03-2021 08:00,1.9,407,156,6.4,67.5,0.9807
STN-03,30-03-2021 09:00,2.4,478,,8.2,62.9,0.9867
STN-03,30-03-2021 10:00,,,151,10.6,51.8,0.9274
STN-03,30-03-2021 11:00,1.7,340,148,12.8,46,0.896
STN-03,30-03-2021 12:00,1.6,288,128,15.3,43.7,0.9342
STN-03,30-03-2021 13:00,,254,,17.5,42,0.9481
STN-03,30-03-2021 14:00,1,142,117,17.3,39.3,0.8985
STN-03,30-03-2021 15:00,1.5,228,131,16.7,40.9,0.8779
STN-03,30-03-2021 16:00,1.1,309,145,16.5,40.9,0.8795
STN-03,30-03-2021 17:00,1.7,365,152,17.1,45.1,0.9376
STN-03,30-03-2021 18:00,2.4,356,164,15.2,50.4,0.9828
STN-03,30-03-2021 19:00,1.8,276,149,13.3,52.7,1.0243
STN-03,30-03-2021 20:00,1.4,335,169,11.6,55.8,1.0102
STN-03,30-03-2021 21:00,0.3,254,171,11,56.2,1.0029
STN-03,30-03-2021 22:00,0,192,139,10.4,57.8,1.0064
STN-03,30-03-2021 23:00,0.2,224,138,9.9,64,1.0641
STN-03,31-03-2021 00:00,1.1,256,130,11.4,65.4,1.1505
STN-03,31-03-2021 01:00,0.7,204,126,12.3,62.3,1.1437
STN-03,31-03-2021 02:00,1.3,196,119,12.4,65,1.1784
STN-03,31-03-2021 03:00,0,147,141,10.7,63.4,1.0839
STN-03,31-03-2021 04:00,0,88,103,10.4,62.8,1.088
STN-03,31-03-2021 05:00,0,31,75,10.8,,1.1572
STN-03,31-03-2021 06:00,0.1,72,102,9.6,63.1,1.0949
STN-03,31-03-2021 07:00,1.1,226,140,11.1,58.3,1.0632
STN-03,31-03-2021 08:00,1.6,299,168,12.3,53.1,1.0301
STN-03,31-03-2021 09:00,1.9,403,186,13.8,47.6,1.0199
STN-03,31-03-2021 10:00,1.7,426,200,16.1,43.5,1.0294
STN-03,31-03-2021 11:00,1.2,368,212,17.6,38.7,0.9954
STN-03,31-03-2021 12:00,1,353,192,18.6,41.9,1.0429
STN-03,31-03-2021 13:00,1.6,368,182,19.5,38.1,1.0219
STN-03,31-03-2021 14:00,1.6,325,174,19.4,35.4,1.0014
STN-03,31-03-2021 15:00,,286,155,20,38.4,1.0406
STN-03,31-03-2021 16:00,1,,160,19.1,43.6,1.0829
STN-03,31-03-2021 17:00,1.7,348,170,17.3,45.7,1.0558
STN-03,31-03-2021 18:00,1.7,305,149,15.6,45.1,1.0446
STN-03,31-03-2021 19:00,2.6,442,169,14.2,48.9,1.0557
STN-03,31-03-2021 20:00,2.3,504,178,14,49.8,1.0673
STN-03,31-03-2021 21:00,1.5,396,161,11.4,53.4,1.0244
STN-03,31-03-2021 22:00,1,343,157,11.4,55.6,1.0239
STN-03,31-03-2021 23:00,1,334,172,10.2,59.5,1.0289
STN-03,01-04-2021 00:00,1.4,180,136,14.6,59.2,1.1837
STN-03,01-04-2021 01:00,0.4,145,140,13.9,57,1.154
STN-03,01-04-2021 02:00,0,,133,14.6,55.4,1.1959
STN-03,01-04-2021 03:00,0.2,81,143,13.6,55.5,1.1615
STN-03,01-04-2021 04:00,0,1,99,14.2,57.4,1.1836
STN-03,01-04-2021 05:00,0,1,83,14.6,56.6,1.1859
STN-03,01-04-2021 06:00,0,1,104,14.7,52.4,1.1196
STN-03,01-04-2021 07:00,0,55,125,13.1,54.9,1.0968
STN-03,01-04-2021 08:00,2.1,215,139,14.3,53.9,1.139
STN-03,01-04-2021 09:00,2.8,258,147,16.8,55.7,1.2366
STN-03,01-04-2021 10:00,3.3,273,171,19.2,49.5,1.2144
STN-03,01-04-2021 11:00,2.5,192,150,20.2,49.5,1.1817
STN-03,01-04-2021 12:00,2.5,192,150,20.2,49.5,1.1817
STN-03,01-04-2021 13:00,3,229,165,20.9,47.3,1.1356
STN-03,01-04-2021 14:00,2.3,136,,21,45.6,1.1075
STN-03,01-04-2021 15:00,1.4,114,142,22.3,37.6,1.0852
STN-03,01-04-2021 16:00,,4,129,21.1,32,0.9699
STN-03,01-04-2021 17:00,2.7,152,161,20,37.5,0.9871
STN-03,01-04-2021 18:00,4,240,174,17.5,47.4,1.0561
STN-03,01-04-2021 19:00,3.7,226,169,15.8,54.9,1.1181
STN-03,01-04-2021 20:00,3.9,304,184,12.8,64.6,1.1574
STN-03,01-04-2021 21:00,3.9,273,191,12.9,68.1,1.1979
STN-03,01-04-2021 22:00,2.4,205,164,12,74.6,1.2911
STN-03,01-04-2021 23:00,2,160,140,11.9,80.5,1.356
STN-03,02-04-2021 00:00,2.6,,,12,74.3,1.2975
STN-03,02-04-2021 01:00,,223,130,12.5,76.1,1.2997
STN-03,02-04-2021 02:00,1.2,59,99,12.7,74.4,1.3081
STN-03,02-04-2021 03:00,1.5,102,120,12.3,73.2,1.2758
STN-03,02-04-2021 04:00,1,117,86,12.5,69.5,1.2083
STN-03,02-04-2021 05:00,0.5,150,98,12.8,65.9,
STN-03,02-04-2021 06:00,0.4,92,94,13.4,69.4,1.26
STN-03,02-04-2021 07:00,2.5,282,137,14.8,70.9,1.2856
STN-03,02-04-2021 08:00,3.4,402,162,15.1,66.1,1.2772
STN-03,02-04-2021 09:00,2.8,314,156,15.9,61.1,1.2302
STN-03,02-04-2021 10:00,2.5,281,155,17.9,50.2,1.1612
STN-03,02-04-2021 11:00,3,286,170,21.8,47.7,1.237
STN-03,02-04-2021 12:00,3,382,173,23.9,41.2,1.226
STN-03,02-04-2021 13:00,2.7,313,158,24.6,38.9,1.2181
STN-03,02-04-2021 14:00,2.6,275,163,25.2,36.6,1.236
STN-03,02-04-2021 15:00,2.3,289,173,24.6,41.1,1.2343
STN-03,02-04-2021 16:00,,354,175,24.1,47.9,1.3067
STN-03,02-04-2021 17:00,3.3,398,183,24.5,48.4,1.3396
STN-03,02-04-2021 18:00,4,408,196,22.1,49.1,1.3019
STN-03,02-04-2021 19:00,3.8,329,184,21.3,49,1.331
STN-03,02-04-2021 20:00,3.5,349,188,18.5,51.5,1.2906
STN-03,02-04-2021 21:00,2,227,152,19,53.8,1.3515
STN-03,02-04-2021 22:00,1,38,138,16.6,49.4,1.2094
STN-03,02-04-2021 23:00,1.6,106,142,16,52.3,1.2014
STN-03,03-04-2021 00:00,4.299590688,1,110,15.6,51.5,1.1782
STN-03,03-04-2021 01:00,0.5,1,108,14.5,53.8,1.141
STN-03,03-04-2021 02:00,0,1,50,13.9,54.8,1.1364
STN-03,03-04-2021 03:00,0,1,58,10.8,60.2,1.0841
STN-03,03-04-2021 04:00,0,1,53,10.4,62.6,1.0808
STN-03,03-04-2021 05:00,0,1,,10.2,60,1.0629
STN-03,03-04-2021 06:00,0,1,43,10.9,61.9,1.1014
STN-03,03-04-2021 07:00,0,,71,12.2,64.4,1.1782
STN-03,03-04-2021 08:00,0,1,75,13.8,61.7,1.201
STN-03,03-04-2021 09:00,0,1,84,15.6,61.6,1.2735
STN-03,03-04-2021 10:00,0,1,92,17.5,55.8,1.2781
STN-03,03-04-2021 11:00,0,1,80,18.3,46.2,1.1949
STN-03,03-04-2021 12:00,0,1,78,20.2,39.7,1.1741
STN-03,03-04-2021 13:00,0,1,82,20.7,44.8,1.2202
STN-03,03-04-2021 14:00,0,1,99,21.2,38.2,1.1761
STN-03,03-04-2021 15:00,0,1,104,20.8,35.5,1.0882
STN-03,03-04-2021 16:00,0.7,19,125,19.9,37.9,1.0937
STN-03,03-04-2021 17:00,0.8,62,126,18.7,37.9,1.0844
STN-03,03-04-2021 18:00,2,95,133,16,41.3,1.0203
STN-03,03-04-2021 19:00,3,271,168,13.7,47.2,1.0314
STN-03,03-04-2021 20:00,3.3,262,164,12.8,50.3,1.0632
STN-03,03-04-2021 21:00,,226,151,11.6,53,1.0326
STN-03,03-04-2021 22:00,1.6,136,121,8.9,62.1,1.0577
STN-03,03-04-2021 23:00,1.1,165,129,7.9,64,1.0383
STN-03,04-04-2021 00:00,1.7,221,141,7.1,68.3,1.0367
STN-03,04-04-2021 01:00,1.3,143,118,7.2,72.1,1.1028
STN-03,04-04-2021 02:00,0.7,138,89,6.1,70.9,1.0333
STN-03,04-04-2021 03:00,0.5,227,117,5,73.7,1.0503
STN-03,04-04-2021 04:00,0.5,266,100,5.5,67.3,1.0004
STN-03,04-04-2021 05:00,0,160,56,5.6,72.1,1.0489
STN-03,04-04-2021 06:00,0,102,60,4.4,70.5,0.9785
STN-03,04-04-2021 07:00,0,137,92,5.4,70.6,1.0127
STN-03,04-04-2021 08:00,0,194,116,6.4,72.5,1.06
STN-03,04-04-2021 09:00,0,170,121,7.3,69.2,1.0752
STN-03,04-04-2021 10:00,0,158,129,10.4,62.4,1.1077
STN-03,04-04-2021 11:00,0,51,123,12.5,55.3,1.066
STN-03,04-04-2021 12:00,0,125,123,14.6,56.1,1.1429
STN-03,04-04-2021 13:00,0,193,147,15.8,61.9,1.2333
STN-03,04-04-2021 14:00,0,219,,16.9,55.3,1.1771
STN-03,04-04-2021 15:00,0.6,280,190,17.2,51.9,1.1429
STN-03,04-04-2021 16:00,1.3,327,193,17.4,53.6,1.1831
STN-03,04-04-2021 17:00,1.7,391,196,17.3,52.7,1.1931
STN-03,04-04-2021 18:00,2.7,500,214,15.8,55.2,1.1962
STN-03,04-04-2021 19:00,3.4,444,199,14.8,56.8,1.2225
STN-03,04-04-2021 20:00,3.8,436,199,15.1,58.3,1.2614
STN-03,04-04-2021 21:00,3.3,340,172,15.1,63.5,1.3394
STN-03,04-04-2021 22:00,,228,154,14.3,,1.2762
STN-03,04-04-2021 23:00,4,,179,14.8,65.2,1.3583
STN-03,05-04-2021 00:00,3.6,363,181,14,61.6,1.2982
STN-03,05-04-2021 01:00,3.2,244,174,13.9,55.7,1.2568
STN-03,05-04-2021 02:00,2.5,190,158,13.7,56.8,1.2421
STN-03,05-04-2021 03:00,1.6,137,148,12.7,52.2,1.1715
STN-03,05-04-2021 04:00,1.7,242,126,12.5,57.3,1.2085
STN-03,05-04-2021 05:00,0.6,212,123,9.9,61.7,1.1757
STN-03,05-04-2021 06:00,,356,173,10.1,60.6,1.1375
STN-03,05-04-2021 07:00,1.8,346,,10.8,57,1.117
STN-03,05-04-2021 08:00,2.5,432,204,11.8,54.6,1.1285
STN-03,05-04-2021 09:00,2.1,434,198,12.6,52.9,1.1367
STN-03,05-04-2021 10:00,1.4,402,181,15,47.6,1.1139
STN-03,05-04-2021 11:00,0,278,158,16.8,43.6,1.1253
STN-03,05-04-2021 12:00,0,200,133,18.1,46.4,1.1839
STN-03,05-04-2021 13:00,0,102,99,16.6,52.9,1.2072
STN-03,05-04-2021 14:00,0.1,84,113,17.1,53.2,1.2533
STN-03,05-04-2021 15:00,0,1,107,16.8,51.2,1.2239
STN-03,05-04-2021 16:00,0,1,100,15.5,51,1.1867
STN-03,05-04-2021 17:00,0.9,1,96,15.1,53.6,1.2275
STN-03,05-04-2021 18:00,1.6,37,106,13.3,56.4,1.2356
STN-03,05-04-2021 19:00,2.1,176,126,,57,1.2704
STN-03,05-04-2021 20:00,2.9,319,148,13.9,59.3,1.2886
STN-03,05-04-2021 21:00,0.7,115,,12.4,60.8,1.2401
STN-03,05-04-2021 22:00,0,1,88,10.7,64.1,1.2101
STN-03,05-04-2021 23:00,0.1,1,106,10.5,66.2,1.2282
STN-03,06-04-2021 00:00,0,1,91,10.1,69.8,1.2377
STN-03,06-04-2021 01:00,0,1,91,9.8,65.4,1.1464
STN-03,06-04-2021 02:00,0,1,81,9.7,70,1.1649
STN-03,06-04-2021 03:00,0,1,90,9.5,69.7,1.1529
STN-03,06-04-2021 04:00,0,1,65,10.1,70.7,1.191
STN-03,06-04-2021 05:00,0,116,80,9.6,73.9,1.1862
STN-03,06-04-2021 06:00,0.6,170,89,9.4,76.3,1.2024
STN-03,06-04-2021 07:00,1.8,226,109,9.6,71.5,1.1737
STN-03,06-04-2021 08:00,3.5,420,166,10.6,63.4,1.1036
STN-03,06-04-2021 09:00,3.4,406,174,12.4,58.7,1.1022
STN-03,06-04-2021 10:00,2.9,304,,15.5,,1.1018
STN-03,06-04-2021 11:00,2.4,249,155,17.4,44.3,1.0332
STN-03,06-04-2021 12:00,3.5,340,182,18.7,36.9,1.0032
STN-03,06-04-2021 13:00,2.6,246,149,18.8,41.3,1.0418
STN-03,06-04-2021 14:00,2.4,233,149,19.8,43.3,1.1083
STN-03,06-04-2021 15:00,2.1,159,125,20.1,44.8,1.1491
STN-03,06-04-2021 16:00,2.1,201,134,19.6,47.3,1.1806
STN-03,06-04-2021 17:00,2.5,227,121,18,55.4,1.193
STN-03,06-04-2021 18:00,3.1,327,131,17.5,60.9,1.2361
STN-03,06-04-2021 19:00,3.8,356,138,16.6,69.8,1.3261
STN-03,06-04-2021 20:00,3.9,386,148,14.8,72.2,1.3435
STN-03,06-04-2021 21:00,3.2,343,129,15.6,69.4,1.3353
STN-03,06-04-2021 22:00,2.4,237,131,14.5,64,1.2197
STN-03,06-04-2021 23:00,,159,119,14.2,64.9,
STN-03,07-04-2021 00:00,1.2,116,137,15.5,58.4,1.152
STN-03,07-04-2021 01:00,0,31,132,13.5,56.5,1.0941
STN-03,07-04-2021 02:00,0,1,107,13.3,54.5,1.0553
STN-03,07-04-2021 03:00,0,1,105,10.7,58.3,1.0396
STN-03,07-04-2021 04:00,0,1,76,10.2,54.6,0.9978
STN-03,07-04-2021 05:00,0,1,82,10.8,52.4,1.0023
STN-03,07-04-2021 06:00,0,1,90,10.8,51.2,0.9956
STN-03,07-04-2021 07:00,,1,91,10.9,49.5,0.9756
STN-03,07-04-2021 08:00,0,17,96,12.6,45.9,0.9938
STN-03,07-04-2021 09:00,0.1,111,114,14.4,40.2,0.9824
STN-03,07-04-2021 10:00,0,22,104,17.3,32.5,0.988
STN-03,07-04-2021 11:00,0,1,97,18.2,32.7,0.9825
STN-03,07-04-2021 12:00,0,1,68,20.2,31.5,1.0177
STN-03,07-04-2021 13:00,0,1,63,22.2,26.1,2.452857999
STN-03,07-04-2021 14:00,0,1,57,21.9,28.4,0.9965
STN-03,07-04-2021 15:00,0,1,71,23,28.3,1.0164
STN-03,07-04-2021 16:00,0,1,62,21,30.8,0.9549
STN-03,07-04-2021 17:00,0,1,77,20.8,35.6,1.0135
STN-03,07-04-2021 18:00,1.4,31,82,18.4,41.5,1.0372
STN-03,07-04-2021 19:00,1.6,151,107,16.4,42.6,1.0219
STN-03,07-04-2021 20:00,1.9,174,109,15.4,44.6,1.0536
STN-03,07-04-2021 21:00,1.3,99,115,15.2,43.5,1.0315
STN-03,07-04-2021 22:00,0.4,1,102,14.7,46.5,1.0613
STN-03,07-04-2021 23:00,0.6,1,112,13.4,52.8,1.1435
STN-03,08-04-2021 00:00,1.1,21,126,13.5,50.4,1.0985
STN-03,08-04-2021 01:00,0.6,1,113,13.7,54.2,1.1503
STN-03,08-04-2021 02:00,0.7,1,105,14.5,52.3,1.1154
STN-03,08-04-2021 03:00,0.7,86,128,13.9,44.8,0.9758
STN-03,08-04-2021 04:00,0,1,98,13.2,44.8,0.928
STN-03,08-04-2021 05:00,0,1,97,14.2,42.4,0.9374
STN-03,08-04-2021 06:00,0,1,109,13.7,42.6,0.8957
STN-03,08-04-2021 07:00,0,34,126,13.1,42.5,0.8959
STN-03,08-04-2021 08:00,1.5,225,159,14.1,39.7,0.9096
STN-03,08-04-2021 09:00,2.1,331,186,16.7,29.2,0.8318
STN-03,08-04-2021 10:00,2.2,283,171,19.2,25.6,0.8137
STN-03,08-04-2021 11:00,2,269,173,22.1,24.4,0.8997
STN-03,08-04-2021 12:00,1.3,258,168,24.3,24,0.9353
STN-03,08-04-2021 13:00,1.3,182,136,25.3,25.2,
STN-03,08-04-2021 14:00,1.6,221,132,26.2,23.6,0.9743
STN-03,08-04-2021 15:00,2.3,375,147,25.4,27.5,0.9741
STN-03,08-04-2021 16:00,3,409,165,25.3,27.3,0.9712
STN-03,08-04-2021 17:00,2.9,358,153,25.4,29,0.987
STN-03,08-04-2021 18:00,3.8,427,176,23.3,31.6,0.9665
STN-03,08-04-2021 19:00,3.4,353,182,21.1,39.5,0.9905
STN-03,08-04-2021 20:00,3.2,300,167,19.7,43.4,1.0024
STN-03,08-04-2021 21:00,1.7,151,143,20,45,1.0904
STN-03,08-04-2021 22:00,2.3,110,136,19.2,51.8,1.1668
STN-03,08-04-2021 23:00,2.9,229,,18.5,51.9,1.1344
STN-03,09-04-2021 00:00,2.9,172,108,17.6,51.5,1.0769
STN-03,09-04-2021 01:00,2.6,,,16.6,60.4,1.1709
STN-03,09-04-2021 02:00,2.3,,102,17.4,58.4,1.2016
STN-03,09-04-2021 03:00,2.5,230,125,16.7,57.4,1.1515
STN-03,09-04-2021 04:00,0.7,,76,16.5,56.2,1.1451
STN-03,09-04-2021 05:00,0,24,67,16.6,58.2,1.1846
STN-03,09-04-2021 06:00,0,1,83,15.6,55.6,2.722674895
STN-03,09-04-2021 07:00,0,52,77,14.9,53.8,1.0671
STN-03,09-04-2021 08:00,0.4,143,120,16.2,52.8,1.0641
STN-03,09-04-2021 09:00,0.2,90,112,16.6,55.3,1.1013
STN-03,09-04-2021 10:00,,74,114,19.8,44,1.0663
STN-03,09-04-2021 11:00,0,1,116,23.3,35.1,1.0743
STN-03,09-04-2021 12:00,0,1,104,25.7,35.1,1.1372
STN-03,09-04-2021 13:00,0.6,1,119,26.1,38,1.1794
STN-03,09-04-2021 14:00,0,1,125,26.5,33.1,1.1171
STN-03,09-04-2021 15:00,0.2,7,121,26.8,34.1,1.1055
STN-03,09-04-2021 16:00,1,164,150,26.1,33.1,1.0793
STN-03,09-04-2021 17:00,1.6,265,164,25.9,33,1.0805
STN-03,09-04-2021 18:00,2.8,280,178,23.3,33.6,1.011
STN-03,09-04-2021 19:00,3,292,176,20.4,39.4,0.9846
STN-03,09-04-2021 20:00,2.6,293,179,19.9,42.1,1.0657
STN-03,09-04-2021 21:00,1.7,215,82.78731931,18.9,39.5,1.0509
STN-03,09-04-2021 22:00,1.1,168,101.3178434,18.7,,1.1066
STN-03,09-04-2021 23:00,1.1,174,144,19.4,50.1,1.1961
STN-03,10-04-2021 00:00,0.9,196,137,17.4,49.5,
STN-03,10-04-2021 01:00,0.8,167,136,17.1,47.4,1.0999
STN-03,10-04-2021 02:00,0.3,97,109,15.8,43.8,1.02
STN-03,10-04-2021 03:00,0,35,103,15,41.8,0.9734
STN-03,10-04-2021 04:00,0,21,97,14.3,42.2,0.9442
STN-03,10-04-2021 05:00,0.1,68,114,14.7,43.4,0.923
STN-03,10-04-2021 06:00,0.1,140,122,13.9,42.8,0.9062
STN-03,10-04-2021 07:00,0,105,114,,40,0.8636
STN-03,10-04-2021 08:00,1.1,230,126,14,36.8,0.8696
STN-03,10-04-2021 09:00,1.8,281,149,15.7,29.8,0.8255
STN-03,10-04-2021 10:00,1.3,214,155,17.7,24.6,0.8461
STN-03,10-04-2021 11:00,0.9,185,145,19.7,21.6,0.8406
STN-03,10-04-2021 12:00,1.4,146,150,21.5,24.1,0.9214
STN-03,10-04-2021 13:00,1.7,187,163,23.2,20.9,0.9208
STN-03,10-04-2021 14:00,0.7,,126,23.2,21.5,0.9244
STN-03,10-04-2021 15:00,0,6,123,23.2,22.4,0.9527
STN-03,10-04-2021 16:00,0.4,43,136,24,16.3,0.8947
STN-03,10-04-2021 17:00,1.1,96,152,23.5,15.9,0.911
STN-03,10-04-2021 18:00,2.7,267,168,21.5,20.7,0.9207
STN-03,10-04-2021 19:00,3.4,314,160,20.6,18.4,0.8904
STN-03,10-04-2021 20:00,2.8,212,158,19.2,18.5,0.8406
STN-03,10-04-2021 21:00,2.2,,140,17.8,20.6,0.8249
STN-03,10-04-2021 22:00,2.3,197,145,17.6,24.7,0.8655
STN-03,10-04-2021 23:00,2,236,142,16.1,25.2,0.8117
STN-03,11-04-2021 00:00,,60,111,16.4,25.9,0.851
STN-03,11-04-2021 01:00,0.9,156,109,16.3,29.1,0.8528
STN-03,11-04-2021 02:00,0.1,69,68,14.9,36.2,0.8858
STN-03,11-04-2021 03:00,0,40,77,16.3,38.2,0.9484
STN-03,11-04-2021 04:00,0,10,47,16,38,0.9082
STN-03,11-04-2021 05:00,0,78,,16.8,39.9,0.9193
STN-03,11-04-2021 06:00,0,42,71,16,42.7,0.8824
STN-03,11-04-2021 07:00,0.1,46,73,15.6,41.7,0.8471
STN-03,11-04-2021 08:00,1.1,197,115,14.5,39.9,0.78
STN-03,11-04-2021 09:00,1.7,292,142,15.1,41.8,0.7999
STN-03,11-04-2021 10:00,0.8,168,139,17.3,37,0.8274
STN-03,11-04-2021 11:00,0.8,136,130,20.8,,0.8319
STN-03,11-04-2021 12:00,1.5,133,127,23.7,26.1,0.8716
STN-03,11-04-2021 13:00,1.3,101,127,23.8,24.2,0.8275
STN-03,11-04-2021 14:00,0.6,107,135,23.8,27.6,0.8682
STN-03,11-04-2021 15:00,1.1,148,132,24.5,21.7,0.806
STN-03,11-04-2021 16:00,0.4,36,125,24.4,17.8,0.7505
STN-03,11-04-2021 17:00,2.4,267,,23.5,19.4,0.7562
STN-03,11-04-2021 18:00,3.2,,162,22.2,23.8,0.8235
STN-03,11-04-2021 19:00,4.1,417,181,21.5,26.2,0.8625
STN-03,11-04-2021 20:00,2.9,300,,21.3,31,0.921
STN-03,11-04-2021 21:00,1.6,203,151,21.6,21.6,0.841
STN-03,11-04-2021 22:00,1,116,143,20.3,27.3,0.8314
STN-03,11-04-2021 23:00,1.3,140,149,21.3,25.8,0.8372
STN-03,12-04-2021 00:00,1.1,140,157,21.7,31.4,0.853
STN-03,12-04-2021 01:00,0.5,140,149,21.8,32.7,0.9041
STN-03,12-04-2021 02:00,0,36,115,22.2,34.4,0.9126
STN-03,12-04-2021 03:00,0,27,,20.1,34.6,0.8421
STN-03,12-04-2021 04:00,0,1,93,19.9,35.8,0.8712
STN-03,12-04-2021 05:00,0,1,102,20.6,31.8,0.8362
STN-03,12-04-2021 06:00,0,63,109,18.8,32.3,0.7849
STN-03,12-04-2021 07:00,1.2,221,142,18.6,33.9,0.7797
STN-03,12-04-2021 08:00,2.2,290,171,19.4,33.4,0.8136
STN-03,12-04-2021 09:00,,295,183,,35.3,0.9175
STN-03,12-04-2021 10:00,1.2,249,162,23.8,34,0.9604
STN-03,12-04-2021 11:00,2.2,282,177,24.9,29.5,0.8826
STN-03,12-04-2021 12:00,1.9,222,160,26.4,24.5,0.868
STN-03,12-04-2021 13:00,2,144,146,27.2,23.8,0.8795
STN-03,12-04-2021 14:00,0.8,67,111,26.3,17.6,0.7702
STN-03,12-04-2021 15:00,0.6,40,109,26.3,20.3,0.8117
STN-03,12-04-2021 16:00,,99,133,27.1,25.2,0.9153
STN-03,12-04-2021 17:00,1.6,136,138,24.6,25.3,0.873
STN-03,12-04-2021 18:00,2.4,243,176,23.3,32.1,0.9113
STN-03,12-04-2021 19:00,4,350,190,21.6,36.2,0.9056
STN-03,12-04-2021 20:00,3.3,309,192,22.7,35.2,0.9572
STN-03,12-04-2021 21:00,2.8,328,193,21.8,37,0.962
STN-03,12-04-2021 22:00,1.9,199,170,21.9,31.4,0.8936
STN-03,12-04-2021 23:00,1.6,171,,21.1,30.5,0.8708
STN-03,13-04-2021 00:00,1.2,85,131,21.2,36.4,0.9414
STN-03,13-04-2021 01:00,0,1,97,19.9,37.4,0.9298
STN-04,01-01-2021 00:00,2.7,199,162,3.7,76.6,1.0419
STN-04,01-01-2021 01:00,2.7,182,148,2.8,,1.0623
STN-04,01-01-2021 02:00,2.7,165,147,,80.8,1.011
STN-04,01-01-2021 03:00,1.8,68,126,2.8,74.9,0.9698
STN-04,01-01-2021 04:00,1.6,1,106,1.4,72.8,0.9173
STN-04,01-01-2021 05:00,1.1,1,107,1,74.4,0.9167
STN-04,01-01-2021 06:00,0.9,1,102,1.8,74.3,0.9479
STN-04,01-01-2021 07:00,1.1,11,88,0.8,75.3,0.9439
STN-04,01-01-2021 08:00,1.6,110,100,3.6,71.4,1.0165
STN-04,01-01-2021 09:00,1.6,114,121,4.1,60.6,0.9342
STN-04,01-01-2021 10:00,1.4,110,127,6.4,52.4,0.9033
STN-04,01-01-2021 11:00,0.9,80,124,9.3,41.3,0.8274
STN-04,01-01-2021 12:00,0.3,1,113,9.7,42.4,0.836
STN-04,01-01-2021 13:00,,63,116,10.6,41.5,0.8116
STN-04,01-01-2021 14:00,1.2,93,124,8.8,37,0.6786
STN-04,01-01-2021 15:00,1.6,178,138,10,36.8,0.7101
STN-04,01-01-2021 16:00,1.6,119,119,10.4,,0.6781
STN-04,01-01-2021 17:00,2.7,111,112,10.6,35.2,0.7142
STN-04,01-01-2021 18:00,3.6,249,140,10.1,36.2,
STN-04,01-01-2021 19:00,4.1,226,140,8.1,38.8,0.7178
STN-04,01-01-2021 20:00,4.4,352,164,6.6,39.5,0.6688
STN-04,01-01-2021 21:00,3.9,343,160,5.3,41.3,0.6554
STN-04,01-01-2021 22:00,4,,177,4.3,47,0.6798
STN-04,01-01-2021 23:00,3.3,310,,3.8,43.1,0.644
STN-04,02-01-2021 00:00,2.9,,128,3.4,48.4,0.6953
STN-04,02-01-2021 01:00,2.2,189,123,3.5,47.5,0.6783
STN-04,02-01-2021 02:00,1.4,179,107,3.5,50.2,0.6909
STN-04,02-01-2021 03:00,2,316,123,4,49.9,0.6946
STN-04,02-01-2021 04:00,1.1,174,84,3.3,52,0.6902
STN-04,02-01-2021 05:00,1,150,70,3.2,51.9,
STN-04,02-01-2021 06:00,1.5,222,83,2.9,56.1,0.7167
STN-04,02-01-2021 07:00,2.4,249,97,2.7,51,0.6407
STN-04,02-01-2021 08:00,3.7,371,122,3.3,49.9,0.6169
STN-04,02-01-2021 09:00,3.6,413,135,5.8,44.3,0.6371
STN-04,02-01-2021 10:00,3.5,379,139,7.7,42.8,0.6727
STN-04,02-01-2021 11:00,2.7,,125,10.8,42.3,0.7207
STN-04,02-01-2021 12:00,2.6,340,123,11.4,42.3,0.7391
STN-04,02-01-2021 13:00,2.6,324,125,11.8,40.4,0.7046
STN-04,02-01-2021 14:00,2.4,329,117,11.3,42.6,0.7328
STN-04,02-01-2021 15:00,1.9,201,96,11.1,44.9,0.7428
STN-04,02-01-2021 16:00,1.5,147,90,11.2,46.2,0.7602
STN-04,02-01-2021 17:00,1.9,140,74,10.6,46.7,0.7513
STN-04,02-01-2021 18:00,3.9,322,101,9.3,50.6,0.7547
STN-04,02-01-2021 19:00,4.7,428,123,6.4,,0.7173
STN-04,02-01-2021 20:00,4.4,504,143,7.2,58.2,0.8133
STN-04,02-01-2021 21:00,2.4,319,121,6.3,-43.63949969,0.806
STN-04,02-01-2021 22:00,2.4,277,126,6.4,65.2,0.8603
STN-04,02-01-2021 23:00,2,261,104,5.8,68.3,0.8642
STN-04,03-01-2021 00:00,1.4,196,90,7.7,64.5,0.8655
STN-04,03-01-2021 01:00,1,90,54,7.2,65.9,0.8439
STN-04,03-01-2021 02:00,0.6,30,34,7.3,68.6,0.8292
STN-04,03-01-2021 03:00,0.6,84,36,7,68.6,0.8298
STN-04,03-01-2021 04:00,0.2,84,41,7.8,65.1,0.8476
STN-04,03-01-2021 05:00,0.3,114,47,5.7,66.8,0.7971
STN-04,03-01-2021 06:00,0.4,151,60,4.8,70.9,0.7927
STN-04,03-01-2021 07:00,1.7,361,108,5.5,70.2,0.7967
STN-04,03-01-2021 08:00,2.7,515,155,4.1,70.8,0.7475
STN-04,03-01-2021 09:00,4.3,634,177,5.3,65.9,0.7396
STN-04,03-01-2021 10:00,4,653,167,8,62.3,0.7991
STN-04,03-01-2021 11:00,4.3,2421.897507,178,9.9,60.5,
STN-04,03-01-2021 12:00,3.1,532,156,10,58.9,0.7628
STN-04,03-01-2021 13:00,3,443,145,10,,0.7291
STN-04,03-01-2021 14:00,2.5,421,160,9.8,60.8,0.7795
STN-04,03-01-2021 15:00,3.2,532,186,10.5,59,0.7642
STN-04,03-01-2021 16:00,2.9,529,172,10.6,54.7,0.6983
STN-04,03-01-2021 17:00,4.6,654,202,10,56.2,0.6842
STN-04,03-01-2021 18:00,6.2,760,,8.3,66.2,0.7888
STN-04,03-01-2021 19:00,6.1,718,206,8.1,67.7,0.8679
STN-04,03-01-2021 20:00,5.1,625,170,7.1,70.3,0.8751
STN-04,03-01-2021 21:00,4.2,576,167,6.7,69.7,0.8503
STN-04,03-01-2021 22:00,3.3,548,151,7.6,67,0.8257
STN-04,03-01-2021 23:00,2,434,139,7.7,69.3,0.8191
STN-04,04-01-2021 00:00,2.1,473,141,7,69.8,0.8033
STN-04,04-01-2021 01:00,2,376,133,7.4,65.2,0.7694
STN-04,04-01-2021 02:00,1.4,273,108,6.7,67.3,0.7834
STN-04,04-01-2021 03:00,,203,114,7.1,65.5,0.7703
STN-04,04-01-2021 04:00,0.5,145,116,7.9,59.2,0.7208
STN-04,04-01-2021 05:00,0.3,79,100,9.1,50.9,0.6663
STN-04,04-01-2021 06:00,0,55,112,10.3,52,0.761
STN-04,04-01-2021 07:00,0.7,123,131,8.9,50.8,0.6794
STN-04,04-01-2021 08:00,1.9,227,143,10,52.2,0.7956
STN-04,04-01-2021 09:00,2.2,304,,10.2,52.2,0.8166
STN-04,04-01-2021 10:00,2.8,399,186,11.9,42.4,0.7685
STN-04,04-01-2021 11:00,2.5,372,163,14.2,33.9,0.7142
STN-04,04-01-2021 12:00,1.6,259,136,15.7,28.8,0.6892
STN-04,04-01-2021 13:00,2.3,293,131,16.9,33.4,0.7283
STN-04,04-01-2021 14:00,2.6,325,126,16.4,36.1,0.7493
STN-04,04-01-2021 15:00,2.5,352,126,16.8,41.3,0.8036
STN-04,04-01-2021 16:00,3.6,451,141,18.3,41.9,0.8748
STN-04,04-01-2021 17:00,4.4,494,164,16.7,43.5,0.8471
STN-04,04-01-2021 18:00,5.4,601,196,14.2,53,0.8879
STN-04,04-01-2021 19:00,5.3,539,158,15.7,58.2,1.0342
STN-04,04-01-2021 20:00,5.2,619,157,12.7,65.3,1.0655
STN-04,04-01-2021 21:00,4.2,523,151,12.8,65.6,1.1054
STN-04,04-01-2021 22:00,3.3,455,135,10.4,66.4,1.045
STN-04,04-01-2021 23:00,3.1,445,145,9.8,68.9,1.0076
STN-04,05-01-2021 00:00,3.2,,136,9.1,71,0.9986
STN-04,05-01-2021 01:00,2.9,449,139,8.6,77.9,1.0521
STN-04,05-01-2021 02:00,1.5,345,117,8.4,73.4,0.9833
STN-04,05-01-2021 03:00,1.5,340,112,7.7,73.9,0.9391
STN-04,05-01-2021 04:00,0.9,304,94,,74.3,0.8877
STN-04,05-01-2021 05:00,1.2,308,111,6.4,72.2,0.8479
STN-04,05-01-2021 06:00,1,259,122,5.3,75.1,0.8476
STN-04,05-01-2021 07:00,1.4,255,117,5,72,0.795
STN-04,05-01-2021 08:00,2.7,440,166,5.2,66.8,0.7489
STN-04,05-01-2021 09:00,3.5,494,174,8.4,60.5,0.792
STN-04,05-01-2021 10:00,2.9,442,176,10.9,54.2,0.7943
STN-04,05-01-2021 11:00,2.1,317,171,12.6,45.8,0.7307
STN-04,05-01-2021 12:00,1.8,340,,13.2,44.2,0.7115
STN-04,05-01-2021 13:00,2.2,294,162,13,45,0.6798
STN-04,05-01-2021 14:00,2,238,164,12.7,40.4,0.6468
STN-04,05-01-2021 15:00,1.8,223,151,13.3,38,0.6446
STN-04,05-01-2021 16:00,1.7,215,152,12.8,38.1,0.6221
STN-04,05-01-2021 17:00,2.8,372,188,10.8,45.9,0.6405
STN-04,05-01-2021 18:00,4.1,509,206,9.1,52,0.6588
STN-04,05-01-2021 19:00,4.2,522,208,6,56.3,0.6274
STN-04,05-01-2021 20:00,3.6,367,184,5.8,60.2,0.7054
STN-04,05-01-2021 21:00,3.1,365,166,5.6,71.1,0.8209
STN-04,05-01-2021 22:00,2.2,327,158,4.5,71.2,0.7917
STN-04,05-01-2021 23:00,2.4,266,140,3.2,73.4,0.783
STN-04,06-01-2021 00:00,2.3,305,144,3,71.7,0.7441
STN-04,06-01-2021 01:00,1.8,219,129,3.1,71.2,0.748
STN-04,06-01-2021 02:00,1.5,214,112,3.9,74.8,0.7758
STN-04,06-01-2021 03:00,1.2,243,113,,80.5,0.8141
STN-04,06-01-2021 04:00,1.8,255,93,2,82.2,0.8258
STN-04,06-01-2021 05:00,2.7,,96,1.2,94.5,0.9398
STN-04,06-01-2021 06:00,3.4,,108,-0.2,99,1.0042
STN-04,06-01-2021 07:00,4.5,516,137,0.2,99,1.0155
STN-04,06-01-2021 08:00,6.4,752,184,1.9,90.1,0.9786
STN-04,06-01-2021 09:00,5.6,642,169,2.9,94.1,1.0652
STN-04,06-01-2021 10:00,4,546,164,5.5,80.4,1.007
STN-04,06-01-2021 11:00,3,340,141,9.2,67.1,0.9533
STN-04,06-01-2021 12:00,3.2,367,142,10.9,73.2,1.0344
STN-04,06-01-2021 13:00,4.5,504,169,11,70.2,0.9973
STN-04,06-01-2021 14:00,3.8,446,144,,70.2,0.9956
STN-04,06-01-2021 15:00,3.9,493,165,12.5,72,1.0652
STN-04,06-01-2021 16:00,4.4,570,188,13,77.5,1.1853
STN-04,06-01-2021 17:00,4.1,507,193,11.4,75.6,1.1442
STN-04,06-01-2021 18:00,5.1,571,203,10.1,70.1,1.0773
STN-04,06-01-2021 19:00,5.2,545,213,8.1,75.5,1.105
STN-04,06-01-2021 20:00,5,493,203,6.9,76.6,1.1134
STN-04,06-01-2021 21:00,3.9,450,196,4.2,79.8,1.0742
STN-04,06-01-2021 22:00,4,385,183,4.4,82.3,1.0845
STN-04,06-01-2021 23:00,3.2,347,156,4.4,83,1.107
STN-04,07-01-2021 00:00,2.7,288,143,3.4,81.9,1.0642
STN-04,07-01-2021 01:00,3.1,329,,3.4,85.6,1.137
STN-04,07-01-2021 02:00,1.7,183,99,3.4,88.3,1.1624
STN-04,07-01-2021 03:00,7.582030985,211,98,3.4,95.1,1.191
STN-04,07-01-2021 04:00,0.943915728,256,93,3.4,90.8,1.0752
STN-04,07-01-2021 05:00,1.9,299,108,3.4,87.3,1.0058
STN-04,07-01-2021 06:00,2,331,121,3.4,91.2,1.0084
STN-04,07-01-2021 07:00,3.1,393,144,1.1,89,1.0566
STN-04,07-01-2021 08:00,4.8,612,183,2.7,92.1,1.1201
STN-04,07-01-2021 09:00,4.9,664,196,5.5,88.1,1.1559
STN-04,07-01-2021 10:00,3.4,554,200,7.7,82.7,1.1498
STN-04,07-01-2021 11:00,2.9,472,196,8.6,84.2,1.1549
STN-04,07-01-2021 12:00,3.2,491,195,9.9,84.7,1.1543
STN-04,07-01-2021 13:00,2.6,386,178,12.2,81.1,1.1722
STN-04,07-01-2021 14:00,1.8,258,156,12.6,81.7,1.1613
STN-04,07-01-2021 15:00,1.5,184,139,12.9,80,1.1741
STN-04,07-01-2021 16:00,2,267,171,12.8,76.4,1.1852
STN-04,07-01-2021 17:00,2.6,314,188,11.7,84.2,1.2362
STN-04,07-01-2021 18:00,3.6,410,,9.7,84.4,1.2382
STN-04,07-01-2021 19:00,4.1,488,209,6.4,85,
STN-04,07-01-2021 20:00,4.7,577,212,5.6,90,1.1867
STN-04,07-01-2021 21:00,4.3,482,185,5.7,87,1.1826
STN-04,07-01-2021 22:00,3.3,369,157,5.2,87.6,1.1459
STN-04,07-01-2021 23:00,,431,158,5,89.5,1.1346
STN-04,08-01-2021 00:00,4.4,480,169,4.8,91.2,1.1109
STN-04,08-01-2021 01:00,3.2,406,156,3.2,89.9,1.0598
STN-04,08-01-2021 02:00,3.6,391,149,3.2,89,1.0276
STN-04,08-01-2021 03:00,2.5,340,171,2.1,84.2,0.9325
STN-04,08-01-2021 04:00,2.6,346,134,3.5,82.6,0.958
STN-04,08-01-2021 05:00,3.5,438,145,4.2,85,1.0233
STN-04,08-01-2021 06:00,3,368,136,3,88.4,1.043
STN-04,08-01-2021 07:00,2.5,357,130,3.5,87.1,
STN-04,08-01-2021 08:00,2.9,441,154,3.8,87.7,1.0733
STN-04,08-01-2021 09:00,3.3,509,155,6.3,83.6,1.1155
STN-04,08-01-2021 10:00,1.9,422,,8.6,78.2,1.0808
STN-04,08-01-2021 11:00,2.5,495,169,10.5,70.4,1.0443
STN-04,08-01-2021 12:00,1.7,386,147,11.6,63.3,
STN-04,08-01-2021 13:00,0.6,268,134,12,55.6,0.8592
STN-04,08-01-2021 14:00,0.8,248,118,10.7,57,0.8544
STN-04,08-01-2021 15:00,0.9,262,126,10.7,57,0.8287
STN-04,08-01-2021 16:00,1.9,363,143,10.2,52.8,0.7769
STN-04,08-01-2021 17:00,2,385,149,9.8,54.4,0.7999
STN-04,08-01-2021 18:00,2.7,390,155,8.3,53,0.7514
STN-04,08-01-2021 19:00,3.2,382,157,6.2,61.1,0.7573
STN-04,08-01-2021 20:00,2.6,366,137,5,65.6,0.7767
STN-04,08-01-2021 21:00,3,419,137,4.9,73.1,0.9049
STN-04,08-01-2021 22:00,2.1,271,115,2.4,69.8,0.7714
STN-04,08-01-2021 23:00,3.2,433,145,1.7,75.4,0.7936
STN-04,09-01-2021 00:00,2.4,345,122,,76.6,0.8422
STN-04,09-01-2021 01:00,2.1,277,124,3.2,71.1,0.8332
STN-04,09-01-2021 02:00,2.1,238,110,2.4,70,0.7901
STN-04,09-01-2021 03:00,1.9,205,98,2.1,69,0.7482
STN-04,09-01-2021 04:00,0.8,65,70,1,65.4,0.714
STN-04,09-01-2021 05:00,0,1,53,2,62.3,0.7067
STN-04,09-01-2021 06:00,,1,36,2.8,66.9,0.7979
STN-04,09-01-2021 07:00,1.6,81,80,3.8,70.1,0.8722
STN-04,09-01-2021 08:00,2.1,131,92,4,67.3,0.8387
STN-04,09-01-2021 09:00,1.8,202,101,4.4,66,0.888
STN-04,09-01-2021 10:00,2.1,203,115,7.6,58.6,0.8862
STN-04,09-01-2021 11:00,2.6,269,105,9.7,61.2,0.9633
STN-04,09-01-2021 12:00,2.1,161,101,10.6,55.3,0.9058
STN-04,09-01-2021 13:00,2.6,225,119,10.7,55,0.8987
STN-04,09-01-2021 14:00,2.9,308,138,10.6,47.5,0.7975
STN-04,09-01-2021 15:00,2.5,282,137,10.5,53,0.8555
STN-04,09-01-2021 16:00,2.9,399,166,9.9,55.2,0.8416
STN-04,09-01-2021 17:00,4.1,552,191,9.4,61.5,0.8921
STN-04,09-01-2021 18:00,4.4,546,199,7.7,63.5,0.8558
STN-04,09-01-2021 19:00,3.9,497,198,5.6,69.8,0.8824
STN-04,09-01-2021 20:00,3.3,390,174,5.1,72.4,0.922
STN-04,09-01-2021 21:00,2.6,379,176,4.3,80.9,0.9911
STN-04,09-01-2021 22:00,1.7,211,131,3.1,80,0.9464
STN-04,09-01-2021 23:00,2,324,146,1.9,83,0.947
STN-04,10-01-2021 00:00,2.8,303,139,2.4,79.6,0.9388
STN-04,10-01-2021 01:00,2.1,178,106,1,77.2,0.8733
STN-04,10-01-2021 02:00,1.2,165,92,-0.5,77.4,0.7842
STN-04,10-01-2021 03:00,1.6,227,128,-0.7,79.8,0.8307
STN-04,10-01-2021 04:00,2.1,207,98,-1.8,83.5,0.8492
STN-04,10-01-2021 05:00,1.7,150,77,46.61269894,85.4,0.8231
STN-04,10-01-2021 06:00,2.8,322,116,-1.8,81.6,0.7768
STN-04,10-01-2021 07:00,4,417,135,,85.6,
STN-04,10-01-2021 08:00,4.6,545,167,,80,0.7893
STN-04,10-01-2021 09:00,4.4,588,183,1.2,77.3,0.7657
STN-04,10-01-2021 10:00,3.6,509,172,4,73.5,0.7904
STN-04,10-01-2021 11:00,4,574,184,7.1,66.1,0.8083
STN-04,10-01-2021 12:00,3.6,456,146,8.3,67.1,0.86
STN-04,10-01-2021 13:00,3.1,401,132,9.6,63.7,0.8529
STN-04,10-01-2021 14:00,3.9,542,165,10,59.1,0.8189
STN-04,10-01-2021 15:00,3.6,534,184,12.1,55.9,0.8605
STN-04,10-01-2021 16:00,3.3,480,166,11.4,52.7,0.8064
STN-04,10-01-2021 17:00,5.2,582,204,10.8,52.7,0.8239
STN-04,10-01-2021 18:00,5.7,629,225,10.1,119.2746564,0.8403
STN-04,10-01-2021 19:00,5.9,629,224,16.44193783,51.6,0.8465
STN-04,10-01-2021 20:00,5.1,595,222,5.117258402,53.4,0.874
STN-04,10-01-2021 21:00,4.2,557,185,0.044811453,54,0.8588
STN-04,10-01-2021 22:00,3.7,379,179,6.8,53.8,0.849
STN-04,10-01-2021 23:00,2.7,297,,5,56.3,0.7715
STN-04,11-01-2021 00:00,3.1,353,160,23.62108942,64.4,0.8301
STN-04,11-01-2021 01:00,2.9,313,130,4.6,63.9,0.8719
STN-04,11-01-2021 02:00,2,297,125,2.3,66.8,0.8328
STN-04,11-01-2021 03:00,2.6,403,135,1.9,73.8,0.871
STN-04,11-01-2021 04:00,2.5,356,108,1.6,79,0.8956
STN-04,11-01-2021 05:00,1.7,343,108,1,79.5,0.8387
STN-04,11-01-2021 06:00,2.5,385,123,1.5,80.8,0.8647
STN-04,11-01-2021 07:00,3.9,581,136,0.9,81.9,0.8837
STN-04,11-01-2021 08:00,5.1,729,165,0.6,82.4,0.8806
STN-04,11-01-2021 09:00,5.1,685,172,4,74.6,0.8923
STN-04,11-01-2021 10:00,,614,150,6.2,66.9,0.8769
STN-04,11-01-2021 11:00,5.5,697,186,6.8,66.7,0.8344
STN-04,11-01-2021 12:00,5.9,648,202,9.6,60.5,0.8222
STN-04,11-01-2021 13:00,5,561,179,10.3,,0.8526
STN-04,11-01-2021 14:00,5.4,564,182,10.2,61.5,0.8316
STN-04,11-01-2021 15:00,5.6,586,196,10.7,59.7,0.8312
STN-04,11-01-2021 16:00,5.5,671,208,11.4,58.5,0.8339
STN-04,11-01-2021 17:00,6.1,661,217,11.6,61.9,0.8764
STN-04,11-01-2021 18:00,6.4,689,224,10,60.3,0.8295
STN-04,11-01-2021 19:00,7.5,764,262,8.9,58.4,0.8078
STN-04,11-01-2021 20:00,6.3,648,237,8.3,62.1,0.8155
STN-04,11-01-2021 21:00,4,490,205,7.9,56.5,0.7186
STN-04,11-01-2021 22:00,3.1,380,179,6.2,58.3,0.6783
STN-04,11-01-2021 23:00,3.2,392,197,7,61.1,0.7108
STN-04,12-01-2021 00:00,2.7,362,174,6.4,66.5,0.7274
STN-04,12-01-2021 01:00,2.5,349,170,6.4,68.3,
STN-04,12-01-2021 02:00,1,239,127,5.7,66.8,0.6925
STN-04,12-01-2021 03:00,1.1,265,129,4.7,75.1,0.7307
STN-04,12-01-2021 04:00,1,247,100,5,73.2,0.7113
STN-04,12-01-2021 05:00,0.6,151,85,4,77.1,0.7147
STN-04,12-01-2021 06:00,0.3,58,82,5,74.4,0.7128
STN-04,12-01-2021 07:00,1.5,114,90,5.1,70.3,0.6677
STN-04,12-01-2021 08:00,2.7,310,136,7.5,62.6,0.6529
STN-04,12-01-2021 09:00,2,262,115,7.7,55.7,0.5664
STN-04,12-01-2021 10:00,2.2,308,131,8.9,48.2,0.4909
STN-04,12-01-2021 11:00,1,160,98,9.9,43.5,0.4415
STN-04,12-01-2021 12:00,3.4,303,126,12.4,42.2,0.5133
STN-04,12-01-2021 13:00,3,252,129,13.8,42.5,0.5484
STN-04,12-01-2021 14:00,3.1,286,118,14.8,41.9,0.5822
STN-04,12-01-2021 15:00,2.6,-289.3972982,112,14,44.9,0.5593
STN-04,12-01-2021 16:00,2.4,163.7573081,121,14.1,42.5,0.541
STN-04,12-01-2021 17:00,1.9,-24.97533926,120,12.8,42,0.4902
STN-04,12-01-2021 18:00,3.3,1179.121967,136,11.5,45.7,0.5344
STN-04,12-01-2021 19:00,3.8,370,144,11.1,,0.6301
STN-04,12-01-2021 20:00,5,503,158,10.1,52.5,0.6666
STN-04,12-01-2021 21:00,3.7,464,159,7.8,57.9,0.6334
STN-04,12-01-2021 22:00,2.4,305,121,7,59.1,0.6327
STN-04,12-01-2021 23:00,1.1,164,89,5.5,58.9,0.5995
STN-04,13-01-2021 00:00,1.1,86,72,4.9,56,0.6053
STN-04,13-01-2021 01:00,1.5,111,74,4.1,54.6,0.5653
STN-04,13-01-2021 02:00,1.7,185,89,2.9,55.2,0.5205
STN-04,13-01-2021 03:00,1.7,120,96,1,60.9,0.5218
STN-04,13-01-2021 04:00,0.7,15,63,0.3,63.3,0.4861
STN-04,13-01-2021 05:00,1.4,225,106,-0.1,63.7,0.4867
STN-04,13-01-2021 06:00,2.3,424,138,-1.1,60.6,0.4022
STN-04,13-01-2021 07:00,3.7,483,152,0.5,60.8,0.4391
STN-04,13-01-2021 08:00,4.5,583,165,2.7,59.7,0.5099
STN-04,13-01-2021 09:00,4.9,620,164,3.7,57,0.4849
STN-04,13-01-2021 10:00,,671,195,5.1,49.4,0.4407
STN-04,13-01-2021 11:00,5,693,191,7.4,42.7,0.4386
STN-04,13-01-2021 12:00,4.8,608,192,9.6,32.7,0.3546
STN-04,13-01-2021 13:00,3.6,438,170,8.7,33.8,0.3057
STN-04,13-01-2021 14:00,3.9,474,180,8.4,31.9,0.2403
STN-04,13-01-2021 15:00,3.4,444,167,7.9,34.4,0.2115
STN-04,13-01-2021 16:00,4.3,515,182,7.6,38.6,0.259
STN-04,13-01-2021 17:00,4.5,569,187,6.6,39,0.2463
STN-04,13-01-2021 18:00,4.4,579,172,4.1,41.7,0.1935
STN-04,13-01-2021 19:00,5.1,637,194,2.9,43.8,0.1752
STN-04,13-01-2021 20:00,4.3,581,178,1.2,48.1,0.1887
STN-04,13-01-2021 21:00,2.4,359,136,1.9,44.3,0.1781
STN-04,13-01-2021 22:00,2,279,109,1.3,43.8,0.1109
STN-04,13-01-2021 23:00,2.6,234,103,1.2,49.7,0.179
STN-04,14-01-2021 00:00,3,310,94,0.8,54.5,0.2042
STN-04,14-01-2021 01:00,2.4,322,92,1.6,56.5,0.2575
STN-04,14-01-2021 02:00,2,296,91,0.6,59.3,0.2836
STN-04,14-01-2021 03:00,1.5,239,79,0.4,66.6,0.3497
STN-04,14-01-2021 04:00,0.8,146,47,1.1,60.2,0.3408
STN-04,14-01-2021 05:00,1.3,187,71,0.4,60.6,0.277
STN-04,14-01-2021 06:00,0.6,130,67,0.7,60.6,0.2911
STN-04,14-01-2021 07:00,2.3,304,103,-0.1,64.8,0.3596
STN-04,14-01-2021 08:00,2.8,340,137,1.9,54.4,0.3328
STN-04,14-01-2021 09:00,3,423,145,4.3,58,0.4241
STN-04,14-01-2021 10:00,2.7,522,156,6.2,59.5,
STN-04,14-01-2021 11:00,1.9,391,125,8.6,50,0.406
STN-04,14-01-2021 12:00,2,351,,8.8,51.4,0.3915
STN-04,14-01-2021 13:00,1.9,357,129,10.6,51.8,0.4152
STN-04,14-01-2021 14:00,2.1,351,130,10.3,52.4,0.3902
STN-04,14-01-2021 15:00,0.8,154,76,10,55.3,0.3994
STN-04,14-01-2021 16:00,1.8,248,103,10.8,54.8,0.411
STN-04,14-01-2021 17:00,2.8,371,143,10.7,56.8,0.4271
STN-04,14-01-2021 18:00,2.9,292,131,8.7,66.6,0.5263
STN-04,14-01-2021 19:00,3.6,387,141,7,74.4,0.6289
STN-04,14-01-2021 20:00,3.1,335,145,6.2,72.3,0.6056
STN-04,14-01-2021 21:00,2.7,308,125,5.6,73.2,0.6717
STN-04,14-01-2021 22:00,2.4,230,123,3.9,73.7,0.6179
STN-04,14-01-2021 23:00,2.4,273,112,3,73.5,0.5988
STN-04,15-01-2021 00:00,3.5,348,,3.8,74.4,0.6285
STN-04,15-01-2021 01:00,2.6,163,88,4.4,72.5,0.6379
STN-04,15-01-2021 02:00,1.4,52,77,5.2,65.3,0.613
STN-04,15-01-2021 03:00,3,159,112,4.5,68.4,0.6141
STN-04,15-01-2021 04:00,2.8,110,87,4.5,75.5,0.6916
STN-04,15-01-2021 05:00,3.3,265,121,5.2,72.8,0.6988
STN-04,15-01-2021 06:00,3.4,360,137,4.4,78.3,0.7357
STN-04,15-01-2021 07:00,3.6,427,168,4.9,76.9,0.7247
STN-04,15-01-2021 08:00,4.7,546,204,6.8,72.5,0.7113
STN-04,15-01-2021 09:00,3,375,173,7.8,65.2,0.692
STN-04,15-01-2021 10:00,4.1,509,182,11.1,55.9,0.6909
STN-04,15-01-2021 11:00,4.5,535,183,12.7,50.1,0.6645
STN-04,15-01-2021 12:00,4.4,515,184,14.3,52.2,0.7178
STN-04,15-01-2021 13:00,4.6,398,156,14.6,54.9,0.7448
STN-04,15-01-2021 14:00,4.2,428,156,16.2,49.6,0.6559
STN-04,15-01-2021 15:00,4.4,472,154,16,47.1,0.6292
STN-04,15-01-2021 16:00,3.5,437,140,15.5,46.2,0.6259
STN-04,15-01-2021 17:00,3.2,406,144,13.8,45.1,0.5473
STN-04,15-01-2021 18:00,3.1,401,153,11.5,51.2,0.5757
STN-04,15-01-2021 19:00,2.8,305,120,9.5,52.5,0.6
STN-04,15-01-2021 20:00,2.7,374,117,,58.3,0.5858
STN-04,15-01-2021 21:00,1.7,339,116,6.6,60.9,0.5829
STN-04,15-01-2021 22:00,2,351,113,5.5,66.5,0.6119
STN-04,15-01-2021 23:00,1.4,169,94,3.5,66.8,0.5586
STN-04,16-01-2021 00:00,1.3,146,98,,62.9,0.4534
STN-04,16-01-2021 01:00,1.2,160,87,0.5,69.1,0.469
STN-04,16-01-2021 02:00,1.7,157,81,-0.6,77.5,0.5001
STN-04,16-01-2021 03:00,1.2,100,95,-1.4,81.6,0.4893
STN-04,16-01-2021 04:00,1,69,61,-2.9,85.3,0.5031
STN-04,16-01-2021 05:00,1.3,117,74,-1.5,76.9,
STN-04,16-01-2021 06:00,0.6,103,78,-2.6,79.2,0.4233
STN-04,16-01-2021 07:00,2.5,264,121,-0.9,79.7,0.4818
STN-04,16-01-2021 08:00,4.1,404,151,0.5,69.6,0.4362
STN-04,16-01-2021 09:00,4,368,,1.7,64.1,0.4269
STN-04,16-01-2021 10:00,3.6,320,176,2.8,52.1,0.3517
STN-04,16-01-2021 11:00,3.3,251,154,3.2,53.6,0.356
STN-04,16-01-2021 12:00,3.1,252,141,3.2,53.5,0.349
STN-04,16-01-2021 13:00,2.9,205,120,5.4,,0.4558
STN-04,16-01-2021 14:00,2.2,133,105,6.1,,0.4525
STN-04,16-01-2021 15:00,2.2,71,77,5.5,,0.4491
STN-04,16-01-2021 16:00,1.7,35,73,5.7,,0.5605
STN-04,16-01-2021 17:00,3.3,229,111,4.1,,0.5152
STN-04,16-01-2021 18:00,4.9,374,142,3.2,,0.4976
STN-04,16-01-2021 19:00,5,410,144,2.7,,0.4685
STN-04,16-01-2021 20:00,4.3,374,141,1.3,,0.4865
STN-04,16-01-2021 21:00,2.6,258,123,-0.2,,0.4979
STN-04,16-01-2021 22:00,3,301,126,-0.7,,0.5336
STN-04,16-01-2021 23:00,2.2,199,120,-0.9,66.2,0.4573
STN-04,17-01-2021 00:00,2.5,232,135,-0.9,69.6,0.5163
STN-04,17-01-2021 01:00,2.2,242,104,-0.7,67.8,0.4867
STN-04,17-01-2021 02:00,,215,97,-0.1,,0.5409
STN-04,17-01-2021 03:00,1,143,94,0.8,70.9,0.5841
STN-04,17-01-2021 04:00,1.1,,86,0.6,71.1,0.58
STN-04,17-01-2021 05:00,,131,68,-0.4,72.6,0.5747
STN-04,17-01-2021 06:00,1.2,186,100,,71.2,0.5536
STN-04,17-01-2021 07:00,2.5,346,128,2.1,68.5,0.5918
STN-04,17-01-2021 08:00,2.5,343,116,3,68.1,0.649
STN-04,17-01-2021 09:00,2.5,368,137,4.7,63.1,0.5831
STN-04,17-01-2021 10:00,3,454,158,6.9,56.3,0.5178
STN-04,17-01-2021 11:00,3.3,408,139,9.6,51,0.5241
STN-04,17-01-2021 12:00,2.9,322,130,10.8,50.4,0.5288
STN-04,17-01-2021 13:00,3.1,280,136,12.5,49.4,0.5625
STN-04,17-01-2021 14:00,3.3,349,134,13.3,46.4,0.5248
STN-04,17-01-2021 15:00,3.4,325,131,14.4,46.2,0.5496
STN-04,17-01-2021 16:00,4.3,363,137,17.1,45,0.6108
STN-04,17-01-2021 17:00,4.2,337,158,17.5,44,0.6397
STN-04,17-01-2021 18:00,5.3,478,178,16.7,46.2,0.6332
STN-04,17-01-2021 19:00,6.1,500,179,15.1,51.2,0.6535
STN-04,17-01-2021 20:00,6.2,587,,13.6,57.6,0.6842
STN-04,17-01-2021 21:00,4.9,504,152,11.5,61,0.6315
STN-04,17-01-2021 22:00,3.8,371,129,11.6,53.8,0.5696
STN-04,17-01-2021 23:00,3.3,,123,11.1,45.8,0.4673
STN-04,18-01-2021 00:00,3.7,381,149,9.7,53.2,0.5017
STN-04,18-01-2021 01:00,3.8,388,143,9.9,53.3,0.5098
STN-04,18-01-2021 02:00,3.5,412,130,7.9,62.6,0.5392
STN-04,18-01-2021 03:00,3.1,348,114,6.8,61.9,0.4934
STN-04,18-01-2021 04:00,3,372,114,7.2,61.9,0.4709
STN-04,18-01-2021 05:00,2.2,332,112,7.2,57.7,0.4112
STN-04,18-01-2021 06:00,2.4,273,121,6.9,56.2,0.3655
STN-04,18-01-2021 07:00,3.3,371,,7.2,48.3,0.3055
STN-04,18-01-2021 08:00,5,,178,8,47,0.321
STN-04,18-01-2021 09:00,5.4,667,185,10,46.9,0.3826
STN-04,18-01-2021 10:00,4.4,577,198,10.4,44.3,0.3378
STN-04,18-01-2021 11:00,4.5,624,217,11.8,45.8,0.3833
STN-04,18-01-2021 12:00,4.7,595,216,13.8,37.7,0.3362
STN-04,18-01-2021 13:00,4.4,520,200,14.5,36.3,0.3364
STN-04,18-01-2021 14:00,3.8,,184,14.4,35.7,0.3008
STN-04,18-01-2021 15:00,4.3,597,195,14.4,37.6,0.2773
STN-04,18-01-2021 16:00,3.8,530,175,15.1,35.5,0.2816
STN-04,18-01-2021 17:00,4.9,,186,16.5,31.7,0.3069
STN-04,18-01-2021 18:00,5.7,712,207,15.8,29.4,0.3038
STN-04,18-01-2021 19:00,5.7,651,186,13.6,35,0.3312
STN-04,18-01-2021 20:00,5.6,640,187,12.3,37.7,0.2907
STN-04,18-01-2021 21:00,4.9,505,155,11.8,37.3,0.2684
STN-04,18-01-2021 22:00,4.6,557,169,11,40.2,0.2474
STN-04,18-01-2021 23:00,5.4,617,192,9.7,43.3,0.2303
STN-04,19-01-2021 00:00,4,482,165,9.6,44.7,0.2592
STN-04,19-01-2021 01:00,3.6,540,157,8.1,46.2,0.2588
STN-04,19-01-2021 02:00,3.9,590,160,7.7,46.5,0.2175
STN-04,19-01-2021 03:00,3.9,562,168,6.7,47,0.171
STN-04,19-01-2021 04:00,3.1,477,147,4.8,52.6,0.1591
STN-04,19-01-2021 05:00,2.3,350,119,3.8,57.1,0.1915
STN-04,19-01-2021 06:00,2.4,315,118,4.5,63.6,0.3058
STN-04,19-01-2021 07:00,3.2,403,151,4.5,66.1,0.3008
STN-04,19-01-2021 08:00,4.5,571,196,4.8,58.7,0.2077
STN-04,19-01-2021 09:00,4.9,610,203,6.5,50.7,0.1369
STN-04,19-01-2021 10:00,3.3,490,175,9.9,47.7,0.2345
STN-04,19-01-2021 11:00,2.7,441,175,11.7,44.4,0.2505
STN-04,19-01-2021 12:00,2.4,422,167,11.5,,0.2991
STN-04,19-01-2021 13:00,1.5,222,140,11.6,42.5,0.2261
STN-04,19-01-2021 14:00,2.3,275,149,11.2,38.9,0.156
STN-04,19-01-2021 15:00,1.3,199,140,11.1,35,0.1045
STN-04,19-01-2021 16:00,1.3,138,115,11.1,31.4,0.05
STN-04,19-01-2021 17:00,2.4,242,123,10.8,36.1,0.1003
STN-04,19-01-2021 18:00,2.6,296,123,9.7,41.3,0.1795
STN-04,19-01-2021 19:00,3.5,356,117,9.2,46.4,0.2751
STN-04,19-01-2021 20:00,3.8,453,128,7.6,46.1,0.2076
STN-04,19-01-2021 21:00,4.3,501,138,8.2,50.4,0.2933
STN-04,19-01-2021 22:00,3.1,266,102,7.1,55.5,0.3166
STN-04,19-01-2021 23:00,3.3,325,122,6.4,61.7,0.3833
STN-04,20-01-2021 00:00,3.4,391,115,6.2,61.4,0.4515
STN-04,20-01-2021 01:00,3.2,341,115,5.5,65.9,0.4861
STN-04,20-01-2021 02:00,2.8,281,101,4.2,,0.4577
STN-04,20-01-2021 03:00,3,354,121,4.8,67.8,0.4677
STN-04,20-01-2021 04:00,3.1,363,101,4.7,68.8,0.5122
STN-04,20-01-2021 05:00,3.3,427,111,3.2,72.5,0.4765
STN-04,20-01-2021 06:00,3.4,425,111,4.4,71.5,0.5114
STN-04,20-01-2021 07:00,3.7,454,110,4.6,72.9,0.5398
STN-04,20-01-2021 08:00,5,565,140,6.3,70.5,0.5723
STN-04,20-01-2021 09:00,5.3,605,169,9.6,64.7,0.6479
STN-04,20-01-2021 10:00,4.3,484,152,67.54898379,58.6,0.6808
STN-04,20-01-2021 11:00,3.6,395,137,15.5,54,0.6848
STN-04,20-01-2021 12:00,,233,108,15.8,52.7,0.6714
STN-04,20-01-2021 13:00,2,115,88,16.6,43.4,0.5808
STN-04,20-01-2021 14:00,3.2,241,93,16.8,49.4,0.6597
STN-04,20-01-2021 15:00,2.9,209,93,18.1,48.8,0.7275
STN-04,20-01-2021 16:00,2.7,230,108,18.6,50.2,0.7511
STN-04,20-01-2021 17:00,3.9,350,160,17.6,50.6,0.7585
STN-04,20-01-2021 18:00,4.4,407,174,15.8,60.5,0.8045
STN-04,20-01-2021 19:00,4.5,435,171,13.5,67.9,0.8905
STN-04,20-01-2021 20:00,4.7,432,164,12.1,66.2,0.8846
STN-04,20-01-2021 21:00,4,384,150,10.8,66.6,0.8922
STN-04,20-01-2021 22:00,3,411,157,7.5,68.3,0.8324
STN-04,20-01-2021 23:00,3.1,,154,5.7,69.4,0.7569
STN-04,21-01-2021 00:00,2.7,304,140,7.5,66,0.8317
STN-04,21-01-2021 01:00,2.4,241,,6.6,67.5,0.8433
STN-04,21-01-2021 02:00,1.7,133,,6.3,67.2,0.8471
STN-04,21-01-2021 03:00,1.2,179,125,5.8,65.2,0.7919
STN-04,21-01-2021 04:00,1,124,84,,64.4,0.7573
STN-04,21-01-2021 05:00,1.5,173,91,5.5,,0.8107
STN-04,21-01-2021 06:00,1.8,201,90,5.7,72.4,0.8469
STN-04,21-01-2021 07:00,3.8,419,,4.9,81.8,0.9449
STN-04,21-01-2021 08:00,5.2,561,181,6.9,80,0.9936
STN-04,21-01-2021 09:00,4.9,623,191,8.8,75.8,1.04
STN-04,21-01-2021 10:00,4.5,597,194,11.3,71,1.0324
STN-04,21-01-2021 11:00,3.6,470,172,12.6,70,1.0832
STN-04,21-01-2021 12:00,2.8,346,154,14.3,65.2,1.1125
STN-04,21-01-2021 13:00,2.9,295,137,15.2,62.7,1.131
STN-04,21-01-2021 14:00,2.7,248,107,14.4,66.3,1.1414
STN-04,21-01-2021 15:00,2.1,206,107,14.4,66.5,1.169
STN-04,21-01-2021 16:00,2.8,271,119,14.7,65.8,1.1932
STN-04,21-01-2021 17:00,3.4,353,150,13.7,64.3,1.1493
STN-04,21-01-2021 18:00,5.2,487,179,12.3,65.3,1.1876
STN-04,21-01-2021 19:00,5.1,528,178,11.6,73.2,1.276
STN-04,21-01-2021 20:00,3.7,426,149,10.4,75.9,1.2947
STN-04,21-01-2021 21:00,2.6,280,120,9.7,77.8,1.3363
STN-04,21-01-2021 22:00,2.6,321,112,9.7,81,1.3645
STN-04,21-01-2021 23:00,2.5,279,90,8.5,85.6,
STN-04,22-01-2021 00:00,2.3,288,95,8.4,81.9,1.3882
STN-04,22-01-2021 01:00,2.7,313,126.5055136,6.8,,1.3558
STN-04,22-01-2021 02:00,1.7,303,180.2354601,3.9,84.6,1.2237
STN-04,22-01-2021 03:00,1.3,267,27.57139956,3.3,80.8,1.1312
STN-04,22-01-2021 04:00,1.3,314,43.25047002,,85.8,1.069
STN-04,22-01-2021 05:00,1.5,397,97,0.6,87.1,1.0326
STN-04,22-01-2021 06:00,1.2,310,99,1.6,81.2,1.0215
STN-04,22-01-2021 07:00,2.1,432,112,2,83.8,1.0959
STN-04,22-01-2021 08:00,3.4,539,140,3.5,77.9,1.0856
STN-04,22-01-2021 09:00,3.5,617,167,4.9,72.3,1.0505
STN-04,22-01-2021 10:00,2.7,590,,8.2,60.6,0.9832
STN-04,22-01-2021 11:00,4,690,199,11.9,58.1,1.0544
STN-04,22-01-2021 12:00,3.3,554,178,12.6,47.3,0.9017
STN-04,22-01-2021 13:00,3,454,160,14.3,42,0.9349
STN-04,22-01-2021 14:00,4,492,168,14.1,43.8,0.9564
STN-04,22-01-2021 15:00,4,448,172,14.8,38,0.854
STN-04,22-01-2021 16:00,4.5,526,175,15.6,38.8,0.9013
STN-04,22-01-2021 17:00,5.8,745,216,13.3,42.8,0.8784
STN-04,22-01-2021 18:00,5.4,679,204,12.9,50,0.9944
STN-04,22-01-2021 19:00,6.4,692,217,12.8,57.2,1.089
STN-04,22-01-2021 20:00,5.9,614,226,12.4,61.7,1.1585
STN-04,22-01-2021 21:00,,482,206,10.2,64,1.1211
STN-04,22-01-2021 22:00,3.3,379,174,8.2,66.2,1.1245
STN-04,22-01-2021 23:00,2.6,260,133,6.5,64.6,1.0422
STN-04,23-01-2021 00:00,2.1,287,127,6.8,63.3,1.0233
STN-04,23-01-2021 01:00,1.4,278,108,4.9,64.4,
STN-04,23-01-2021 02:00,0.5,216,95,3.3,,0.8334
STN-04,23-01-2021 03:00,0,136,86,3.9,57.1,0.8457
STN-04,23-01-2021 04:00,0,1,20,3.1,60.5,0.8916
STN-04,23-01-2021 05:00,0,1,34,1.4,53.6,0.7379
STN-04,23-01-2021 06:00,0,1,33,0.4,59.2,0.7516
STN-04,23-01-2021 07:00,0.9,153,63,1.1,57.1,0.7487
STN-04,23-01-2021 08:00,2.6,288,92,2.2,59.7,0.8553
STN-04,23-01-2021 09:00,3,365,119,4.6,52,0.8444
STN-04,23-01-2021 10:00,2.4,275,113,6.8,44,0.7879
STN-04,23-01-2021 11:00,2,147,111,8.4,43.2,0.8244
STN-04,23-01-2021 12:00,2.2,159,124,10.6,41.8,
STN-04,23-01-2021 13:00,2.1,101,100,12.6,43.4,0.9126
STN-04,23-01-2021 14:00,1.4,81,94,12,38.6,0.8098
STN-04,23-01-2021 15:00,1.2,42,90,12.6,31.9,0.7436
STN-04,23-01-2021 16:00,1.2,51,101,12.3,36.7,0.7474
STN-04,23-01-2021 17:00,2.7,162,136,13.2,37.6,0.8074
STN-04,23-01-2021 18:00,4,282,149,11.8,41.5,0.8399
STN-04,23-01-2021 19:00,4.6,350,159,12.2,42.9,0.8951
STN-04,23-01-2021 20:00,3.8,326,149,9.3,51.9,0.8511
STN-04,23-01-2021 21:00,3.1,332,137,8.4,61.3,0.9196
STN-04,23-01-2021 22:00,2.8,346,134,7.9,66,0.9987
STN-04,23-01-2021 23:00,,278,121,6.5,65.7,0.9568
STN-04,24-01-2021 00:00,3.3,417,130,5,64.8,0.9058
STN-04,24-01-2021 01:00,2.7,354,,4.3,64.8,0.8937
STN-04,24-01-2021 02:00,1.9,242,90,4.2,61.9,0.8544
STN-04,24-01-2021 03:00,2.1,307,98,3.9,63,0.8486
STN-04,24-01-2021 04:00,1.4,222,63,2.2,66.7,0.8365
STN-04,24-01-2021 05:00,1.1,175,53,3.3,63.6,0.8104
STN-04,24-01-2021 06:00,1.5,179,77,3.9,67.2,0.8463
STN-04,24-01-2021 07:00,2.2,224,103,4.8,65.1,0.8792
STN-04,24-01-2021 08:00,4,433,135,5.6,62.6,0.8916
STN-04,24-01-2021 09:00,4,428,147,7.5,57.1,0.8715
STN-04,24-01-2021 10:00,4,429,150,10.6,46.5,0.8245
STN-04,24-01-2021 11:00,3.2,410,119,14.1,41.5,0.8744
STN-04,24-01-2021 12:00,3.3,386,118,15.4,37.8,0.8603
STN-04,24-01-2021 13:00,3.5,383,120,15.7,39.8,0.8999
STN-04,24-01-2021 14:00,2.7,360,,14.8,37.5,0.8214
STN-04,24-01-2021 15:00,1.8,236,108,13.7,37.1,0.7691
STN-04,24-01-2021 16:00,2.7,343,122,12.5,41.6,0.7387
STN-04,24-01-2021 17:00,3,380,120,12.7,44.4,0.7766
STN-04,24-01-2021 18:00,3.9,406,136,12.6,50.6,0.8806
STN-04,24-01-2021 19:00,3.4,389,128,11.4,51.3,0.9049
STN-04,24-01-2021 20:00,2.6,279,105,10.1,49.4,0.8631
STN-04,24-01-2021 21:00,2.2,257,113,10.3,43,0.8062
STN-04,24-01-2021 22:00,2.6,305,103,12.1,48.8,0.9246
STN-04,24-01-2021 23:00,3,308,105,12.3,55.7,1.0231
STN-04,25-01-2021 00:00,4.2,422,130,12.6,58.8,1.0842
STN-04,25-01-2021 01:00,3.4,355,116,11.6,60.8,1.0464
STN-04,25-01-2021 02:00,3.2,309,109,11.7,62.8,1.0625
STN-04,25-01-2021 03:00,2.5,271,101,10.3,63,0.9834
STN-04,25-01-2021 04:00,2,136,94,9.6,62.7,0.938
STN-04,25-01-2021 05:00,2,80,69,11.3,59.8,0.9567
STN-04,25-01-2021 06:00,1.4,30,64,11.9,58.7,0.9473
STN-04,25-01-2021 07:00,2.4,181,101,10.5,64,0.9836
STN-04,25-01-2021 08:00,4.3,470,143,11.8,65.6,1.0004
STN-04,25-01-2021 09:00,4.4,559,159,14,64.2,1.0274
STN-04,25-01-2021 10:00,4.5,659,191,16.7,52.8,0.9824
STN-04,25-01-2021 11:00,4.4,,206,16.4,56.3,0.9676
STN-04,25-01-2021 12:00,4.4,641,203,17.6,48.6,0.9397
STN-04,25-01-2021 13:00,4.1,549,192,17.7,44.5,0.8537
STN-04,25-01-2021 14:00,5.1,615,201,17.7,40.9,0.8253
STN-04,25-01-2021 15:00,5.2,628,197,18.2,43.2,0.8496
STN-04,25-01-2021 16:00,5.4,628,222,18.8,41.6,0.8711
STN-04,25-01-2021 17:00,5.7,668,251,17.1,42.5,0.8095
STN-04,25-01-2021 18:00,5.8,596,242,16,48,0.8759
STN-04,25-01-2021 19:00,6.6,636,229,13.9,56.1,0.9525
STN-04,25-01-2021 20:00,5.7,577,206,11.4,60,0.9152
STN-04,25-01-2021 21:00,5.2,550,194,,62.7,0.9283
STN-04,25-01-2021 22:00,4.7,509,181,9.8,66,0.9552
STN-04,25-01-2021 23:00,4,477,176,9.6,64.2,0.9172
STN-04,26-01-2021 00:00,3.9,408,181,8.9,66.3,0.9002
STN-04,26-01-2021 01:00,3.2,360,156,8.9,62.7,0.8223
STN-04,26-01-2021 02:00,3,344,137,5.9,63.2,0.756
STN-04,26-01-2021 03:00,3.3,374,156,5.6,63,0.7443
STN-04,26-01-2021 04:00,1.8,200,110,5.5,64,0.7307
STN-04,26-01-2021 05:00,1.8,221,104,7.1,56.7,0.7236
STN-04,26-01-2021 06:00,1.6,307,116,7,57.2,-0.208544555
STN-04,26-01-2021 07:00,3.3,497,156,8.3,51.4,0.7445
STN-04,26-01-2021 08:00,3.9,575,165,10.1,43.4,0.7331
STN-04,26-01-2021 09:00,4.6,583,181,11.9,40.7,0.7572
STN-04,26-01-2021 10:00,3.7,524,191,14.1,36.1,0.7531
STN-04,26-01-2021 11:00,3,472,162,16.3,27.8,0.7251
STN-04,26-01-2021 12:00,2.8,400,149,18.2,27.4,0.739
STN-04,26-01-2021 13:00,2.5,363,151,18.5,28.8,0.736
STN-04,26-01-2021 14:00,2.6,365,151,20,23.6,0.7248
STN-04,26-01-2021 15:00,2,402,166,20,21.3,0.6987
STN-04,26-01-2021 16:00,2.2,412,174,20.5,19.6,0.6627
STN-04,26-01-2021 17:00,3.1,521,207,20.5,15.4,0.5982
STN-04,26-01-2021 18:00,4.4,655,238,19.4,20.4,0.6574
STN-04,26-01-2021 19:00,3.6,602,234,18.4,22.5,0.6656
STN-04,26-01-2021 20:00,3.3,598,226,18.2,28.1,0.7178
STN-04,26-01-2021 21:00,2.7,594,223,16.3,34.3,
STN-04,26-01-2021 22:00,2.4,544,211,15.5,39.2,0.7377
STN-04,26-01-2021 23:00,3,547,194,14,39.4,0.6816
STN-04,27-01-2021 00:00,2.4,485,172,13,40.7,0.6514
STN-04,27-01-2021 01:00,2.4,502,151,12.6,,0.6938
STN-04,27-01-2021 02:00,2.4,522,141,10.9,48.4,0.6831
STN-04,27-01-2021 03:00,1.7,474,141,9.5,55.8,0.7175
STN-04,27-01-2021 04:00,1.5,485,123,8.9,58.8,0.6864
STN-04,27-01-2021 05:00,1.7,527,123,8.5,61,0.71
STN-04,27-01-2021 06:00,2.3,570,150,6.9,65.6,0.678
STN-04,27-01-2021 07:00,3.6,798,191,8.2,66.9,0.7436
STN-04,27-01-2021 08:00,5.1,913,232,9,64.6,0.7377
STN-04,27-01-2021 09:00,5.2,966,251,,60.4,0.7467
STN-04,27-01-2021 10:00,4.2,788,227,12.5,54,0.7402
STN-04,27-01-2021 11:00,4.9,795,210,13.5,47.1,0.6772
STN-04,27-01-2021 12:00,-2.172153073,750,,14.5,40,0.6232
STN-04,27-01-2021 13:00,4.4,695,163,15.3,39.8,0.6305
STN-04,27-01-2021 14:00,4.2,622,155,16.8,39.6,0.6618
STN-04,27-01-2021 15:00,4.3,671,162,16.7,44.4,0.6977
STN-04,27-01-2021 16:00,4.4,692,186,16.6,43.5,0.6986
STN-04,27-01-2021 17:00,4.7,667,197,15.3,41.6,0.6474
STN-04,27-01-2021 18:00,6.1,734,205,15.9,44.1,0.7178
STN-04,27-01-2021 19:00,5.3,635,188,13.3,47.7,0.6711
STN-04,27-01-2021 20:00,4.6,485,176,10.8,54.3,0.6888
STN-04,27-01-2021 21:00,4.1,,181,11.2,54.7,0.6876
STN-04,27-01-2021 22:00,3.3,412,169,10.8,58.5,0.7158
STN-04,27-01-2021 23:00,3.4,323,137,10.2,68,0.8233
STN-04,28-01-2021 00:00,2.7,249,126,9.7,71.4,0.8518
STN-04,28-01-2021 01:00,2.5,253,129,8.5,76.7,0.8664
STN-04,28-01-2021 02:00,,232,83,7.1,77.6,0.8393
STN-04,28-01-2021 03:00,2.4,257,93,6.9,82.1,
STN-04,28-01-2021 04:00,1.2,101,53,4.7,79.6,0.8206
STN-04,28-01-2021 05:00,1.1,98,53,3.5,,0.7509
STN-04,28-01-2021 06:00,0.6,128,61,3.9,68.7,0.6826
STN-04,28-01-2021 07:00,,242,88,3.6,67.1,0.6475
STN-04,28-01-2021 08:00,2.3,429,136,4.8,66,0.655
STN-04,28-01-2021 09:00,2,352,123,5.6,57.1,0.5896
STN-04,28-01-2021 10:00,2,384,144,8.3,52.2,0.5671
STN-04,28-01-2021 11:00,1.3,314,112,12,46.3,0.6306
STN-04,28-01-2021 12:00,0.8,337,128,11.6,41.2,0.517
STN-04,28-01-2021 13:00,0.3,246,115,11.9,36.4,0.471
STN-04,28-01-2021 14:00,0.9,255,116,12.2,38.8,0.5246
STN-04,28-01-2021 15:00,0.1,189,93,11.7,36.9,0.473
STN-04,28-01-2021 16:00,1.4,239,109,14,36,0.5784
STN-04,28-01-2021 17:00,2.1,259,,12.7,34.1,0.5401
STN-04,28-01-2021 18:00,3.4,320,134,12.3,32.6,0.5334
STN-04,28-01-2021 19:00,3.4,266,293.5477008,11.5,36.3,0.5692
STN-04,28-01-2021 20:00,3.9,335,136,9.4,36.9,0.4932
STN-04,28-01-2021 21:00,2.8,292,115,9.4,37.3,0.4805
STN-04,28-01-2021 22:00,2.7,262,120,10.6,36.6,0.5196
STN-04,28-01-2021 23:00,3.6,303,123,10.6,42.8,0.5802
STN-04,29-01-2021 00:00,4,345,132,10.1,41.1,0.5631
STN-04,29-01-2021 01:00,3.7,282,140,10.5,44.9,0.5985
STN-04,29-01-2021 02:00,2.8,250,119,9.7,48.7,0.6064
STN-04,29-01-2021 03:00,1.5,118,95,9.7,50.7,0.6322
STN-04,29-01-2021 04:00,1.6,42,79,7.7,54.3,0.5893
STN-04,29-01-2021 05:00,1.8,87,77,7.9,55.2,0.6369
STN-04,29-01-2021 06:00,1.4,3,77,5.9,50.2,0.5421
STN-04,29-01-2021 07:00,1.7,1,80,5.2,46.8,0.4656
STN-04,29-01-2021 08:00,2.9,119,122,6.1,49.2,0.5109
STN-04,29-01-2021 09:00,3,188,133,6.6,36.1,0.386
STN-04,29-01-2021 10:00,3.3,318,148,9.4,27.5,0.36
STN-04,29-01-2021 11:00,2.5,292,147,10.9,25.4,0.3386
STN-04,29-01-2021 12:00,2.9,393,165,12.2,23.7,0.344
STN-04,29-01-2021 13:00,,388,158,12.5,25.5,0.3882
STN-04,29-01-2021 14:00,2.3,339,141,13.1,14.1,0.2861
STN-04,29-01-2021 15:00,2.1,347,135,14.2,21.5,0.4056
STN-04,29-01-2021 16:00,3.8,497,158,14.1,20.7,0.3747
STN-04,29-01-2021 17:00,3.9,484,152,13.5,21.4,0.3679
STN-04,29-01-2021 18:00,4,466,159,12,29,0.4332
STN-04,29-01-2021 19:00,4.4,462,172,10.3,30.3,0.3936
STN-04,29-01-2021 20:00,4.6,507,169,8.5,35.4,0.3597
STN-04,29-01-2021 21:00,3.6,479,139,8.2,38.6,0.3953
STN-04,29-01-2021 22:00,2.8,379,107,6.5,40.5,0.3946
STN-04,29-01-2021 23:00,3.3,482,136,6.1,43.9,0.4323
STN-04,30-01-2021 00:00,3.2,455,133,5,43.3,0.4039
STN-04,30-01-2021 01:00,2.4,335,101,4.2,44.9,0.4096
STN-04,30-01-2021 02:00,2.5,324,83,3.6,51.7,0.4951
STN-04,30-01-2021 03:00,3.6,477,127,0.9,64.8,0.5486
STN-04,30-01-2021 04:00,3.9,510,110,1.2,64.9,0.5426
STN-04,30-01-2021 05:00,3.7,493,108,0.3,66.1,0.5582
STN-04,30-01-2021 06:00,3.5,494,145,-2.1,65.4,0.4533
STN-04,30-01-2021 07:00,3.4,557,163,-2.2,69.9,0.4943
STN-04,30-01-2021 08:00,4.2,595,162,-2.2,69.5,0.4524
STN-04,30-01-2021 09:00,4.7,634,184,-0.1,59.5,0.4376
STN-04,30-01-2021 10:00,4.2,595,174,1.4,60.5,0.4463
STN-04,30-01-2021 11:00,4.7,672,196,3.3,60.3,0.4787
STN-04,30-01-2021 12:00,5.2,672,194,4.5,53.9,0.4205
STN-04,30-01-2021 13:00,5.5,,190,6.1,51,
STN-04,30-01-2021 14:00,4.7,521,187,6,51.8,0.4165
STN-04,30-01-2021 15:00,4.3,564,196,5.6,52.5,0.4103
STN-04,30-01-2021 16:00,4.1,579,200,6.2,39.8,0.3086
STN-04,30-01-2021 17:00,4.5,551,194,6.5,45.7,0.3704
STN-04,30-01-2021 18:00,4,518,177,4.7,44.3,0.3294
STN-04,30-01-2021 19:00,4.9,524,187,1.9,,0.314
STN-04,30-01-2021 20:00,4.7,479,190,0.8,55.6,0.3936
STN-04,30-01-2021 21:00,4,460,173,1.5,56.9,0.4321
STN-04,30-01-2021 22:00,2.9,276,136,0.2,55.9,0.3875
STN-04,30-01-2021 23:00,2.9,259,126,-0.7,60.7,0.3651
STN-04,31-01-2021 00:00,2.4,309,135,-1.9,62.5,0.3243
STN-04,31-01-2021 01:00,2.3,300,120,-2.7,63.7,0.3165
STN-04,31-01-2021 02:00,,170,84,-2.1,63.8,0.3564
STN-04,31-01-2021 03:00,0.8,116,72,-1.9,66.4,0.4096
STN-04,31-01-2021 04:00,1.4,139,54,-2,73.3,0.4564
STN-04,31-01-2021 05:00,2.1,238,61,-1.8,72.9,0.4687
STN-04,31-01-2021 06:00,2.4,331,68,-1.7,81,0.5794
STN-04,31-01-2021 07:00,2.6,,109,-1.7,81.3,0.5802
STN-04,31-01-2021 08:00,3.3,499,127,-0.6,84.3,0.6525
STN-04,31-01-2021 09:00,4.1,,157,3.4,75,0.701
STN-04,31-01-2021 10:00,4,546,168,5.8,65.2,0.647
STN-04,31-01-2021 11:00,,552,,9.1,63.2,0.6512
STN-04,31-01-2021 12:00,3.7,488,,10.1,58.6,0.6094
STN-04,31-01-2021 13:00,2.7,351,132,11.6,54.9,0.5978
STN-04,31-01-2021 14:00,2.3,323,136,11.6,52,0.5551
STN-04,31-01-2021 15:00,3.1,378,149,11.8,49.8,0.5655
STN-04,31-01-2021 16:00,3.3,342,155,11.8,46.3,0.5369
STN-04,31-01-2021 17:00,3.9,432,172,11.8,45.8,0.5379
STN-04,31-01-2021 18:00,4,448,169,9.8,44.9,0.5025
STN-04,31-01-2021 19:00,4.2,502,178,7.3,52.8,0.5338
STN-04,31-01-2021 20:00,4.8,546,182,7.1,56.4,0.6223
STN-04,31-01-2021 21:00,4.5,546,185,6.2,54.9,0.5768
STN-04,31-01-2021 22:00,4.9,,186,6.7,57.2,0.624
STN-04,31-01-2021 23:00,5,586,172,5.6,60.7,0.6228
STN-04,01-02-2021 00:00,4.6,527,174,6.5,58.8,0.5755
STN-04,01-02-2021 01:00,5.1,530,172,6.4,56.8,0.5599
STN-04,01-02-2021 02:00,3.5,443,162,5.4,57.3,0.5278
STN-04,01-02-2021 03:00,2.8,516,158,3.4,61.4,0.4634
STN-04,01-02-2021 04:00,2.5,414,117,3.1,64.7,0.469
STN-04,01-02-2021 05:00,2.7,422,131,3.5,70.8,0.5691
STN-04,01-02-2021 06:00,2.2,328,126,3.7,66.5,0.5287
STN-04,01-02-2021 07:00,2.3,393,129,3.8,62.6,0.4736
STN-04,01-02-2021 08:00,2.8,346,145,4.9,60.5,0.4927
STN-04,01-02-2021 09:00,3.2,355,158,7.3,56.6,0.5314
STN-04,01-02-2021 10:00,,398,169,10.8,,0.5108
STN-04,01-02-2021 11:00,2,307,147,13.1,36.8,0.519
STN-04,01-02-2021 12:00,2.1,393,155,14,37.7,0.5395
STN-04,01-02-2021 13:00,2.5,381,175,14.5,37.1,0.5579
STN-04,01-02-2021 14:00,2.7,374,179,13.4,39.9,0.511
STN-04,01-02-2021 15:00,2.1,284,189,13.4,36.1,0.4593
STN-04,01-02-2021 16:00,2.8,325,199,14.1,38.8,
STN-04,01-02-2021 17:00,3.9,432,202,13.6,37.9,0.5584
STN-04,01-02-2021 18:00,5.1,,222,11.6,38.2,0.5292
STN-04,01-02-2021 19:00,5.6,579,222,12.7,40.7,0.5973
STN-04,01-02-2021 20:00,5.8,682,241,13,46.6,0.6724
STN-04,01-02-2021 21:00,5,612,230,12.5,53.4,0.7578
STN-04,01-02-2021 22:00,3.5,415,177,11,56.4,0.7755
STN-04,01-02-2021 23:00,,406,194,9.4,60.8,0.7852
STN-04,02-02-2021 00:00,3.4,335,181,8.9,60.6,0.8179
STN-04,02-02-2021 01:00,3.3,409,197,8.7,66,0.8981
STN-04,02-02-2021 02:00,2.7,365,182,7.7,61.8,0.8536
STN-04,02-02-2021 03:00,1.6,308,165,6.1,60.5,0.7664
STN-04,02-02-2021 04:00,1.1,237,136,5.2,58.6,0.713
STN-04,02-02-2021 05:00,0.8,201,127,4.6,57.2,0.6813
STN-04,02-02-2021 06:00,0.9,165,131,3.8,56.8,0.6546
STN-04,02-02-2021 07:00,2,241,140,2.8,58.7,0.6576
STN-04,02-02-2021 08:00,3.6,408,174,3.4,54.3,0.6143
STN-04,02-02-2021 09:00,4,428,181,3.2,52.5,0.6032
STN-04,02-02-2021 10:00,3.5,367,163,6.8,44,0.6244
STN-04,02-02-2021 11:00,3.2,365,161,9.1,42.7,0.6625
STN-04,02-02-2021 12:00,3.5,359,170,10.2,39.3,0.6106
STN-04,02-02-2021 13:00,3,343,170,10.6,36.5,0.5695
STN-04,02-02-2021 14:00,2.6,338,156,10.5,31.6,0.5074
STN-04,02-02-2021 15:00,,330,158,9.9,27.7,0.4329
STN-04,02-02-2021 16:00,3.4,412,157,11,25.1,0.4128
STN-04,02-02-2021 17:00,5.1,514,204,10.3,28.8,0.4103
STN-04,02-02-2021 18:00,5.2,538,210,9.1,36.6,0.4962
STN-04,02-02-2021 19:00,4.9,395,177,7.6,42.4,0.5182
STN-04,02-02-2021 20:00,4.6,368,155,6,46.5,0.5032
STN-04,02-02-2021 21:00,3.9,315,168,6.9,48.8,0.5648
STN-04,02-02-2021 22:00,3,219,140,7.4,44.8,0.5396
STN-04,02-02-2021 23:00,2,125,114,6.5,49.4,0.5773
STN-04,03-02-2021 00:00,2.5,213,135,6.7,47.1,0.581
STN-04,03-02-2021 01:00,1.8,122,102,6,51.3,0.6014
STN-04,03-02-2021 02:00,2.1,128,84,6.3,60.6,0.6973
STN-04,03-02-2021 03:00,2.2,199,123,5.2,59.5,0.6302
STN-04,03-02-2021 04:00,0.9,45,83,5.7,59.9,0.6106
STN-04,03-02-2021 05:00,1.9,158,106,4.1,67,0.6248
STN-04,03-02-2021 06:00,2.8,287,129,4.9,66.7,0.6207
STN-04,03-02-2021 07:00,4.5,437,162,2.89896756,63,0.626
STN-04,03-02-2021 08:00,5.4,,184,8.206675927,62.9,0.6792
STN-04,03-02-2021 09:00,4.8,611,180,6.6,62.7,0.6619
STN-04,03-02-2021 10:00,3.9,-223.4113731,195,8.3,53.2,0.6197
STN-04,03-02-2021 11:00,4.3,587,209,10.3,46.2,0.6027
STN-04,03-02-2021 12:00,4.3,566,,11.9,39.9,0.5611
STN-04,03-02-2021 13:00,3.9,535,206,12.2,46.8,0.5987
STN-04,03-02-2021 14:00,3,520,198,13.7,37.2,0.5172
STN-04,03-02-2021 15:00,2.1,389,189,13.3,34.7,0.4427
STN-04,03-02-2021 16:00,2,394,172,13.9,32,0.4092
STN-04,03-02-2021 17:00,-4.064588424,483,172,11.5,39.7,0.3948
STN-04,03-02-2021 18:00,4.5,584,193,9.7,49.5,0.4554
STN-04,03-02-2021 19:00,5.3,614,191,10.4,51.6,0.5268
STN-04,03-02-2021 20:00,4.8,467,164,11.3,55.3,
STN-04,03-02-2021 21:00,3.6,381,139,9.2,60.8,0.6137
STN-04,03-02-2021 22:00,2,237,122,7.1,56.4,0.5269
STN-04,03-02-2021 23:00,2.2,317,129,6.7,59,0.5409
STN-04,04-02-2021 00:00,,364,132,5.9,59.5,0.5254
STN-04,04-02-2021 01:00,2.3,377,115,6.1,62.5,0.547
STN-04,04-02-2021 02:00,1.6,283,102,6.6,65.2,0.5806
STN-04,04-02-2021 03:00,1.2,250,87,5.9,72.1,0.6249
STN-04,04-02-2021 04:00,1.4,211,82,6.2,69.2,0.6112
STN-04,04-02-2021 05:00,1.6,278,91,5.2,72.5,
STN-04,04-02-2021 06:00,2.4,258,77,5.6,75.4,0.6601
STN-04,04-02-2021 07:00,3.3,368,114,4.3,74,0.6023
STN-04,04-02-2021 08:00,3.3,368,114,4.3,74,0.6023
STN-04,04-02-2021 09:00,5.3,570,160,8.2,56,0.6184
STN-04,04-02-2021 10:00,4.3,550,174,9.5,51.6,0.585
STN-04,04-02-2021 11:00,2.6,,135,11,44.1,0.509
STN-04,04-02-2021 12:00,2.3,354,,10.9,46.3,0.4762
STN-04,04-02-2021 13:00,2.1,285,136,12.4,49,0.5637
STN-04,04-02-2021 14:00,1.8,246,121,12.3,49.6,0.5759
STN-04,04-02-2021 15:00,2.6,284,133,13,51,0.5997
STN-04,04-02-2021 16:00,2.5,256,124,12.9,50.6,0.5898
STN-04,04-02-2021 17:00,2.3,233,125,12.7,51.3,0.5848
STN-04,04-02-2021 18:00,4,387,140,10.6,57.7,0.6181
STN-04,04-02-2021 19:00,4.3,467,172,10.2,54.5,0.6193
STN-04,04-02-2021 20:00,4,437,191,8.5,58.2,0.6139
STN-04,04-02-2021 21:00,3.5,464,183,8.4,59.6,0.5798
STN-04,04-02-2021 22:00,2.6,357,174,6.5,,0.5466
STN-04,04-02-2021 23:00,2.6,283,161,5.1,61.1,0.4863
STN-04,05-02-2021 00:00,2.2,288,149,4.9,61.3,0.4543
STN-04,05-02-2021 01:00,2.4,248,141,6.1,58.2,0.4416
STN-04,05-02-2021 02:00,1.1,118,99,6.2,55.4,0.4595
STN-04,05-02-2021 03:00,1,65,96,5.6,55.2,0.4402
STN-04,05-02-2021 04:00,1.7,105,89,5.5,58.3,0.4713
STN-04,05-02-2021 05:00,1.1,77,81,3.9,58.4,0.4317
STN-04,05-02-2021 06:00,0.9,72,83,2.5,58.6,0.4234
STN-04,05-02-2021 07:00,1.4,88,85,2.9,60.8,0.5027
STN-04,05-02-2021 08:00,1.6,124,80,4.2,59.5,
STN-04,05-02-2021 09:00,1.7,229,85,6.2,55.7,0.5494
STN-04,05-02-2021 10:00,2,260,93,9,52.4,0.6158
STN-04,05-02-2021 11:00,1.9,195,96,10.5,52.5,0.6626
STN-04,05-02-2021 12:00,2.1,195,94,12.9,50.8,0.7017
STN-04,05-02-2021 13:00,2,196,106,13.9,48.6,0.7221
STN-04,05-02-2021 14:00,2.1,224,103,14.9,44.3,0.6771
STN-04,05-02-2021 15:00,1.7,219,109,15.1,42.9,0.6174
STN-04,05-02-2021 16:00,1.8,232,135,14.4,49.9,0.6589
STN-04,05-02-2021 17:00,2.5,296,148,14.1,51.1,0.7153
STN-04,05-02-2021 18:00,2.8,297,143,12.7,52.8,0.7224
STN-04,05-02-2021 19:00,4.5,424,174,11.9,52.2,0.7033
STN-04,05-02-2021 20:00,5.9,612,199,10.1,60.1,0.7203
STN-04,05-02-2021 21:00,4.2,,167,8.8,63.9,0.7571
STN-04,05-02-2021 22:00,3.7,381,168,8.2,66.4,0.7496
STN-04,05-02-2021 23:00,3.3,313,147,8,69.8,0.7578
STN-04,06-02-2021 00:00,2.7,275,,7.6,69.9,0.7599
STN-04,06-02-2021 01:00,2.4,192,113,8.6,65.8,0.761
STN-04,06-02-2021 02:00,2.6,92,118,8.4,64.6,0.7316
STN-04,06-02-2021 03:00,2.7,181,137,7.5,69.8,0.7484
STN-04,06-02-2021 04:00,2.2,151,109,6.9,71.2,0.7552
STN-04,06-02-2021 05:00,2.1,147,132,6.4,73.9,0.8136
STN-04,06-02-2021 06:00,2.3,191,148,5.3,77.6,0.8006
STN-04,06-02-2021 07:00,2.2,216,143,5.1,71.8,0.7439
STN-04,06-02-2021 08:00,2.2,,144,6.6,66.7,0.7494
STN-04,06-02-2021 09:00,2.2,266,145,9.3,61.9,0.789
STN-04,06-02-2021 10:00,1.4,202,147,11.6,51.4,0.7642
STN-04,06-02-2021 11:00,1,140,130,12.4,52.6,0.7921
STN-04,06-02-2021 12:00,1.8,203,120,12.8,51.8,0.8056
STN-04,06-02-2021 13:00,2.2,278,130,11.7,53.6,0.7327
STN-04,06-02-2021 14:00,1.7,178,100,12.6,52.1,0.7567
STN-04,06-02-2021 15:00,1.2,150,112,12.9,53.6,0.7345
STN-04,06-02-2021 16:00,2,206,119,14.8,52.1,0.7935
STN-04,06-02-2021 17:00,2.5,228,119,14.3,51.8,0.8084
STN-04,06-02-2021 18:00,3.5,368,159,11.9,56.1,0.7596
STN-04,06-02-2021 19:00,4.5,468,194,9.6,68.1,
STN-04,06-02-2021 20:00,,433,194,7,69.1,0.8129
STN-04,06-02-2021 21:00,,340,180,6.2,68.2,0.7964
STN-04,06-02-2021 22:00,2.5,259,166,5.4,67,0.7478
STN-04,06-02-2021 23:00,1,129,122,4.8,67.3,0.7781
STN-04,07-02-2021 00:00,0,45,103,5,66,0.8129
STN-04,07-02-2021 01:00,0.2,128,118,3.1,70.6,0.8037
STN-04,07-02-2021 02:00,0.5,184,127,2.3,68.9,0.7791
STN-04,07-02-2021 03:00,1.5,246,125,2.7,73.6,0.8596
STN-04,07-02-2021 04:00,0.7,157,82,2.5,73.1,0.823
STN-04,07-02-2021 05:00,1.1,185,92,1.9,73.2,0.7859
STN-04,07-02-2021 06:00,1.9,234,122,1.6,73.1,0.7863
STN-04,07-02-2021 07:00,1.3,192,118,2.1,72.6,0.7841
STN-04,07-02-2021 08:00,2.5,339,139,3.1,73.5,0.7616
STN-04,07-02-2021 09:00,3.5,520,172,5.1,67.6,0.7394
STN-04,07-02-2021 10:00,3.4,548,169,6.7,62.8,0.7276
STN-04,07-02-2021 11:00,3.1,487,170,8.5,50.5,0.6521
STN-04,07-02-2021 12:00,3.6,,191,8.8,43,0.5535
STN-04,07-02-2021 13:00,3.6,402,167,9.3,41.9,0.5952
STN-04,07-02-2021 14:00,3.9,428,173,10.6,45.6,0.6638
STN-04,07-02-2021 15:00,3.3,424,181,10.6,44.2,0.631
STN-04,07-02-2021 16:00,2.6,308,159,9.9,42.5,0.5896
STN-04,07-02-2021 17:00,3.3,369,170,9.7,,0.6608
STN-04,07-02-2021 18:00,4.1,425,162,8.2,52,0.7184
STN-04,07-02-2021 19:00,3.9,384,163,6.4,61,0.7446
STN-04,07-02-2021 20:00,4.9,493,,4.7,65.7,0.7622
STN-04,07-02-2021 21:00,3.8,,169,3.2,62.9,0.6761
STN-04,07-02-2021 22:00,3.3,309,139,3.1,69.2,0.7284
STN-04,07-02-2021 23:00,2.9,254,132,,66.7,0.7001
STN-04,08-02-2021 00:00,2.6,262,124,2.3,71.2,0.7473
STN-04,08-02-2021 01:00,3,243,116,2.2,67,0.6973
STN-04,08-02-2021 02:00,2.4,212,123,0.8,65.6,0.6264
STN-04,08-02-2021 03:00,1.1,79,,0.7,66.2,0.6425
STN-04,08-02-2021 04:00,1.9,88,85,0.3,70.7,0.6824
STN-04,08-02-2021 05:00,1.7,71,,0.7,70.2,0.6526
STN-04,08-02-2021 06:00,2.7,220,100,1.7,68.5,0.6495
STN-04,08-02-2021 07:00,3.6,419,138,2.1,68.3,0.6227
STN-04,08-02-2021 08:00,4.3,505,146,1.9,69.5,
STN-04,08-02-2021 09:00,3.1,411,147,3.5,60.6,0.5546
STN-04,08-02-2021 10:00,2.8,369,140,6.5,50.4,0.5201
STN-04,08-02-2021 11:00,3.4,473,178,7.1,46.1,0.4954
STN-04,08-02-2021 12:00,3.4,501,179,8.6,45.1,0.5122
STN-04,08-02-2021 13:00,3.5,509,200,8.3,41.6,0.4142
STN-04,08-02-2021 14:00,,458,168,-26.5979345,38.9,0.4056
STN-04,08-02-2021 15:00,2,418,164,3.973659254,35.1,0.3704
STN-04,08-02-2021 16:00,2.2,406,162,8.6,37.6,0.3638
STN-04,08-02-2021 17:00,2.6,444,162,7.4,43.2,0.3907
STN-04,08-02-2021 18:00,4.7,649,214,7.2,43.7,0.4109
STN-04,08-02-2021 19:00,4.8,636,207,5.8,49.4,0.4806
STN-04,08-02-2021 20:00,4.3,449,196,5.3,50.8,0.456
STN-04,08-02-2021 21:00,3.8,386,170,3.2,53.2,0.4245
STN-04,08-02-2021 22:00,,320,153,1.7,54.6,0.3883
STN-04,08-02-2021 23:00,3.5,304,144,2,64,0.5131
STN-04,09-02-2021 00:00,3,330,139,0.3,63.1,0.4493
STN-04,09-02-2021 01:00,3.4,339,126,2.8,61.7,0.528
STN-04,09-02-2021 02:00,2.6,302,116,2.6,59.3,0.5092
STN-04,09-02-2021 03:00,2.7,326,94,2.6,63.8,0.5255
STN-04,09-02-2021 04:00,2.2,215,51,3,52.4,0.3955
STN-04,09-02-2021 05:00,2.4,295,,1.7,53.9,0.3429
STN-04,09-02-2021 06:00,2,242,77,1.7,57.9,0.3836
STN-04,09-02-2021 07:00,3.3,322,,4.1,59.7,0.5021
STN-04,09-02-2021 08:00,3.9,345,110,4.4,55.9,0.4803
STN-04,09-02-2021 09:00,,351,121,6.8,53.6,0.5774
STN-04,09-02-2021 10:00,4,359,145,9.6,45.5,0.5475
STN-04,09-02-2021 11:00,4,467,168,12.7,41.8,0.5866
STN-04,09-02-2021 12:00,4.1,509,194,13.1,44.5,0.6482
STN-04,09-02-2021 13:00,4.4,477,183,13.2,43.4,0.6312
STN-04,09-02-2021 14:00,4.4,514,171,12.7,45.9,0.6525
STN-04,09-02-2021 15:00,3.9,472,153,14.1,42.1,0.6497
STN-04,09-02-2021 16:00,4.5,567,165,13.7,45.4,0.645
STN-04,09-02-2021 17:00,5.6,676,178,12.7,48.8,0.6515
STN-04,09-02-2021 18:00,6.2,673,190,12.1,50.3,0.7117
STN-04,09-02-2021 19:00,6,556,166,12.1,48.7,0.69
STN-04,09-02-2021 20:00,5.3,541,163,10.9,47.2,0.6206
STN-04,09-02-2021 21:00,3.7,415,159,9.4,46.1,0.5645
STN-04,09-02-2021 22:00,4,408,157,9.2,48,0.5838
STN-04,09-02-2021 23:00,3.8,451,166,8,49.5,0.525
STN-04,10-02-2021 00:00,3.6,391,164,7.2,48,0.4603
STN-04,10-02-2021 01:00,3.4,361,144,7,43.6,0.3864
STN-04,10-02-2021 02:00,3.7,310,119,6.7,40,0.3524
STN-04,10-02-2021 03:00,3.7,393,164,6.4,42.6,0.3377
STN-04,10-02-2021 04:00,2.9,275,118,7.2,45,0.3993
STN-04,10-02-2021 05:00,1.5,201,101,7.2,44.3,0.4123
STN-04,10-02-2021 06:00,2.6,299,115,6.6,49.2,0.4569
STN-04,10-02-2021 07:00,2.5,209,113,7.6,44.8,0.4473
STN-04,10-02-2021 08:00,3.7,414,147,8.6,42.5,0.4684
STN-04,10-02-2021 09:00,3.5,346,137,9.4,43.7,0.4912
STN-04,10-02-2021 10:00,2.9,295,143,13,35.3,0.4971
STN-04,10-02-2021 11:00,2.5,268,144,13.5,36.9,0.5046
STN-04,10-02-2021 12:00,2.4,267,137,15.7,37,0.5489
STN-04,10-02-2021 13:00,1.8,161,135,15.6,37.2,0.5743
STN-04,10-02-2021 14:00,2.3,228,141,15.8,41.8,0.6565
STN-04,10-02-2021 15:00,1.6,138,128,17,41.6,0.7208
STN-04,10-02-2021 16:00,2.5,198,131,17.4,39.3,0.715
STN-04,10-02-2021 17:00,3.3,246,149,16.1,48.1,0.7981
STN-04,10-02-2021 18:00,4.1,295,,14.1,55.4,0.8412
STN-04,10-02-2021 19:00,4.9,397,189,14.9,53.8,0.8746
STN-04,10-02-2021 20:00,,355,181,13.6,57.8,0.9175
STN-04,10-02-2021 21:00,3.5,228,157,11.4,67.1,0.975
STN-04,10-02-2021 22:00,2.8,171,136,10.1,62.2,0.8546
STN-04,10-02-2021 23:00,1.8,99,,10.6,54.8,0.8021
STN-04,11-02-2021 00:00,2.4,176,131,11.1,58.2,0.8364
STN-04,11-02-2021 01:00,1.5,140,126,8.3,62.1,0.7959
STN-04,11-02-2021 02:00,1.1,69,107,7.8,64.5,0.8091
STN-04,11-02-2021 03:00,1.5,188,119,7.4,66.7,0.8307
STN-04,11-02-2021 04:00,1.2,106,-71.38680601,6.2,69,0.8269
STN-04,11-02-2021 05:00,0.8,,72,6.6,67.4,0.8206
STN-04,11-02-2021 06:00,0.9,96,87,6.3,64.7,0.77
STN-04,11-02-2021 07:00,2.7,295,128,,62.3,0.7245
STN-04,11-02-2021 08:00,3.5,413,148,,59,0.7028
STN-04,11-02-2021 09:00,2.8,473,155,6.1,59.1,0.6999
STN-04,11-02-2021 10:00,1.8,351,154,9.5,47.7,0.7135
STN-04,11-02-2021 11:00,1.8,307,155,11.4,42,0.694
STN-04,11-02-2021 12:00,2,238,157,11.9,40.8,0.6978
STN-04,11-02-2021 13:00,2.5,320,152,13,37.2,0.6757
STN-04,11-02-2021 14:00,1.9,305,156,13.9,43.6,0.7434
STN-04,11-02-2021 15:00,1.3,,147,13,37,0.6453
STN-04,11-02-2021 16:00,1.9,217,165,12.4,36.9,0.5845
STN-04,11-02-2021 17:00,2.7,264,169,14.5,35.3,0.6565
STN-04,11-02-2021 18:00,2.2,159,142,12.6,31.7,0.6165
STN-04,11-02-2021 19:00,2.9,143,140,12.1,,0.7174
STN-04,11-02-2021 20:00,4.2,338,177,,47.5,0.7807
STN-04,11-02-2021 21:00,,232,154,9.7,52.5,0.7556
STN-04,11-02-2021 22:00,2.3,190,117,8.7,62.6,0.8163
STN-04,11-02-2021 23:00,2.1,228,114,7.6,69,0.8482
STN-04,12-02-2021 00:00,3,301,,8,67.4,0.8426
STN-04,12-02-2021 01:00,2.3,241,122,7.1,69.8,0.854
STN-04,12-02-2021 02:00,1.3,199,105,6.2,68.2,0.823
STN-04,12-02-2021 03:00,1.4,193,114,5.9,66.7,0.7981
STN-04,12-02-2021 04:00,1.5,159,105,6.3,,0.8134
STN-04,12-02-2021 05:00,1.4,217,119,6.4,61.7,0.7924
STN-04,12-02-2021 06:00,1.1,273,129,5.3,60.5,0.7027
STN-04,12-02-2021 07:00,2.8,368,142,5.5,62.6,0.6886
STN-04,12-02-2021 08:00,3.9,575,,5.7,63.7,0.7052
STN-04,12-02-2021 09:00,4.5,624,181,5.6,61,0.669
STN-04,12-02-2021 10:00,,553,163,8.6,60,0.6942
STN-04,12-02-2021 11:00,4.4,589,177,11.2,52.9,0.6878
STN-04,12-02-2021 12:00,3.8,485,150,12,53.8,0.7381
STN-04,12-02-2021 13:00,3,316,136,11.6,51.4,
STN-04,12-02-2021 14:00,3,326,140,10.9,51.5,0.6075
STN-04,12-02-2021 15:00,3.2,414,161,10.6,54.4,0.5905
STN-04,12-02-2021 16:00,3.6,533,192,10.6,56.3,0.5664
STN-04,12-02-2021 17:00,4.4,626,234,10.6,53.1,0.5363
STN-04,12-02-2021 18:00,4.9,634,218,9.2,59.1,0.5706
STN-04,12-02-2021 19:00,3.5,469,187,7.1,58.9,0.5505
STN-04,12-02-2021 20:00,3.5,419,184,4.9,62.7,0.5147
STN-04,12-02-2021 21:00,3.3,426,189,4.2,65.4,0.5446
STN-04,12-02-2021 22:00,2.8,378,167,3.8,68.7,0.554
STN-04,12-02-2021 23:00,2.5,296,159,4,64,0.5534
STN-04,13-02-2021 00:00,2,265,139,3.6,65,0.5419
STN-04,13-02-2021 01:00,1.6,217,111,3.6,64.9,0.5175
STN-04,13-02-2021 02:00,1.7,208,111,3.3,65.8,0.526
STN-04,13-02-2021 03:00,1.9,252,109,3.6,64.4,0.5211
STN-04,13-02-2021 04:00,2.1,220,86,3.5,61.9,0.5004
STN-04,13-02-2021 05:00,1.4,243,101,2.3,60.8,0.4375
STN-04,13-02-2021 06:00,1.1,308,116,2.3,60.3,0.4244
STN-04,13-02-2021 07:00,2.7,493,157,2.4,62.4,
STN-04,13-02-2021 08:00,3.9,627,173,3.5,61.9,0.4535
STN-04,13-02-2021 09:00,4.4,696,201,5.7,57.2,0.45
STN-04,13-02-2021 10:00,4,610,200,8,47.2,0.4152
STN-04,13-02-2021 11:00,3.1,518,196,9.9,,0.3718
STN-04,13-02-2021 12:00,2.3,440,172,9.2,37.4,0.2974
STN-04,13-02-2021 13:00,2.5,359,,7.9,42.2,0.2944
STN-04,13-02-2021 14:00,2.5,439,183,7.6,39.2,0.2573
STN-04,13-02-2021 15:00,1.6,346,180,8.6,37.6,0.2721
STN-04,13-02-2021 16:00,2.2,304,180,9.7,39.7,0.3462
STN-04,13-02-2021 17:00,2.6,256,164,9,44.3,0.3939
STN-04,13-02-2021 18:00,4.1,423,189,9.1,52.6,0.4992
STN-04,13-02-2021 19:00,5.3,493,199,7.7,61.5,0.5821
STN-04,13-02-2021 20:00,5.5,543,201,4.9,66.4,0.5924
STN-04,13-02-2021 21:00,4.3,,192,3.3,68,0.544
STN-04,13-02-2021 22:00,1.9,144,122,1.9,70.5,0.58
STN-04,13-02-2021 23:00,1.7,131,117,0.2,,0.5239
STN-04,14-02-2021 00:00,1.5,163,116,1,74.5,0.5449
STN-04,14-02-2021 01:00,1.2,131,112,0.3,79.1,0.5385
STN-04,14-02-2021 02:00,1,110,95,1.1,82.8,0.6304
STN-04,14-02-2021 03:00,0.8,86,,-1.3,85.3,0.563
STN-04,14-02-2021 04:00,1,147,86,-3,92.6,0.5849
STN-04,14-02-2021 05:00,0.3,127,66,-5,94.9,0.5579
STN-04,14-02-2021 06:00,0.7,166,93,-5.3,91.3,0.5149
STN-04,14-02-2021 07:00,1.4,158,111,-5.3,89.1,0.4987
STN-04,14-02-2021 08:00,3,357,136,-5.9,90.9,0.5287
STN-04,14-02-2021 09:00,3.7,428,164,-3.6,85.4,0.5643
STN-04,14-02-2021 10:00,3.3,411,165,-0.4,76.3,0.5625
STN-04,14-02-2021 11:00,2.5,292,159,2.3,69.7,0.5551
STN-04,14-02-2021 12:00,2.3,193,135,3.9,64.7,0.5274
STN-04,14-02-2021 13:00,1.9,143,131,4.5,56.9,0.4268
STN-04,14-02-2021 14:00,2.8,231,155,5.7,53,0.4183
STN-04,14-02-2021 15:00,2.5,232,156,6.7,50,0.453
STN-04,14-02-2021 16:00,2.9,268,166,3.8,59.8,0.4446
STN-04,14-02-2021 17:00,3,251,182,4.3,55.2,0.4442
STN-04,14-02-2021 18:00,2.9,265,178,1.9,58.9,0.4106
STN-04,14-02-2021 19:00,3.2,280,178,0.7,59.4,0.3969
STN-04,14-02-2021 20:00,3.9,343,188,-1,65.6,0.4079
STN-04,14-02-2021 21:00,3.4,338,166,-0.3,62,0.3876
STN-04,14-02-2021 22:00,3.5,357,174,-0.4,63.2,0.3926
STN-04,14-02-2021 23:00,3.2,320,165,-2,66.1,0.3646
STN-04,15-02-2021 00:00,3,245,152,-0.4,64.8,0.3824
STN-04,15-02-2021 01:00,3,236,141,-0.6,65.1,0.3699
STN-04,15-02-2021 02:00,2.6,184,127,0.1,65,0.3666
STN-04,15-02-2021 03:00,3.1,171,158,0.8,64.3,0.3929
STN-04,15-02-2021 04:00,2.7,177,137,0.2,64.8,0.3518
STN-04,15-02-2021 05:00,2.6,188,138,-1,67.7,
STN-04,15-02-2021 06:00,1.3,83,110,-1.9,67.2,0.3037
STN-04,15-02-2021 07:00,2.1,138,131,1.4,57.5,0.3061
STN-04,15-02-2021 08:00,4,379,181,2.3,55.1,0.331
STN-04,15-02-2021 09:00,4.3,398,190,3,51.9,0.3411
STN-04,15-02-2021 10:00,3.2,325,179,7.6,38.1,0.3166
STN-04,15-02-2021 11:00,2.9,312,186,8.7,33.1,0.2417
STN-04,15-02-2021 12:00,3.7,383,184,12.1,35.9,0.3479
STN-04,15-02-2021 13:00,3.4,397,186,12.3,39.3,0.3763
STN-04,15-02-2021 14:00,3.9,330,179,10.3,42.5,0.3638
STN-04,15-02-2021 15:00,3.5,300,190,11.4,40.5,0.3804
STN-04,15-02-2021 16:00,3.6,274,176,11.2,45,0.4561
STN-04,15-02-2021 17:00,4.7,379,208,10.7,45.1,0.453
STN-04,15-02-2021 18:00,6,458,225,10.3,45.8,0.4592
STN-04,15-02-2021 19:00,5.8,,212,10,49,0.5204
STN-04,15-02-2021 20:00,5.8,471,219,9.7,48.6,0.5233
STN-04,15-02-2021 21:00,4.7,394,203,9.6,47.6,0.52
STN-04,15-02-2021 22:00,3.7,281,190,8.1,52.7,0.5505
STN-04,15-02-2021 23:00,3.3,225,175,7.1,52,0.5012
STN-04,16-02-2021 00:00,3.1,218,162,4.9,54,0.4328
STN-04,16-02-2021 01:00,3.1,286,166,4.8,52.1,0.4032
STN-04,16-02-2021 02:00,2.7,219,132,4.2,54.3,0.4249
STN-04,16-02-2021 03:00,2.2,197,125,5.3,55.9,0.4893
STN-04,16-02-2021 04:00,1.8,111,95,5.3,58,0.518
STN-04,16-02-2021 05:00,2.3,175,122,3.9,57.7,0.4497
STN-04,16-02-2021 06:00,3.7,400,177,4.3,57.1,0.4533
STN-04,16-02-2021 07:00,3.5,492,201,3.5,56.9,0.3945
STN-04,16-02-2021 08:00,4.3,702,232,3.7,59.3,0.429
STN-04,16-02-2021 09:00,5.8,839,252,5.5,61.5,0.5066
STN-04,16-02-2021 10:00,5.4,829,255,7.5,63,0.5751
STN-04,16-02-2021 11:00,4.9,794,247,9.1,57.4,0.5067
STN-04,16-02-2021 12:00,4.1,658,229,8.2,57.6,0.4819
STN-04,16-02-2021 13:00,4.1,587,213,10.6,56.4,0.5682
STN-04,16-02-2021 14:00,4.2,601,220,10.7,60,0.5679
STN-04,16-02-2021 15:00,4.2,642,214,10,56.5,0.5217
STN-04,16-02-2021 16:00,4.3,699,228,8.6,59.3,0.5214
STN-04,16-02-2021 17:00,5.6,744,236,8.1,65.8,0.6104
STN-04,16-02-2021 18:00,5.8,769,243,7,68.9,0.6522
STN-04,16-02-2021 19:00,5.6,693,209,7.2,74.6,0.7599
STN-04,16-02-2021 20:00,5.2,637,191,5.6,77.8,0.7603
STN-04,16-02-2021 21:00,4.4,538,169,4.7,77.9,0.7461
STN-04,16-02-2021 22:00,3.4,439,159,3.5,79,0.7369
STN-04,16-02-2021 23:00,2.3,291,125,4.1,79.4,0.7831
STN-04,17-02-2021 00:00,2.4,324,142,5,74,0.8115
STN-04,17-02-2021 01:00,1.7,154,110,5.4,70,0.7638
STN-04,17-02-2021 02:00,1.7,239,124,5,69.1,0.7267
STN-04,17-02-2021 03:00,1.3,229,116,2.6,74.9,
STN-04,17-02-2021 04:00,1.6,275,100,2.7,77.2,0.7894
STN-04,17-02-2021 05:00,1.6,270,99,1.4,71.6,0.7047
STN-04,17-02-2021 06:00,2,305,107,1.2,78.8,0.7725
STN-04,17-02-2021 07:00,3.4,467,150,1.4,75.4,0.7498
STN-04,17-02-2021 08:00,5,612,180,1.7,76.7,0.7588
STN-04,17-02-2021 09:00,5.5,,185,2.6,,0.8522
STN-04,17-02-2021 10:00,3.7,471,163,4.7,72.1,0.8395
STN-04,17-02-2021 11:00,3.3,393,155,4.4,63.4,0.7293
STN-04,17-02-2021 12:00,3.5,372,171,6.2,58.3,0.7108
STN-04,17-02-2021 13:00,3,300,140,6.4,58.1,0.7042
STN-04,17-02-2021 14:00,3.3,259,124,7.8,56.5,0.7043
STN-04,17-02-2021 15:00,3.7,300,141,8.9,52.2,0.6884
STN-04,17-02-2021 16:00,3.3,302,146,7.5,57,0.6931
STN-04,17-02-2021 17:00,3,290,170,7.2,54.8,0.6747
STN-04,17-02-2021 18:00,3.4,346,181,6.2,58.8,0.7167
STN-04,17-02-2021 19:00,5.1,502,226,4.3,62.2,0.7298
STN-04,17-02-2021 20:00,4.2,451,190,3,66.8,0.7714
STN-04,17-02-2021 21:00,3.9,447,185,2.4,67.3,0.7922
STN-04,17-02-2021 22:00,3.6,348,153,2.1,73.9,0.8994
STN-04,17-02-2021 23:00,2.3,339,129,1.1,74.4,0.9039
STN-04,18-02-2021 00:00,1.6,,104,0.4,71,0.8359
STN-04,18-02-2021 01:00,1.6,175,90,-0.8,76.7,0.8432
STN-04,18-02-2021 02:00,0.7,102,66,0,75.4,0.8736
STN-04,18-02-2021 03:00,,91,86,1.3,73.2,0.9019
STN-04,18-02-2021 04:00,0.7,63,66,1,72.3,0.8663
STN-04,18-02-2021 05:00,0.3,143,83,-1.4,74.7,0.7886
STN-04,18-02-2021 06:00,0.5,146,99,-1.7,72.7,0.7709
STN-04,18-02-2021 07:00,1.8,276,151,-0.2,68,0.7898
STN-04,18-02-2021 08:00,4.3,499,203,1.1,65.1,0.804
STN-04,18-02-2021 09:00,4.3,481,190,2.6,61.8,0.8617
STN-04,18-02-2021 10:00,3.6,399,172,6.5,58,0.9148
STN-04,18-02-2021 11:00,4.1,451,178,10.5,56,1.0315
STN-04,18-02-2021 12:00,3.6,427,180,10.4,50.3,0.9574
STN-04,18-02-2021 13:00,2.4,306,173,10.6,,0.8222
STN-04,18-02-2021 14:00,2.7,449,204,10.4,42.7,0.8141
STN-04,18-02-2021 15:00,2.9,482,225,10.6,44.4,0.7983
STN-04,18-02-2021 16:00,4.5,597,237,8.8,,0.7573
STN-04,18-02-2021 17:00,5,676,249,7.6,49.9,0.7009
STN-04,18-02-2021 18:00,5.9,672,250,7.1,50.9,0.7104
STN-04,18-02-2021 19:00,6.2,735,276,7.2,52.7,0.7421
STN-04,18-02-2021 20:00,5.8,703,243,5.4,53.1,0.7098
STN-04,18-02-2021 21:00,4.9,564,227,5,,0.656
STN-04,18-02-2021 22:00,3.7,525,202,3.2,50.9,0.6054
STN-04,18-02-2021 23:00,3.5,488,205,4.1,51.4,0.6344
STN-04,19-02-2021 00:00,3,458,199,2.9,48.8,0.5263
STN-04,19-02-2021 01:00,2.3,365,178,2.9,49.3,
STN-04,19-02-2021 02:00,,402,148,3.1,49.1,0.4951
STN-04,19-02-2021 03:00,2.5,305,145,2,47.4,0.4003
STN-04,19-02-2021 04:00,2.6,353,136,1.2,49.6,0.3892
STN-04,19-02-2021 05:00,2.3,299,111,0.1,53.7,0.4346
STN-04,19-02-2021 06:00,3,356,123,-0.3,55.9,0.4466
STN-04,19-02-2021 07:00,,445,138,0.8,47.9,0.3642
STN-04,19-02-2021 08:00,4.9,579,174,2.2,47.3,0.4243
STN-04,19-02-2021 09:00,4.8,640,176,3.4,49.2,0.4675
STN-04,19-02-2021 10:00,4.2,553,182,5,43.6,0.436
STN-04,19-02-2021 11:00,2.6,366,166,5.5,40.2,0.3661
STN-04,19-02-2021 12:00,1.4,193,167,7.6,34.4,0.3453
STN-04,19-02-2021 13:00,2.2,246,187,8.4,24.1,0.2205
STN-04,19-02-2021 14:00,2.1,172,169,8.5,25.5,0.2584
STN-04,19-02-2021 15:00,2,,152,9.4,,0.2547
STN-04,19-02-2021 16:00,2.9,216,164,8.9,31.2,0.266
STN-04,19-02-2021 17:00,3.2,229,169,7.4,34.5,0.2542
STN-04,19-02-2021 18:00,3.9,243,183,5.8,37.5,0.2759
STN-04,19-02-2021 19:00,4.2,301,212,4.4,39.1,0.2588
STN-04,19-02-2021 20:00,4.2,300,200,4.3,,0.3112
STN-04,19-02-2021 21:00,3,243,185,1.7,51,0.3185
STN-04,19-02-2021 22:00,3.7,,185,-0.6,60.7,0.3171
STN-04,19-02-2021 23:00,3.6,363,167,-0.1,60.3,0.352
STN-04,20-02-2021 00:00,2.4,306,141,-0.7,60.6,0.3319
STN-04,20-02-2021 01:00,2.9,312,128,-1,63.7,0.3376
STN-04,20-02-2021 02:00,1.7,212,94,-0.7,67.5,0.3647
STN-04,20-02-2021 03:00,1.6,276,129,-0.4,68.7,0.384
STN-04,20-02-2021 04:00,1.5,173,99,0.7,65.1,0.3952
STN-04,20-02-2021 05:00,2.2,253,120,0.5,61.7,0.3559
STN-04,20-02-2021 06:00,1.5,223,112,1.7,57,0.3203
STN-04,20-02-2021 07:00,2.1,289,122,1.4,56.6,0.2674
STN-04,20-02-2021 08:00,3.6,424,152,1.7,59.6,0.3112
STN-04,20-02-2021 09:00,4,453,161,3.6,54.7,0.3352
STN-04,20-02-2021 10:00,4.3,553,195,5.8,46.3,0.2754
STN-04,20-02-2021 11:00,4.7,592,197,7.3,41.2,0.2447
STN-04,20-02-2021 12:00,4.3,656,198,8,38.7,0.2075
STN-04,20-02-2021 13:00,3.9,672,220,9.8,41.5,0.2705
STN-04,20-02-2021 14:00,3.1,526,,7.9,36.9,0.1385
STN-04,20-02-2021 15:00,3.2,458,187,8.3,35.8,0.1336
STN-04,20-02-2021 16:00,3.3,560,188,7.9,30.8,0.0564
STN-04,20-02-2021 17:00,4.1,653,210,6.5,32.8,0.05
STN-04,20-02-2021 18:00,4.9,647,224,5.5,36.8,0.0729
STN-04,20-02-2021 19:00,5.6,694,253,4.9,34.4,0.0551
STN-04,20-02-2021 20:00,5.3,614,223,6.3,32.9,0.1067
STN-04,20-02-2021 21:00,4,529,191,6.2,34.8,0.137
STN-04,20-02-2021 22:00,3.8,568,180,5.6,40,0.1811
STN-04,20-02-2021 23:00,4.3,520,168,7.1,45.1,0.3119
STN-04,21-02-2021 00:00,3.7,484,161,6,47,0.2686
STN-04,21-02-2021 01:00,2.1,290,99,5.8,45.3,0.256
STN-04,21-02-2021 02:00,1.6,258,95,5.2,44.6,0.2108
STN-04,21-02-2021 03:00,1.1,176,93,3.7,47.4,0.1989
STN-04,21-02-2021 04:00,1.9,247,77,3.8,55.1,0.2505
STN-04,21-02-2021 05:00,2.5,240,82,3.9,57,0.2603
STN-04,21-02-2021 06:00,2.3,183,71,2.3,64.5,0.285
STN-04,21-02-2021 07:00,3.3,341,113,1.7,61,0.2234
STN-04,21-02-2021 08:00,3.9,480,147,1.7,,0.2005
STN-04,21-02-2021 09:00,3.5,419,151,3.1,48,0.1315
STN-04,21-02-2021 10:00,3,343,149,6,41.1,0.1356
STN-04,21-02-2021 11:00,2.8,369,169,8.1,34.1,0.1045
STN-04,21-02-2021 12:00,2.5,328,149,9.5,29.8,0.0687
STN-04,21-02-2021 13:00,2.1,252,132,9.1,36.9,0.1392
STN-04,21-02-2021 14:00,2.7,283,122,8.2,34.2,0.0637
STN-04,21-02-2021 15:00,4,447,155,7.3,38.1,0.0754
STN-04,21-02-2021 16:00,3.3,384,156,7.1,35.1,0.0645
STN-04,21-02-2021 17:00,4.6,574,201,7.7,38.2,0.1251
STN-04,21-02-2021 18:00,5.2,629,208,5.9,42.6,0.1438
STN-04,21-02-2021 19:00,4.6,558,203,3.3,47,0.1256
STN-04,21-02-2021 20:00,4.2,508,195,4.3,48.7,0.2179
STN-04,21-02-2021 21:00,4.1,465,166,2.7,50.5,0.2144
STN-04,21-02-2021 22:00,3.8,418,158,2.5,53.3,0.2645
STN-04,21-02-2021 23:00,3.1,301,148,1.5,57.9,0.3086
STN-04,22-02-2021 00:00,3.3,264,141,2.1,55.8,0.3764
STN-04,22-02-2021 01:00,2.4,254,137,,57.2,0.3212
STN-04,22-02-2021 02:00,1.6,120,104,0,53.2,0.2712
STN-04,22-02-2021 03:00,1.7,173,119,-1.5,53.6,0.2627
STN-04,22-02-2021 04:00,1.3,221,98,-3.7,53.7,0.1767
STN-04,22-02-2021 05:00,1.8,312,124,-3.1,57,0.2094
STN-04,22-02-2021 06:00,1.7,307,136,-4.1,64,0.204
STN-04,22-02-2021 07:00,,328,141,-3.2,63.5,0.2799
STN-04,22-02-2021 08:00,3.4,472,165,-1.3,55,0.2666
STN-04,22-02-2021 09:00,4.5,570,172,0.9,46.9,0.213
STN-04,22-02-2021 10:00,4.3,504,174,,36.9,0.2055
STN-04,22-02-2021 11:00,4.3,500,160,5,30.2,0.1243
STN-04,22-02-2021 12:00,3.2,402,141,6,30.7,0.1382
STN-04,22-02-2021 13:00,3.1,339,146,7,23.2,0.0592
STN-04,22-02-2021 14:00,3.7,482,171,7.1,28.5,0.1014
STN-04,22-02-2021 15:00,3,409,164,7.8,22.9,0.05
STN-04,22-02-2021 16:00,2.8,376,159,8,23.6,0.0825
STN-04,22-02-2021 17:00,3.4,429,186,8.2,28.3,0.1369
STN-04,22-02-2021 18:00,4.6,499,212,,38.3,0.2935
STN-04,22-02-2021 19:00,4.8,551,231,5.2,42.6,0.2621
STN-04,22-02-2021 20:00,4.6,508,210,4.4,47.7,0.3165
STN-04,22-02-2021 21:00,2.9,415,205,3.7,46.1,0.2743
STN-04,22-02-2021 22:00,1.8,328,179,3.7,50.2,0.3513
STN-04,22-02-2021 23:00,3.1,375,179,4.2,54.3,0.3734
STN-04,23-02-2021 00:00,2.8,349,168,4,59,0.429
STN-04,23-02-2021 01:00,1.1,224,130,3.6,61.8,0.4257
STN-04,23-02-2021 02:00,1.5,341,129,2.6,60.5,0.3512
STN-04,23-02-2021 03:00,0.8,184,114,3.2,59.7,0.3799
STN-04,23-02-2021 04:00,0,10,71,2.3,59.8,0.3403
STN-04,23-02-2021 05:00,0,1,71,1.3,56.8,0.2523
STN-04,23-02-2021 06:00,0.4,115,97,0.8,59.9,0.2998
STN-04,23-02-2021 07:00,1.7,283,123,1.3,62.8,0.3948
STN-04,23-02-2021 08:00,3,373,,2.2,63,0.4298
STN-04,23-02-2021 09:00,3.2,437,181,3.8,56.4,0.4075
STN-04,23-02-2021 10:00,2.9,468,199,7,48.7,0.4081
STN-04,23-02-2021 11:00,3,409,202,9.6,42.4,0.4048
STN-04,23-02-2021 12:00,2.3,374,187,9.6,41.5,0.3544
STN-04,23-02-2021 13:00,2.4,363,178,8.9,47.2,0.3834
STN-04,23-02-2021 14:00,3.2,407,187,9.2,48.6,0.413
STN-04,23-02-2021 15:00,3.3,515,188,9.7,50.4,0.4401
STN-04,23-02-2021 16:00,4.7,646,224,10.4,47.7,0.4447
STN-04,23-02-2021 17:00,5.6,715,243,10.6,51.7,0.4987
STN-04,23-02-2021 18:00,5.2,698,233,7.9,53,0.4513
STN-04,23-02-2021 19:00,6.1,731,236,5.4,,0.4594
STN-04,23-02-2021 20:00,5.5,654,220,3.8,55.6,
STN-04,23-02-2021 21:00,4.5,560,204,3.9,54.8,0.435
STN-04,23-02-2021 22:00,3.3,379,166,4.7,55.5,0.4466
STN-04,23-02-2021 23:00,2.5,269,,4.3,59.9,0.4781
STN-04,24-02-2021 00:00,2.8,280,149,5,62.1,0.5165
STN-04,24-02-2021 01:00,2.4,234,123,4.9,66.3,0.5723
STN-04,24-02-2021 02:00,1.9,153,98,6.2,61.1,0.5775
STN-04,24-02-2021 03:00,0.9,72,95,4.3,61.7,0.5366
STN-04,24-02-2021 04:00,0.6,1,63,2.3,60.4,0.459
STN-04,24-02-2021 05:00,0.4,36,75,1.4,59.8,0.4443
STN-04,24-02-2021 06:00,0.7,84,70,2.4,59.5,0.4838
STN-04,24-02-2021 07:00,1.5,199,78,1.7,58.8,0.4305
STN-04,24-02-2021 08:00,3.2,362,106,4.3,57.4,0.5195
STN-04,24-02-2021 09:00,3.1,342,119,5.6,49.9,0.4711
STN-04,24-02-2021 10:00,3,421,134,8.7,39.7,0.4398
STN-04,24-02-2021 11:00,2.8,348,117,10.5,39.4,0.4477
STN-04,24-02-2021 12:00,2.7,242,117,10.8,40.2,0.4596
STN-04,24-02-2021 13:00,3.2,207,128,12.2,39.1,0.4637
STN-04,24-02-2021 14:00,2.9,176,130,13,38.8,0.5253
STN-04,24-02-2021 15:00,2.1,204,134,13.9,36.6,0.5648
STN-04,24-02-2021 16:00,2,209,149,14.6,27.7,0.4742
STN-04,24-02-2021 17:00,2.8,291,171,13,37.6,0.5568
STN-04,24-02-2021 18:00,4.2,407,192,11.4,39,0.5579
STN-04,24-02-2021 19:00,5.2,486,202,10.1,42,0.5625
STN-04,24-02-2021 20:00,4.1,357,176,8.8,42.6,0.5315
STN-04,24-02-2021 21:00,3,266,151,8.4,41.3,0.5054
STN-04,24-02-2021 22:00,1.9,148,119,8.1,44.8,0.5278
STN-04,24-02-2021 23:00,2.7,304,148,6.8,49.9,0.5734
STN-04,25-02-2021 00:00,3.2,351,157,5.9,55,0.6295
STN-04,25-02-2021 01:00,2.8,368,170,4.5,,0.5136
STN-04,25-02-2021 02:00,2.3,329,152,4.7,52.5,0.5453
STN-04,25-02-2021 03:00,3.6,486,196,3.4,52,0.4411
STN-04,25-02-2021 04:00,3.7,412,150,3,57.9,0.4952
STN-04,25-02-2021 05:00,3.7,473,,1.4,65.3,0.5138
STN-04,25-02-2021 06:00,3.8,530,157,2,61.7,0.4883
STN-04,25-02-2021 07:00,4.6,634,190,2.9,58.7,0.4913
STN-04,25-02-2021 08:00,5.9,822,246,4,56.2,0.4732
STN-04,25-02-2021 09:00,5.7,809,259,5,59.2,0.5888
STN-04,25-02-2021 10:00,5.7,811,273,7.3,51.6,0.5316
STN-04,25-02-2021 11:00,4.6,696,246,9.1,46.6,0.5047
STN-04,25-02-2021 12:00,5,672,233,10.9,46,0.5376
STN-04,25-02-2021 13:00,4.3,583,204,12.4,40.1,0.5167
STN-04,25-02-2021 14:00,4.2,530,192,12.5,38.5,0.534
STN-04,25-02-2021 15:00,4,,199,12.9,39,0.5376
STN-04,25-02-2021 16:00,5.2,592,219,13.2,40.6,0.5548
STN-04,25-02-2021 17:00,6.3,618,,12.5,36.2,0.4779
STN-04,25-02-2021 18:00,6.3,,203,11.5,39.6,0.5125
STN-04,25-02-2021 19:00,6.3,621,218,9.1,43.2,0.5009
STN-04,25-02-2021 20:00,5.9,548,197,9.1,49.5,0.5447
STN-04,25-02-2021 21:00,4.7,541,174,8.8,51.6,0.5468
STN-04,25-02-2021 22:00,3.6,373,121,7.7,60,0.634
STN-04,25-02-2021 23:00,3.1,383,123,7.2,57.1,0.5643
STN-04,26-02-2021 00:00,3.1,382,136,6.6,59.1,0.5439
STN-04,26-02-2021 01:00,2.2,267,128,6.5,58.7,0.5542
STN-04,26-02-2021 02:00,1.6,145,92,6.3,55.9,0.5293
STN-04,26-02-2021 03:00,1.9,169,117,6.1,60.4,0.5929
STN-04,26-02-2021 04:00,1.7,115,86,7.1,62.1,0.6359
STN-04,26-02-2021 05:00,1.3,148,81,6.7,63.8,0.6406
STN-04,26-02-2021 06:00,1.5,243,105,5.6,67.9,0.6374
STN-04,26-02-2021 07:00,2.4,324,136,5.2,64,0.581
STN-04,26-02-2021 08:00,4,475,175,5.9,63,0.5714
STN-04,26-02-2021 09:00,5.1,554,,8.5,55.3,0.5959
STN-04,26-02-2021 10:00,4.2,525,201,10.6,47.7,0.5858
STN-04,26-02-2021 11:00,3.5,438,182,12.2,43.6,0.5712
STN-04,26-02-2021 12:00,4.4,536,195,13.7,44.8,0.5869
STN-04,26-02-2021 13:00,4.4,508,,14,45.9,0.6221
STN-04,26-02-2021 14:00,3.5,423,182,13.5,47.1,0.5681
STN-04,26-02-2021 15:00,,393,168,14.5,47.1,0.6009
STN-04,26-02-2021 16:00,4.5,489,189,14,51.8,0.6557
STN-04,26-02-2021 17:00,5.4,538,,,52.8,0.6637
STN-04,26-02-2021 18:00,5.4,611,221,10.2,63.3,0.7117
STN-04,26-02-2021 19:00,5.5,648,220,8.3,65.1,0.6738
STN-04,26-02-2021 20:00,5.1,626,209,7.5,74.2,0.7735
STN-04,26-02-2021 21:00,4.3,531,190,7.3,72.2,0.704
STN-04,26-02-2021 22:00,3.9,491,182,6.3,72.9,0.7011
STN-04,26-02-2021 23:00,2.7,425,166,5.9,73.2,0.709
STN-04,27-02-2021 00:00,2.9,419,151,6.2,70.3,0.6664
STN-04,27-02-2021 01:00,2.6,462,158,6,70.7,0.6441
STN-04,27-02-2021 02:00,1.6,326,121,4.7,68.8,0.5928
STN-04,27-02-2021 03:00,1.9,414,132,3.6,74.1,0.6156
STN-04,27-02-2021 04:00,,465,139,2.1,72.7,0.5325
STN-04,27-02-2021 05:00,1.8,330,138,0.4,73.5,0.51
STN-04,27-02-2021 06:00,1.7,400,155,-0.5,72.4,0.469
STN-04,27-02-2021 07:00,2.9,524,176,-0.7,74.6,0.4754
STN-04,27-02-2021 08:00,4,672,200,1.6,72.4,0.5116
STN-04,27-02-2021 09:00,4.1,735,214,4.4,71.7,0.5679
STN-04,27-02-2021 10:00,3.1,667,196,7.2,60.5,0.5066
STN-04,27-02-2021 11:00,2.8,539,159,,46.2,0.409
STN-04,27-02-2021 12:00,3.3,587,171,9.9,46,0.4151
STN-04,27-02-2021 13:00,2.9,423,140,10.2,44.7,0.3979
STN-04,27-02-2021 14:00,2.1,390,120,11.3,,0.4018
STN-04,27-02-2021 15:00,3,454,,11.9,45.6,0.4658
STN-04,27-02-2021 16:00,2.8,491,159,11.7,48,0.4889
STN-04,27-02-2021 17:00,3.2,522,176,10,46.7,0.3925
STN-04,27-02-2021 18:00,3.3,509,176,9.1,51.6,0.4366
STN-04,27-02-2021 19:00,3.8,488,189,5.2,58.9,0.4351
STN-04,27-02-2021 20:00,3.3,408,185,3.6,52.8,0.3525
STN-04,27-02-2021 21:00,2.1,318,196,1.7,53.2,0.2609
STN-04,27-02-2021 22:00,2.3,341,194,1.1,54.1,0.2717
STN-04,27-02-2021 23:00,1.6,232,166,1.3,55.8,0.3181
STN-04,28-02-2021 00:00,2.2,289,165,0.6,63.3,0.3833
STN-04,28-02-2021 01:00,1.7,226,132,0.5,64.8,0.4053
STN-04,28-02-2021 02:00,1,91,114,0.8,66.2,0.4209
STN-04,28-02-2021 03:00,0.9,88,115,0.8,64.7,0.3764
STN-04,28-02-2021 04:00,0.4,54,82,0.3,65.1,0.3496
STN-04,28-02-2021 05:00,0.4,51,77,-0.3,72.1,0.4195
STN-04,28-02-2021 06:00,0.5,122,105,0.2,70.8,0.3795
STN-04,28-02-2021 07:00,1.7,229,125,1.5,62.2,0.3355
STN-04,28-02-2021 08:00,2.7,252,154,2.3,59,0.2914
STN-04,28-02-2021 09:00,2.5,,161,3.5,56.9,0.3113
STN-04,28-02-2021 10:00,3,278,171,5.6,48.2,0.2962
STN-04,28-02-2021 11:00,2.1,225,179,8.1,37.3,0.2234
STN-04,28-02-2021 12:00,1.8,187,170,10.4,31.4,0.1753
STN-04,28-02-2021 13:00,2.1,199,158,11.9,25.9,0.1744
STN-04,28-02-2021 14:00,2.4,196,147,,24,0.1018
STN-04,28-02-2021 15:00,1.8,96,122,11.1,26.7,0.1308
STN-04,28-02-2021 16:00,2,42,131,9.7,33.2,0.1699
STN-04,28-02-2021 17:00,2.8,141,147,11.64770463,36.7,0.357673092
STN-04,28-02-2021 18:00,3.7,200,161,12.79540925,40.1,0.527746183
STN-04,28-02-2021 19:00,4.9,252,175,14.64311388,44.6,0.751419275
STN-04,28-02-2021 20:00,4.1,153,149,16.1908185,53.1,1.006792367
STN-04,28-02-2021 21:00,3,118,138,17.73852313,55.1,1.127265458
STN-04,28-02-2021 22:00,3,126,141,17.23852313,60.2,1.168065458
STN-04,28-02-2021 23:00,2.6,202,144,16.33852313,64,1.166465458
STN-04,01-03-2021 00:00,2.4,80,106,22.53852313,61.3,1.395465458
STN-04,01-03-2021 01:00,1.7,1,81,23.43852313,62.2,1.445465458
STN-04,01-03-2021 02:00,1.3,1,62,22.73852313,69.3,1.479565458
STN-04,01-03-2021 03:00,1,1,39,24.53852313,73.5,1.571265458
STN-04,01-03-2021 04:00,,1,4,22.63852313,76,1.542765458
STN-04,01-03-2021 05:00,0.9,1,17,22.53852313,77.5,1.542765458
STN-04,01-03-2021 06:00,1.9,49,47,21.93852313,81,1.537865458
STN-04,01-03-2021 07:00,3.8,,99,22.23852313,79.6,1.525265458
STN-04,01-03-2021 08:00,4.7,383,140,8.9,75.6,0.7272
STN-04,01-03-2021 09:00,5.7,546,165,10.9,65.6,0.7002
STN-04,01-03-2021 10:00,4.7,449,162,12.7,60.4,0.6923
STN-04,01-03-2021 11:00,3.9,328,140,14.9,49.8,0.6217
STN-04,01-03-2021 12:00,2.6,197,111,14.9,48.2,0.5596
STN-04,01-03-2021 13:00,2.5,209,98,15.5,48,0.5263
STN-04,01-03-2021 14:00,3.1,248,95,14.8,51.9,0.4905
STN-04,01-03-2021 15:00,3.1,235,94,16.2,52.8,0.5585
STN-04,01-03-2021 16:00,3.2,235,93,14.5,52.4,0.5359
STN-04,01-03-2021 17:00,4.3,371,119,13.4,49,0.4956
STN-04,01-03-2021 18:00,5,392,136,11.9,47,0.4548
STN-04,01-03-2021 19:00,5.3,375,132,11.2,50.8,0.5303
STN-04,01-03-2021 20:00,5.3,409,134,8.8,56.6,0.5552
STN-04,01-03-2021 21:00,4.7,410,125,7.5,64.6,0.5896
STN-04,01-03-2021 22:00,4.1,399,127,7.2,60.8,0.5334
STN-04,01-03-2021 23:00,3,381,122,7.3,64.1,0.5854
STN-04,02-03-2021 00:00,2.8,372,113,7.5,65.3,0.6133
STN-04,02-03-2021 01:00,2.8,372,113,7.5,65.3,0.6133
STN-04,02-03-2021 02:00,1.4,66,56,5.4,63.9,0.5181
STN-04,02-03-2021 03:00,0.6,1,45,6.2,61.8,0.5245
STN-04,02-03-2021 04:00,0.6,1,22,5.5,64.4,0.5619
STN-04,02-03-2021 05:00,1.3,29,45,4.8,66.4,0.5739
STN-04,02-03-2021 06:00,1,13,46,4.6,69.9,0.581
STN-04,02-03-2021 07:00,2.2,91,60,5.2,63.1,0.5603
STN-04,02-03-2021 08:00,3.2,225,77,7,62.8,0.6014
STN-04,02-03-2021 09:00,3.2,246,83,8.5,61.2,0.6108
STN-04,02-03-2021 10:00,2.8,195,87,11,53.2,0.5895
STN-04,02-03-2021 11:00,2.7,182,77,14.1,52.6,0.6398
STN-04,02-03-2021 12:00,3.2,187,82,15.9,52.8,0.6603
STN-04,02-03-2021 13:00,3.4,,,16.7,54.2,0.7214
STN-04,02-03-2021 14:00,2.2,1,22,17.2,48.7,0.6718
STN-04,02-03-2021 15:00,2.2,28,34,15.5,45.3,0.5924
STN-04,02-03-2021 16:00,2.7,75,42,14.9,51,0.6425
STN-04,02-03-2021 17:00,2.8,135,61,14,103.3261481,0.634
STN-04,02-03-2021 18:00,3,84,59,13.4,58,0.7055
STN-04,02-03-2021 19:00,4.1,258,109,12.5,56.9,0.6814
STN-04,02-03-2021 20:00,3,207,89,10.8,60.7,0.6677
STN-04,02-03-2021 21:00,2.4,194,87,9.1,56.5,0.5798
STN-04,02-03-2021 22:00,1.5,3,57,9.4,55,0.5689
STN-04,02-03-2021 23:00,1.1,1,44,9.3,62.1,0.6399
STN-04,03-03-2021 00:00,1.6,55,47,8.4,66.6,0.6384
STN-04,03-03-2021 01:00,0.8,12,42,7.2,70.6,0.654
STN-04,03-03-2021 02:00,0.3,1,35,6.8,66.3,0.632
STN-04,03-03-2021 03:00,0,1,44,7.7,62.7,0.627
STN-04,03-03-2021 04:00,1.2,65,38,7.7,65.5,0.6482
STN-04,03-03-2021 05:00,2,113,63,7.3,64.1,0.6349
STN-04,03-03-2021 06:00,1.5,51,55,6.6,68.6,0.6821
STN-04,03-03-2021 07:00,1.3,25,39,7.4,62.1,0.669
STN-04,03-03-2021 08:00,2.8,132,78,9.2,57.9,0.7231
STN-04,03-03-2021 09:00,3.7,229,96,12.3,54.3,
STN-04,03-03-2021 10:00,3.3,281,117,15.3,49.9,0.8056
STN-04,03-03-2021 11:00,3.1,263,120,15.9,45.1,0.7736
STN-04,03-03-2021 12:00,2.2,221,114,17.5,41.3,0.7412
STN-04,03-03-2021 13:00,1.7,133,76,19.5,38.5,0.7698
STN-04,03-03-2021 14:00,2,177,66,21,43.4,0.8696
STN-04,03-03-2021 15:00,1.6,,68,21.9,40.7,0.8615
STN-04,03-03-2021 16:00,0.9,57,59,19.7,49.2,0.8879
STN-04,03-03-2021 17:00,1.4,107,,20.4,47,0.912
STN-04,03-03-2021 18:00,1.2,153,102,19.1,,0.9505
STN-04,03-03-2021 19:00,2.3,193,118,18.5,48.6,0.9837
STN-04,03-03-2021 20:00,3,309,148,,53.5,0.9217
STN-04,03-03-2021 21:00,2.8,289,124,14.8,58.4,0.9613
STN-04,03-03-2021 22:00,2.5,244,104,13.7,105.754971,0.9379
STN-04,03-03-2021 23:00,2.8,256,116,13.7,59,0.93
STN-04,04-03-2021 00:00,3.8,423,134,13,65.1,0.9613
STN-04,04-03-2021 01:00,3.1,348,126,11.7,61.3,0.8749
STN-04,04-03-2021 02:00,2.3,272,104,10.1,67.8,0.9097
STN-04,04-03-2021 03:00,1.4,224,102,8,70.7,0.8262
STN-04,04-03-2021 04:00,0.7,103,48,7.7,72.7,0.8199
STN-04,04-03-2021 05:00,0.8,142,53,6.4,73.4,0.7948
STN-04,04-03-2021 06:00,1.7,236,64,6.6,72.3,0.7927
STN-04,04-03-2021 07:00,2.4,281,81,6.6,72.1,0.8027
STN-04,04-03-2021 08:00,4.7,440,125,7.5,67.8,0.7843
STN-04,04-03-2021 09:00,4.3,359,122,9.3,65.1,0.7884
STN-04,04-03-2021 10:00,4.7,437,150,9.6,62.7,0.7058
STN-04,04-03-2021 11:00,4.4,377,137,11.8,59,0.7115
STN-04,04-03-2021 12:00,3.9,248,108,12.4,55.9,0.6726
STN-04,04-03-2021 13:00,2.8,127,82,13.4,54,0.6843
STN-04,04-03-2021 14:00,3.1,132,83,14,48.5,0.6805
STN-04,04-03-2021 15:00,3.8,263,93,14.8,50.1,0.7022
STN-04,04-03-2021 16:00,4.4,353,109,14.4,53.5,0.7068
STN-04,04-03-2021 17:00,4.3,,114,15.3,49,0.7278
STN-04,04-03-2021 18:00,4.1,309,107,14,45.1,0.6793
STN-04,04-03-2021 19:00,4.4,302,105,11.6,51.1,0.6832
STN-04,04-03-2021 20:00,4.7,307,114,11.3,57.5,0.7563
STN-04,04-03-2021 21:00,3.8,233,91,11.4,58.9,0.7759
STN-04,04-03-2021 22:00,2.6,121,60,10.7,67.2,0.8796
STN-04,04-03-2021 23:00,2.5,146,72,10.6,67.8,0.8512
STN-04,05-03-2021 00:00,2.3,217,78,8.9,66.6,0.7857
STN-04,05-03-2021 01:00,1.5,191,63,9,64.3,0.7825
STN-04,05-03-2021 02:00,0.8,60,30,8.5,69.2,0.832
STN-04,05-03-2021 03:00,0.8,82,49,8.5,74.1,0.8765
STN-04,05-03-2021 04:00,0,1,19,7.6,77.4,0.9019
STN-04,05-03-2021 05:00,,2,19,8.4,78.6,0.9392
STN-04,05-03-2021 06:00,0.1,1,26,8.9,76.4,0.922
STN-04,05-03-2021 07:00,2.1,191,63,9.2,77.9,0.9526
STN-04,05-03-2021 08:00,2.8,197,85,10.3,74,0.9617
STN-04,05-03-2021 09:00,3.6,265,104,11.2,76,1.0163
STN-04,05-03-2021 10:00,3.7,333,119,12.4,69.8,0.9949
STN-04,05-03-2021 11:00,3.1,256,115,15,62.8,0.9827
STN-04,05-03-2021 12:00,3.2,335,142,15.6,57.9,0.9554
STN-04,05-03-2021 13:00,3.5,322,124,17.3,49.4,0.8836
STN-04,05-03-2021 14:00,2.8,284,113,19.1,44.6,0.8852
STN-04,05-03-2021 15:00,2.7,246,114,20.2,45.2,0.9294
STN-04,05-03-2021 16:00,3,282,117,20.5,,0.9421
STN-04,05-03-2021 17:00,3.5,339,131,19.4,43.9,0.9244
STN-04,05-03-2021 18:00,4.3,372,126,17.6,45.4,0.9078
STN-04,05-03-2021 19:00,4.7,455,139,15.7,47.8,0.8994
STN-04,05-03-2021 20:00,13.63158713,344,124,14.3,50.7,0.9169
STN-04,05-03-2021 21:00,3.6,220,101,13.9,54.2,1.0087
STN-04,05-03-2021 22:00,2.5,223,113,12.5,51.1,0.9145
STN-04,05-03-2021 23:00,2.6,154,112,12.9,55.3,0.9755
STN-04,06-03-2021 00:00,3.4,268,129,13.6,50.5,0.9359
STN-04,06-03-2021 01:00,2.7,162,111,13,53.2,0.9249
STN-04,06-03-2021 02:00,2.5,181,84,13.6,62.3,1.0547
STN-04,06-03-2021 03:00,2,118,79,12.2,69.9,1.072
STN-04,06-03-2021 04:00,2.2,,60,13.1,,1.0911
STN-04,06-03-2021 05:00,1.8,123,55,12.8,71.8,1.1342
STN-04,06-03-2021 06:00,1,14,43,13.8,73.5,1.1911
STN-04,06-03-2021 07:00,1.8,156,73,13.7,67.3,1.1027
STN-04,06-03-2021 08:00,2.6,259,86,14.5,60.3,1.0818
STN-04,06-03-2021 09:00,2.2,322,100,15,58.6,1.0751
STN-04,06-03-2021 10:00,1.9,273,104,18,52.8,1.1252
STN-04,06-03-2021 11:00,2,222,99,20.2,52,1.1798
STN-04,06-03-2021 12:00,2.3,329,106,20.1,56.3,1.2248
STN-04,06-03-2021 13:00,2.4,297,101,20.4,57.4,1.2221
STN-04,06-03-2021 14:00,,171,87,19.1,55.2,1.1951
STN-04,06-03-2021 15:00,2.2,129,85,-36.87217534,54.1,1.1663
STN-04,06-03-2021 16:00,2.6,138,,19.7,49.5,1.137
STN-04,06-03-2021 17:00,3,165,105,19.5,47.2,1.1281
STN-04,06-03-2021 18:00,4.3,337,118,15.7,50.9,1.0755
STN-04,06-03-2021 19:00,5.1,378,132,15.5,49.4,1.0933
STN-04,06-03-2021 20:00,,484,145,16.1,56.2,1.1814
STN-04,06-03-2021 21:00,5,490,153,15,61.2,1.1737
STN-04,06-03-2021 22:00,5.3,520,159,14.2,66.6,1.1605
STN-04,06-03-2021 23:00,5.2,490,138,14.6,68.1,1.1842
STN-04,07-03-2021 00:00,4.5,452,128,14.3,61.2,1.1112
STN-04,07-03-2021 01:00,3.9,439,122,13.5,59.7,1.041
STN-04,07-03-2021 02:00,3.4,405,104,12.5,62.2,1.0354
STN-04,07-03-2021 03:00,3.3,312,107,10.3,63.2,0.9304
STN-04,07-03-2021 04:00,3.3,327,87,9.7,68,0.9601
STN-04,07-03-2021 05:00,2.2,195,82,10.8,68.3,1.012
STN-04,07-03-2021 06:00,2.9,326,104,10.9,67.2,0.9999
STN-04,07-03-2021 07:00,3.6,385,129,11.6,68.9,1.0805
STN-04,07-03-2021 08:00,3.8,,147,11.5,64.5,1.0449
STN-04,07-03-2021 09:00,3.2,404,152,13.4,62.8,1.1059
STN-04,07-03-2021 10:00,,456,180,15.4,53.4,1.0023
STN-04,07-03-2021 11:00,2.8,413,180,17.2,46.5,0.9459
STN-04,07-03-2021 12:00,2.8,372,161,16.2,48.7,0.9573
STN-04,07-03-2021 13:00,3.8,480,157,17.4,50.1,1.0001
STN-04,07-03-2021 14:00,4.4,522,164,17,46.9,0.948
STN-04,07-03-2021 15:00,4.1,450,155,16.3,46.2,0.917
STN-04,07-03-2021 16:00,4.4,555,182,16.7,43.2,0.8672
STN-04,07-03-2021 17:00,5.1,659,193,16.2,38.3,0.8011
STN-04,07-03-2021 18:00,5.3,693,189,15.3,39.7,0.8199
STN-04,07-03-2021 19:00,5.5,730,197,,47,0.896
STN-04,07-03-2021 20:00,4.7,614,177,12.3,47.1,0.8682
STN-04,07-03-2021 21:00,4,626,157,8.6,53.2,0.8255
STN-04,07-03-2021 22:00,3.6,530,134,8.3,57.3,0.8767
STN-04,07-03-2021 23:00,4.2,446,129,9.3,58.9,0.9333
STN-04,08-03-2021 00:00,3.6,369,118,9.8,56.5,0.9571
STN-04,08-03-2021 01:00,3.4,343,104,10.1,56.9,0.92
STN-04,08-03-2021 02:00,3.3,348,91,10.3,60.3,0.9677
STN-04,08-03-2021 03:00,3.1,337,88,9.4,56.5,0.8711
STN-04,08-03-2021 04:00,2.3,330,51,9.1,58.3,0.8694
STN-04,08-03-2021 05:00,1.4,229,43,9.1,55.4,0.8382
STN-04,08-03-2021 06:00,1.5,219,55,8.3,57.3,0.8611
STN-04,08-03-2021 07:00,2.1,289,87,8.7,48.3,0.797
STN-04,08-03-2021 08:00,3.6,384,121,11,47.2,0.8732
STN-04,08-03-2021 09:00,3.6,412,135,12.3,35.2,0.7769
STN-04,08-03-2021 10:00,4.1,445,146,15.2,28.6,0.7594
STN-04,08-03-2021 11:00,3.6,404,137,17.8,20,0.7304
STN-04,08-03-2021 12:00,4.1,409,136,19.5,16.2,0.7412
STN-04,08-03-2021 13:00,4,,144,20.7,14.5,0.7448
STN-04,08-03-2021 14:00,3.7,480,134,20,15.7,0.7105
STN-04,08-03-2021 15:00,3.4,457,125,19.5,17.6,0.7145
STN-04,08-03-2021 16:00,4.2,508,127,21.2,25.5,0.8461
STN-04,08-03-2021 17:00,5,597,127,21,,0.9635
STN-04,08-03-2021 18:00,5.3,551,130,20.8,39.8,1.0083
STN-04,08-03-2021 19:00,6.2,628,120,19.4,46,1.0668
STN-04,08-03-2021 20:00,5,464,101,18.3,44.2,1.0093
STN-04,08-03-2021 21:00,4.6,501,119,17.2,51.8,1.0724
STN-04,08-03-2021 22:00,3.5,339,100,14.9,56.7,1.0511
STN-04,08-03-2021 23:00,,293,97,13.7,58.1,1.0385
STN-04,09-03-2021 00:00,3.4,284,78,12.3,59.5,1.0046
STN-04,09-03-2021 01:00,3.1,278,75,13.4,58.1,1.0222
STN-04,09-03-2021 02:00,1.7,125,39,12.8,61.5,1.0513
STN-04,09-03-2021 03:00,0.9,64,37,11,59.9,0.9659
STN-04,09-03-2021 04:00,0.8,38,13,10.7,57.8,0.91
STN-04,09-03-2021 05:00,0.1,1,12,8.9,59.9,0.8558
STN-04,09-03-2021 06:00,0.2,1,26,8.9,59.9,0.8437
STN-04,09-03-2021 07:00,,129,54,8.4,61.1,0.855
STN-04,09-03-2021 08:00,2.3,258,77,8.3,60.2,0.8369
STN-04,09-03-2021 09:00,3.1,320,93,10.1,52.3,0.8198
STN-04,09-03-2021 10:00,2.6,292,83,13.1,41.3,0.7564
STN-04,09-03-2021 11:00,2.7,293,94,16.4,31.4,0.7367
STN-04,09-03-2021 12:00,2.2,243,81,17.2,29.8,0.7376
STN-04,09-03-2021 13:00,3.2,322,92,17.9,28.1,0.6786
STN-04,09-03-2021 14:00,2.9,297,74,16.5,27.5,0.591
STN-04,09-03-2021 15:00,2.9,288,62,16.3,25.4,0.5597
STN-04,09-03-2021 16:00,3,316,75,15.7,25.2,0.487
STN-04,09-03-2021 17:00,3.7,345,87,14,28.6,0.4439
STN-04,09-03-2021 18:00,4.6,429,112,12.2,36,0.485
STN-04,09-03-2021 19:00,3.6,292,94,11.6,38,0.5284
STN-04,09-03-2021 20:00,3.4,284,111,11.7,48.4,0.6591
STN-04,09-03-2021 21:00,3.2,255,107,11.9,49.7,0.6713
STN-04,09-03-2021 22:00,2.9,226,102,10.9,50,0.6034
STN-04,09-03-2021 23:00,3,253,107,10.8,52.4,0.6255
STN-04,10-03-2021 00:00,3.5,362,141,8.9,57.1,0.5974
STN-04,10-03-2021 01:00,3.3,245,106,8.7,60.3,0.639
STN-04,10-03-2021 02:00,4.1,289,116,7.6,68.7,0.6872
STN-04,10-03-2021 03:00,4.6,349,120,8.2,73.6,0.7843
STN-04,10-03-2021 04:00,4.1,323,86,7.8,77.2,0.7787
STN-04,10-03-2021 05:00,3.4,264,82,6.3,79.9,0.777
STN-04,10-03-2021 06:00,,181,,6.6,79.1,0.8086
STN-04,10-03-2021 07:00,3.8,338,90,7.5,76.3,0.8236
STN-04,10-03-2021 08:00,4.1,403,111,7.7,72.3,0.7619
STN-04,10-03-2021 09:00,4.7,417,104,9.8,66.5,0.7663
STN-04,10-03-2021 10:00,4.6,401,108,12.4,59.8,0.7758
STN-04,10-03-2021 11:00,,219,89,14.9,53.2,0.7829
STN-04,10-03-2021 12:00,3.7,276,101,16.4,50.5,0.791
STN-04,10-03-2021 13:00,4,260,99,16.9,43.7,0.6827
STN-04,10-03-2021 14:00,4.7,397,115,17.7,48.2,0.7175
STN-04,10-03-2021 15:00,5.5,453,123,19.1,50.6,0.7985
STN-04,10-03-2021 16:00,5.5,458,110,19.5,50.5,0.8235
STN-04,10-03-2021 17:00,7,592,144,18.6,59.8,0.9168
STN-04,10-03-2021 18:00,7,532,133,16.5,65.7,0.9894
STN-04,10-03-2021 19:00,6.5,423,118,16.6,66.8,1.037
STN-04,10-03-2021 20:00,6.5,517,122,15.1,78.9,1.1547
STN-04,10-03-2021 21:00,5.5,398,,15.2,72.7,1.1328
STN-04,10-03-2021 22:00,5,403,102,14.6,71.9,1.1329
STN-04,10-03-2021 23:00,5.3,,113,13.4,81.3,1.2119
STN-04,11-03-2021 00:00,5.6,450,114,13.6,83.7,1.2606
STN-04,11-03-2021 01:00,6,483,128,13.6,83.9,1.2552
STN-04,11-03-2021 02:00,5.4,513,,11.8,81.3,1.1996
STN-04,11-03-2021 03:00,,486,139,12.5,84.9,1.2807
STN-04,11-03-2021 04:00,5.1,437,117,13,82.7,1.2548
STN-04,11-03-2021 05:00,4.7,428,135,12.3,84.2,1.2612
STN-04,11-03-2021 06:00,3.6,350,131,13.4,80.8,1.2623
STN-04,11-03-2021 07:00,4.3,455,159,14.1,78.3,1.2823
STN-04,11-03-2021 08:00,5,569,166,14.4,76.1,1.3066
STN-04,11-03-2021 09:00,5.4,598,177,16.6,69.7,1.3232
STN-04,11-03-2021 10:00,,664,188,19.8,60.6,1.3428
STN-04,11-03-2021 11:00,5.2,620,178,19,62.2,1.299
STN-04,11-03-2021 12:00,5.4,599,187,21.1,59.3,1.2825
STN-04,11-03-2021 13:00,5.4,601,191,-7.797352965,60.3,1.2947
STN-04,11-03-2021 14:00,6.1,647,205,22.4,60,1.2938
STN-04,11-03-2021 15:00,5.5,583,176,23.1,57.7,1.2518
STN-04,11-03-2021 16:00,5.5,,182,22.7,52.6,1.2177
STN-04,11-03-2021 17:00,6.6,734,230,22.1,55.9,1.2483
STN-04,11-03-2021 18:00,7.3,873,245,,61.4,1.308
STN-04,11-03-2021 19:00,6.3,704,202,18,71,1.3794
STN-04,11-03-2021 20:00,4.9,633,,15.6,74.9,1.3135
STN-04,11-03-2021 21:00,4.7,696,198,13.3,80.5,1.3268
STN-04,11-03-2021 22:00,2.9,478,155,11.7,76.3,1.2199
STN-04,11-03-2021 23:00,2,317,121,10,79.4,1.1853
STN-04,12-03-2021 00:00,1.7,228,106,9.1,84.3,1.2119
STN-04,12-03-2021 01:00,2.1,250,88,9.8,83.7,1.2471
STN-04,12-03-2021 02:00,2.3,221,84,10.1,86.6,1.3134
STN-04,12-03-2021 03:00,2.1,211,89,10.6,87.8,1.3473
STN-04,12-03-2021 04:00,1.7,191,71,7.8,86.5,1.2711
STN-04,12-03-2021 05:00,2.2,268,77,5.5,90.6,1.205
STN-04,12-03-2021 06:00,2.6,282,96,5.9,94.8,1.2891
STN-04,12-03-2021 07:00,4.1,376,129,6.4,91.7,1.2709
STN-04,12-03-2021 08:00,4.6,448,153,6.9,89.7,1.261
STN-04,12-03-2021 09:00,4.7,448,171,8.2,80.1,1.2116
STN-04,12-03-2021 10:00,4.9,430,174,11.3,72.1,1.1952
STN-04,12-03-2021 11:00,4.2,362,152,12.5,66.1,1.1597
STN-04,12-03-2021 12:00,4,332,147,13.7,63.5,1.1017
STN-04,12-03-2021 13:00,3.6,237,125,13.5,61.2,1.0541
STN-04,12-03-2021 14:00,3.4,236,123,13.7,65.4,1.0763
STN-04,12-03-2021 15:00,2.6,218,131,13.8,61.5,1.0189
STN-04,12-03-2021 16:00,3.4,234,141,14.8,59.4,1.0614
STN-04,12-03-2021 17:00,3.1,224,114,14.1,61.1,
STN-04,12-03-2021 18:00,3.6,244,,14.7,60.8,1.1446
STN-04,12-03-2021 19:00,4.5,275,138,13.2,67.2,1.2018
STN-04,12-03-2021 20:00,4,272,147,12.1,67.8,1.1451
STN-04,12-03-2021 21:00,3.9,204,135,10.8,72.8,1.1805
STN-04,12-03-2021 22:00,4.2,216,121,9.2,72.8,1.1101
STN-04,12-03-2021 23:00,3.4,151,105,8.7,76,1.1151
STN-04,13-03-2021 00:00,4.1,198,105,8.3,77.3,1.1296
STN-04,13-03-2021 01:00,3.6,227,96,6.7,75.9,1.0344
STN-04,13-03-2021 02:00,3.2,214,70,7,76.8,1.0427
STN-04,13-03-2021 03:00,2.9,245,70,6.8,77.5,1.0503
STN-04,13-03-2021 04:00,2.4,168,29,6.1,82.2,1.0463
STN-04,13-03-2021 05:00,3.8,318,72,7.9,80.1,1.0945
STN-04,13-03-2021 06:00,3.7,393,79,,78.5,1.0769
STN-04,13-03-2021 07:00,3.9,507,108,7.6,73.9,1.0258
STN-04,13-03-2021 08:00,4.5,575,130,7.5,72.2,1.0376
STN-04,13-03-2021 09:00,4.2,491,108,9.5,67.2,1.0316
STN-04,13-03-2021 10:00,3.8,459,97,10.4,63.6,0.9878
STN-04,13-03-2021 11:00,3.5,383,105,12,64.6,1.0362
STN-04,13-03-2021 12:00,3.8,395,118,13.3,60.8,1.0062
STN-04,13-03-2021 13:00,3.5,349,117,14,55.4,
STN-04,13-03-2021 14:00,3.5,349,117,14,55.4,
STN-04,13-03-2021 15:00,3.2,352,101,12.8,54,0.897
STN-04,13-03-2021 16:00,3.5,363,122,11.9,48.4,0.7624
STN-04,13-03-2021 17:00,3.9,398,115,11.6,53.9,0.824
STN-04,13-03-2021 18:00,4.5,425,132,10.2,63.2,0.9521
STN-04,13-03-2021 19:00,5.2,439,134,10.3,69.1,1.0984
STN-04,13-03-2021 20:00,4.4,384,136,9.1,65.6,1.0646
STN-04,13-03-2021 21:00,3.6,288,118,9.2,71.9,1.1401
STN-04,13-03-2021 22:00,4.3,,125,9.5,73.5,1.1926
STN-04,13-03-2021 23:00,4.3,288,112,8.3,75.5,1.1397
STN-04,14-03-2021 00:00,4.6,262,109,7.2,76,1.1499
STN-04,14-03-2021 01:00,3.4,,79,6.2,81.1,1.1769
STN-04,14-03-2021 02:00,3,116,48,5.5,84.5,1.2235
STN-04,14-03-2021 03:00,2.9,128,52,5.7,86.1,1.2424
STN-04,14-03-2021 04:00,1.7,72,36,4.7,83.7,1.1676
STN-04,14-03-2021 05:00,1.1,133,48,5,83.2,1.1763
STN-04,14-03-2021 06:00,1.7,178,65,5.6,75.5,1.1167
STN-04,14-03-2021 07:00,2.6,293,90,4.8,81.8,1.1826
STN-04,14-03-2021 08:00,3.1,391,100,5.8,76.5,1.1706
STN-04,14-03-2021 09:00,3.2,400,121,7.7,70,1.1523
STN-04,14-03-2021 10:00,3.1,303,108,10.1,66.1,1.1894
STN-04,14-03-2021 11:00,2.4,205,115,12,59,1.1592
STN-04,14-03-2021 12:00,2.3,176,115,14.2,57.1,1.1902
STN-04,14-03-2021 13:00,2.4,201,119,14.8,59.7,1.1565
STN-04,14-03-2021 14:00,2.4,231,129,14.9,59.2,1.1475
STN-04,14-03-2021 15:00,2.8,308,150,15.2,55,1.112
STN-04,14-03-2021 16:00,2.7,253,159,15.6,59.4,1.1301
STN-04,14-03-2021 17:00,3.2,344,174,14.4,55.6,1.0569
STN-04,14-03-2021 18:00,3.4,,169,11.2,59.3,1.0546
STN-04,14-03-2021 19:00,3.5,371,181,9,63,1.0473
STN-04,14-03-2021 20:00,3.5,413,163,7.6,63.6,0.996
STN-04,14-03-2021 21:00,3.3,373,152,7.6,58.4,0.941
STN-04,14-03-2021 22:00,2.8,370,136,8.3,57.6,0.9621
STN-04,14-03-2021 23:00,2.9,332,136,7.6,61.6,1.0055
STN-04,15-03-2021 00:00,2.3,164,105,8.7,60.1,1.0255
STN-04,15-03-2021 01:00,2.5,177,104,7.7,,1.0258
STN-04,15-03-2021 02:00,1.7,101,80,9,68.9,1.1476
STN-04,15-03-2021 03:00,,58,76,8.2,77.7,1.2214
STN-04,15-03-2021 04:00,0.8,93,61,7.8,83.4,1.2615
STN-04,15-03-2021 05:00,1.9,212,68,8.3,86,1.3169
STN-04,15-03-2021 06:00,1.8,,67,7.5,83.7,1.272
STN-04,15-03-2021 07:00,2.5,345,95,8.4,79.4,1.2099
STN-04,15-03-2021 08:00,4.5,576,153,8.3,76,1.1707
STN-04,15-03-2021 09:00,4,495,132,9.3,68.9,1.1617
STN-04,15-03-2021 10:00,4,465,142,11.9,57.2,1.0879
STN-04,15-03-2021 11:00,2.8,329,126,13.8,52.2,1.0749
STN-04,15-03-2021 12:00,2.4,240,103,14.2,51.9,1.0751
STN-04,15-03-2021 13:00,3.1,244,120,16.7,47.2,1.0701
STN-04,15-03-2021 14:00,2.8,205,99,16.2,51.3,1.1173
STN-04,15-03-2021 15:00,2.7,211,93,17.9,51.2,1.1627
STN-04,15-03-2021 16:00,2.9,265,93,18.3,49.3,1.1465
STN-04,15-03-2021 17:00,4.2,441,132,16.8,50.4,1.1373
STN-04,15-03-2021 18:00,5.4,500,130,15.8,56.7,1.2068
STN-04,15-03-2021 19:00,5.3,495,113,13.7,64.2,1.2398
STN-04,15-03-2021 20:00,4.1,452,109,12.4,63,1.2112
STN-04,15-03-2021 21:00,2.6,275,103,11.8,63.5,1.2029
STN-04,15-03-2021 22:00,1.4,105,60,10.5,63.1,1.1949
STN-04,15-03-2021 23:00,1.9,77,64,8.8,65.3,1.1867
STN-04,16-03-2021 00:00,1.1,32,63,8.1,62.2,1.1734
STN-04,16-03-2021 01:00,1.1,56,58,7.6,63.5,1.144
STN-04,16-03-2021 02:00,0.4,1,45,6.8,62.3,1.1083
STN-04,16-03-2021 03:00,0,1,44,7.1,60.5,1.0788
STN-04,16-03-2021 04:00,0.1,1,23,6.5,66.6,1.1043
STN-04,16-03-2021 05:00,0.7,,49,5.3,68.3,1.0566
STN-04,16-03-2021 06:00,,1,45,6.6,63.4,1.0235
STN-04,16-03-2021 07:00,1.9,66,73,7.4,62.8,1.0405
STN-04,16-03-2021 08:00,2.1,44,75,10.2,52.1,1.0569
STN-04,16-03-2021 09:00,2.4,100,,13.3,48.3,1.1226
STN-04,16-03-2021 10:00,2.2,74,93,17.2,40,1.1518
STN-04,16-03-2021 11:00,2,56,101,18.8,29,1.0541
STN-04,16-03-2021 12:00,2.6,118,103,20.7,24.2,1.0703
STN-04,16-03-2021 13:00,3,107,102,21.1,22.4,1.0638
STN-04,16-03-2021 14:00,2.7,16,95,21.1,24.5,1.0481
STN-04,16-03-2021 15:00,2.5,85,86,21.6,35.3,1.1574
STN-04,16-03-2021 16:00,2.3,106,86,22.3,33.1,1.1647
STN-04,16-03-2021 17:00,3.1,231,124,20.3,37.1,1.1269
STN-04,16-03-2021 18:00,3.9,241,137,19.1,36.3,
STN-04,16-03-2021 19:00,3.4,213,143,17.9,40.8,1.0602
STN-04,16-03-2021 20:00,3.3,203,139,15.7,42.3,1.0561
STN-04,16-03-2021 21:00,2.6,183,128,13,50.3,1.0586
STN-04,16-03-2021 22:00,1.7,95,108,13.2,49.6,1.0251
STN-04,16-03-2021 23:00,0.9,25,89,14.4,46.9,1.0298
STN-04,17-03-2021 00:00,0.9,31,88,12.5,48.9,0.946
STN-04,17-03-2021 01:00,0.7,76,82,11.8,52.7,
STN-04,17-03-2021 02:00,0.8,,65,10.6,53.8,0.9015
STN-04,17-03-2021 03:00,0.7,190,92,10.4,54.1,0.9086
STN-04,17-03-2021 04:00,0.5,71,72,8.8,58.3,0.8763
STN-04,17-03-2021 05:00,0.5,66,70,8.6,62.4,0.9055
STN-04,17-03-2021 06:00,1.4,141,71,9.5,59.7,0.9553
STN-04,17-03-2021 07:00,2.3,188,100,10.1,56.5,0.932
STN-04,17-03-2021 08:00,4,358,136,12,58.9,1.0211
STN-04,17-03-2021 09:00,4.1,402,134,14.7,56.2,1.0962
STN-04,17-03-2021 10:00,4.5,428,146,16.3,52.7,1.0782
STN-04,17-03-2021 11:00,4,398,,18.8,47.2,1.0613
STN-04,17-03-2021 12:00,3.9,300,111,17.7,42.6,0.9638
STN-04,17-03-2021 13:00,3.6,285,99,18.5,43.4,0.9932
STN-04,17-03-2021 14:00,3.7,350,113,19.3,40.6,0.975
STN-04,17-03-2021 15:00,3.3,317,113,20.3,41.3,1.0076
STN-04,17-03-2021 16:00,4.1,302,113,20.8,40.8,1.0031
STN-04,17-03-2021 17:00,4.4,327,113,18.6,43.6,0.9801
STN-04,17-03-2021 18:00,4.4,418,113,15.8,44.5,0.9029
STN-04,17-03-2021 19:00,4.6,434,113,15.9,46.2,0.9325
STN-04,17-03-2021 20:00,3.1,251,113,13.5,45.6,0.8585
STN-04,17-03-2021 21:00,1.8,176,113,10.2,54.5,0.8592
STN-04,17-03-2021 22:00,2.3,85,85,9.7,,0.8997
STN-04,17-03-2021 23:00,2.1,47,89,10.1,60,0.9365
STN-04,18-03-2021 00:00,1.9,100,84,9.7,64.3,0.9837
STN-04,18-03-2021 01:00,1.3,8,46,7.8,65.8,0.946
STN-04,18-03-2021 02:00,0.9,13,38,9.4,66.9,1.004
STN-04,18-03-2021 03:00,1.2,63,54,11.1,,1.0122
STN-04,18-03-2021 04:00,1.9,48,40,10.8,67.2,1.0681
STN-04,18-03-2021 05:00,3,152,63,10,71,1.0852
STN-04,18-03-2021 06:00,3,198,80,9.7,71.1,1.0641
STN-04,18-03-2021 07:00,3.7,288,94,10.1,67.7,1.0556
STN-04,18-03-2021 08:00,4.5,407,130,10.8,65.1,1.0635
STN-04,18-03-2021 09:00,4.7,433,139,12.6,62.9,
STN-04,18-03-2021 10:00,3.6,413,139,13.3,57.5,1.0509
STN-04,18-03-2021 11:00,3.5,408,137,14.7,55.1,1.0479
STN-04,18-03-2021 12:00,3.4,342,110,15.1,55.6,1.055
STN-04,18-03-2021 13:00,3.2,264,99,15.7,51.2,0.9877
STN-04,18-03-2021 14:00,3.6,353,114,15.1,49.5,0.9485
STN-04,18-03-2021 15:00,3.5,440,122,14.6,52.2,0.9302
STN-04,18-03-2021 16:00,3.8,476,,14.5,53.4,0.9046
STN-04,18-03-2021 17:00,3.1,408,119,14.4,48.6,0.8949
STN-04,18-03-2021 18:00,2.9,388,138,12.6,51.3,0.886
STN-04,18-03-2021 19:00,3.4,447,155,11,52.5,0.8466
STN-04,18-03-2021 20:00,3.2,386,130,10.7,56.2,0.9036
STN-04,18-03-2021 21:00,3,381,133,9,63.7,0.9251
STN-04,18-03-2021 22:00,2.4,271,120,8.5,67.3,0.9683
STN-04,18-03-2021 23:00,2.1,277,121,8.6,61.4,0.9547
STN-04,19-03-2021 00:00,1.9,280,108,7.8,65.1,0.9983
STN-04,19-03-2021 01:00,1.6,184,80,8.6,67.8,
STN-04,19-03-2021 02:00,0.4,67,53,8.4,67.9,1.0057
STN-04,19-03-2021 03:00,0.7,148,70,7.2,73.5,1.0092
STN-04,19-03-2021 04:00,0.6,90,34,6.5,77,1.0447
STN-04,19-03-2021 05:00,0.7,63,14,5.2,82.8,1.0565
STN-04,19-03-2021 06:00,0.9,26,23,6.3,85.4,1.1348
STN-04,19-03-2021 07:00,2.6,263,92,7.2,78.1,1.0986
STN-04,19-03-2021 08:00,3.2,288,96,7.1,73.7,1.0583
STN-04,19-03-2021 09:00,3.1,244,86,9.5,65,1.0153
STN-04,19-03-2021 10:00,3.1,207,101,12.1,62.1,1.0689
STN-04,19-03-2021 11:00,3.2,255,104,14.1,57.8,1.0401
STN-04,19-03-2021 12:00,3.4,235,88,15.5,53.7,1.0159
STN-04,19-03-2021 13:00,4.3,232,88,16.5,50.3,0.9759
STN-04,19-03-2021 14:00,4.3,248,84,16.1,,0.9285
STN-04,19-03-2021 15:00,3.5,272,93,16.3,48.8,0.9703
STN-04,19-03-2021 16:00,3.1,219,90,16.7,46.1,0.9807
STN-04,19-03-2021 17:00,3.6,209,102,17.8,49.7,
STN-04,19-03-2021 18:00,4.2,186,106,16.5,56.5,1.1687
STN-04,19-03-2021 19:00,5,243,123,14.6,59.9,1.1763
STN-04,19-03-2021 20:00,,154,98,13.3,56.5,1.1403
STN-04,19-03-2021 21:00,3.3,36,73,12.9,,1.1435
STN-04,19-03-2021 22:00,3,33,74,11.2,63,1.1397
STN-04,19-03-2021 23:00,3,101,59,11.9,67.1,1.2243
STN-04,20-03-2021 00:00,1.8,45,52,13.2,65.9,1.2156
STN-04,20-03-2021 01:00,1.7,80,33,-7.177425884,69.5,1.2086
STN-04,20-03-2021 02:00,2,106,42,11.4,72.9,1.2367
STN-04,20-03-2021 03:00,2.2,124,55,10.8,69.1,
STN-04,20-03-2021 04:00,2.6,112,39,11.2,70.2,1.163
STN-04,20-03-2021 05:00,2.8,214,50,9.6,72.9,1.1032
STN-04,20-03-2021 06:00,2.9,284,76,9,69.6,1.0308
STN-04,20-03-2021 07:00,,344,112,9.6,63.6,0.999
STN-04,20-03-2021 08:00,3.9,401,,9.5,61.1,0.974
STN-04,20-03-2021 09:00,4.3,499,151,11.6,60.3,1.0222
STN-04,20-03-2021 10:00,3.2,346,118,14.7,52.1,1.0081
STN-04,20-03-2021 11:00,2.7,270,103,17.5,49.5,1.0765
STN-04,20-03-2021 12:00,2.9,235,101,18.4,47.2,1.0655
STN-04,20-03-2021 13:00,2.7,140,72,17.4,44.2,0.9853
STN-04,20-03-2021 14:00,3.1,238,88,17,45,0.9419
STN-04,20-03-2021 15:00,3.1,308,108,17.2,41.7,0.9065
STN-04,20-03-2021 16:00,3.4,,112,15.9,46.3,0.9001
STN-04,20-03-2021 17:00,4.3,437,150,15.4,41.1,0.869
STN-04,20-03-2021 18:00,5.3,537,164,14.9,45.9,0.9378
STN-04,20-03-2021 19:00,4.9,488,,12,51.7,0.9398
STN-04,20-03-2021 20:00,3.8,453,153,8.7,56.7,0.8638
STN-04,20-03-2021 21:00,2.6,400,158,7.9,,0.8142
STN-04,20-03-2021 22:00,,253,128,7.7,46.2,0.7453
STN-04,20-03-2021 23:00,1.9,294,120,7.5,45.1,0.7266
STN-04,21-03-2021 00:00,1.5,312,116,7.5,44.7,0.7152
STN-04,21-03-2021 01:00,0.8,268,107,7.6,38.9,0.5955
STN-04,21-03-2021 02:00,1.4,234,93,6.6,39.9,0.5628
STN-04,21-03-2021 03:00,0.5,207,109,5.6,37.6,
STN-04,21-03-2021 04:00,0.7,135,80,5,37.9,0.4368
STN-04,21-03-2021 05:00,0.7,112,70,4.5,45,0.4761
STN-04,21-03-2021 06:00,0.7,73,57,5.2,45.5,
STN-04,21-03-2021 07:00,2.9,294,108,7.3,37.8,0.4909
STN-04,21-03-2021 08:00,5.1,560,160,9.7,33.3,
STN-04,21-03-2021 09:00,5.6,596,156,11.3,26.4,0.492
STN-04,21-03-2021 10:00,5.2,552,151,14.3,21.1,0.5149
STN-04,21-03-2021 11:00,5,551,153,15.4,15.9,0.4633
STN-04,21-03-2021 12:00,4.3,467,126,17.9,15.7,0.5184
STN-04,21-03-2021 13:00,4.3,473,115,18.8,16,0.5306
STN-04,21-03-2021 14:00,4.7,474,125,18.9,15.1,0.4986
STN-04,21-03-2021 15:00,4,441,111,18.3,18.5,0.5199
STN-04,21-03-2021 16:00,4.2,453,125,18.3,19.4,0.5248
STN-04,21-03-2021 17:00,3.9,431,137,17.6,21.3,0.5331
STN-04,21-03-2021 18:00,5.1,544,165,16.2,27.2,0.6199
STN-04,21-03-2021 19:00,4.5,442,148,14.9,27,0.5839
STN-04,21-03-2021 20:00,4.6,455,151,13.1,30.5,0.5782
STN-04,21-03-2021 21:00,3,339,124,12.8,30.6,0.5681
STN-04,21-03-2021 22:00,1.9,210,97,11.7,40.5,0.6281
STN-04,21-03-2021 23:00,1,102,61,11.3,41.7,0.6098
STN-04,22-03-2021 00:00,1.1,106,45,12.9,41.1,0.6076
STN-04,22-03-2021 01:00,1.1,126,26,13.3,42,0.6426
STN-04,22-03-2021 02:00,0.7,25,14,12,44.7,0.6345
STN-04,22-03-2021 03:00,0.7,65,23,11.9,46,0.6342
STN-04,22-03-2021 04:00,1.1,96,23,12.4,51.5,0.7211
STN-04,22-03-2021 05:00,1.5,154,24,10.8,58.2,0.7485
STN-04,22-03-2021 06:00,2,176,36,10,58.5,0.743
STN-04,22-03-2021 07:00,2.7,174,53,10,63.3,0.8273
STN-04,22-03-2021 08:00,3,261,83,9.7,61.7,0.8155
STN-04,22-03-2021 09:00,3.5,362,,11.2,59.1,0.8674
STN-04,22-03-2021 10:00,2.6,,,13.8,51.1,0.87
STN-04,22-03-2021 11:00,3.6,300,105,13.9,44.5,0.7778
STN-04,22-03-2021 12:00,3.5,269,109,14.8,36.3,0.7327
STN-04,22-03-2021 13:00,4.2,310,119,16.8,,0.8086
STN-04,22-03-2021 14:00,4.1,257,110,18.3,37.5,0.8493
STN-04,22-03-2021 15:00,2.8,220,115,18.7,34,0.8181
STN-04,22-03-2021 16:00,2.9,194,128,19,29.7,0.7545
STN-04,22-03-2021 17:00,3.1,165,127,20.4,30.1,0.8461
STN-04,22-03-2021 18:00,3.9,314,146,19.4,34.7,0.8808
STN-04,22-03-2021 19:00,4.5,,159,17.1,40.1,0.9086
STN-04,22-03-2021 20:00,5.1,444,170,14.6,44.6,0.9009
STN-04,22-03-2021 21:00,5,497,171,12.5,48.5,0.8798
STN-04,22-03-2021 22:00,4.5,493,165,11.5,46.7,0.7917
STN-04,22-03-2021 23:00,4.2,499,174,9.7,47.3,0.7229
STN-04,23-03-2021 00:00,4.3,576,176,10.7,51.3,0.8599
STN-04,23-03-2021 01:00,4,575,162,9.7,52.8,0.8562
STN-04,23-03-2021 02:00,4.3,545,144,9.4,54.4,0.8492
STN-04,23-03-2021 03:00,4.2,509,141,7.3,57.8,0.8038
STN-04,23-03-2021 04:00,3.2,357,97,6.6,56.5,0.7936
STN-04,23-03-2021 05:00,2.4,232,69,6.3,62.8,0.8438
STN-04,23-03-2021 06:00,2.1,207,80,7.6,61.8,0.8944
STN-04,23-03-2021 07:00,2.4,282,106,8,53.8,0.8303
STN-04,23-03-2021 08:00,2.7,316,116,8.5,46.9,0.7847
STN-04,23-03-2021 09:00,3.3,392,120,10.5,44.7,0.8365
STN-04,23-03-2021 10:00,3.2,437,135,11,37.5,0.7483
STN-04,23-03-2021 11:00,3.2,466,144,12.7,35.6,0.7449
STN-04,23-03-2021 12:00,3.1,369,110,14.4,32.8,0.7334
STN-04,23-03-2021 13:00,3.3,360,88,15.8,35.5,0.806
STN-04,23-03-2021 14:00,3.5,334,75,14.4,32.4,0.689
STN-04,23-03-2021 15:00,3.9,329,87,14.5,38,0.7594
STN-04,23-03-2021 16:00,3.4,255,77,14.1,42,0.8277
STN-04,23-03-2021 17:00,3.6,304,84,11.9,45.3,0.8717
STN-04,23-03-2021 18:00,4.8,391,101,11.2,46.8,0.8657
STN-04,23-03-2021 19:00,4.7,392,108,10.8,49.1,0.9014
STN-04,23-03-2021 20:00,4.5,458,118,10.1,52,-0.320748851
STN-04,23-03-2021 21:00,3.7,371,96,9.8,55.5,0.9432
STN-04,23-03-2021 22:00,3,274,80,8.8,55.4,0.9308
STN-04,23-03-2021 23:00,3.4,284,,8.4,58.5,0.9575
STN-04,24-03-2021 00:00,2.7,171,59,7.9,65,1.0039
STN-04,24-03-2021 01:00,2.3,42,52,6.7,63.6,0.9278
STN-04,24-03-2021 02:00,1.7,26,47,4.8,66.6,0.8783
STN-04,24-03-2021 03:00,1.1,1,55,5.5,62.3,0.876
STN-04,24-03-2021 04:00,0.7,1,28,4,62.2,0.8267
STN-04,24-03-2021 05:00,0.8,1,27,4,60.2,0.7833
STN-04,24-03-2021 06:00,0.6,1,28,5.2,58.2,0.8169
STN-04,24-03-2021 07:00,0.9,34,61,4.7,60.8,0.8213
STN-04,24-03-2021 08:00,1.5,209,85,4.5,62.3,0.8154
STN-04,24-03-2021 09:00,2,266,107,5.3,60.1,0.8336
STN-04,24-03-2021 10:00,1.4,205,103,7.5,53.4,0.8321
STN-04,24-03-2021 11:00,1.9,278,118,10,52.8,0.8709
STN-04,24-03-2021 12:00,2.2,277,121,10.3,50.1,0.8459
STN-04,24-03-2021 13:00,2.4,305,124,10.3,49,0.7941
STN-04,24-03-2021 14:00,2.4,298,109,11,45.7,0.7783
STN-04,24-03-2021 15:00,2.7,312,105,10.6,47.6,0.736
STN-04,24-03-2021 16:00,3.5,357,119,9.6,59,0.8417
STN-04,24-03-2021 17:00,3.6,446,141,15.88241381,60.2,1.235772968
STN-04,24-03-2021 18:00,3.9,434,158,20.96482763,66.3,1.664345936
STN-04,24-03-2021 19:00,3.8,401,154,18.86482763,68.7,1.645145936
STN-04,24-03-2021 20:00,3.6,364,151,16.46482763,71,1.618545936
STN-04,24-03-2021 21:00,2.6,259,118,15.16482763,74.9,1.607545936
STN-04,24-03-2021 22:00,2.3,277,100,14.76482763,80.9,1.629245936
STN-04,24-03-2021 23:00,3.3,263,100,-3.4,90,0.7141
STN-04,25-03-2021 00:00,4.1,399,125,-4.3,84.1,0.6604
STN-04,25-03-2021 01:00,4.3,,120,-3,86.7,0.7555
STN-04,25-03-2021 02:00,3.5,321,96,,90.7,0.8547
STN-04,25-03-2021 03:00,2.4,297,90,-3,94.1,0.8309
STN-04,25-03-2021 04:00,1.4,181,61,-2.7,96.9,0.8773
STN-04,25-03-2021 05:00,1.4,144,56,-1.4,95.1,0.8857
STN-04,25-03-2021 06:00,2.2,169,71,-1.1,96,0.9396
STN-04,25-03-2021 07:00,2.9,268,80,-1.5,90.6,0.906
STN-04,25-03-2021 08:00,4.2,409,106,-0.3,84,0.8702
STN-04,25-03-2021 09:00,3.6,376,110,0,78.5,0.825
STN-04,25-03-2021 10:00,2.8,327,130,2.4,69.5,0.7921
STN-04,25-03-2021 11:00,2.9,334,126,4.8,75.8,0.8941
STN-04,25-03-2021 12:00,3.2,337,130,5.9,77.7,0.9276
STN-04,25-03-2021 13:00,2.7,239,125,6.7,80.3,0.9908
STN-04,25-03-2021 14:00,1.6,158,106,6.4,77.3,0.9433
STN-04,25-03-2021 15:00,1.6,186,98,8,78,0.9694
STN-04,25-03-2021 16:00,1.9,164,95,8.4,79.1,1.0224
STN-04,25-03-2021 17:00,2.6,226,120,7,73.8,0.9489
STN-04,25-03-2021 18:00,3,181,102,6.3,80,1.0363
STN-04,25-03-2021 19:00,3.5,308,122,5.4,82.1,1.0757
STN-04,25-03-2021 20:00,3.7,338,118,5.3,78.6,1.0497
STN-04,25-03-2021 21:00,2.3,296,100,4.3,80.8,1.0536
STN-04,25-03-2021 22:00,1.2,193,56,5.2,82.7,1.0979
STN-04,25-03-2021 23:00,1.7,263,81,5.8,81,1.0906
STN-04,26-03-2021 00:00,1.9,211,82,4.3,81.7,1.0438
STN-04,26-03-2021 01:00,1.6,229,56,1.4,86.9,0.9971
STN-04,26-03-2021 02:00,1.9,231,58,2.1,91.3,1.0378
STN-04,26-03-2021 03:00,1.2,217,60,2,92.4,1.0389
STN-04,26-03-2021 04:00,2,235,57,1.8,91.9,1.0128
STN-04,26-03-2021 05:00,1.8,156,33,3.8,90.1,1.1174
STN-04,26-03-2021 06:00,3.1,292,55,4.2,86,1.0636
STN-04,26-03-2021 07:00,,,95,4.2,85.3,
STN-04,26-03-2021 08:00,4,398,106,5.2,79.4,1.0653
STN-04,26-03-2021 09:00,4.7,505,142,7.2,71.5,1.0488
STN-04,26-03-2021 10:00,4.6,444,126,9.8,71.2,1.1257
STN-04,26-03-2021 11:00,4.1,392,120,10.9,68.9,1.0849
STN-04,26-03-2021 12:00,,372,133,11.7,60.7,0.9863
STN-04,26-03-2021 13:00,2.4,265,113,11.4,60,1.0009
STN-04,26-03-2021 14:00,1.4,224,106,11,53,0.894
STN-04,26-03-2021 15:00,1.5,171,102,10.9,48.8,0.8613
STN-04,26-03-2021 16:00,1,159,99,12.1,40.8,0.8236
STN-04,26-03-2021 17:00,2.7,309,121,12.6,40.2,0.8298
STN-04,26-03-2021 18:00,3.2,391,142,11,35.9,0.7603
STN-04,26-03-2021 19:00,3.8,396,140,9.8,41.2,0.8032
STN-04,26-03-2021 20:00,2.9,281,114,8.2,48.1,0.8341
STN-04,26-03-2021 21:00,3.1,,128,7.1,49.5,
STN-04,26-03-2021 22:00,3,349,122,5.3,51.4,0.7925
STN-04,26-03-2021 23:00,3.4,337,120,5.3,54.3,0.8189
STN-04,27-03-2021 00:00,2.9,274,116,4.9,58.6,0.8299
STN-04,27-03-2021 01:00,2.9,255,100,5.3,62.4,0.8718
STN-04,27-03-2021 02:00,3.3,303,95,5.4,64.1,0.88
STN-04,27-03-2021 03:00,3.7,288,90,5.6,72.4,0.9646
STN-04,27-03-2021 04:00,3.5,312,63,4.1,69.3,0.8579
STN-04,27-03-2021 05:00,2.7,224,53,3.2,68.1,0.7998
STN-04,27-03-2021 06:00,2.9,277,66,3.8,63.6,0.7679
STN-04,27-03-2021 07:00,3.9,387,86,3.2,62.8,0.7292
STN-04,27-03-2021 08:00,4.5,506,105,3.3,64.3,0.7472
STN-04,27-03-2021 09:00,4.8,522,107,6.5,60.5,0.8023
STN-04,27-03-2021 10:00,4.4,488,105,8,57.7,0.7942
STN-04,27-03-2021 11:00,3,245,77,9.9,48.6,0.724
STN-04,27-03-2021 12:00,2.6,155,70,11.8,42.7,0.711
STN-04,27-03-2021 13:00,2.6,181,61,12.7,39.9,0.6977
STN-04,27-03-2021 14:00,2.5,167,59,12.9,44.4,0.7385
STN-04,27-03-2021 15:00,2.8,133,60,14.6,42.3,0.8106
STN-04,27-03-2021 16:00,2.9,156,75,13.3,42.5,0.7726
STN-04,27-03-2021 17:00,4.4,313,108,11.6,48.5,0.802
STN-04,27-03-2021 18:00,5.6,368,114,11,59.3,0.9465
STN-04,27-03-2021 19:00,5.9,394,134,9.9,,0.9834
STN-04,27-03-2021 20:00,5.2,337,110,9,64,0.9633
STN-04,27-03-2021 21:00,4.1,326,97,8.2,63.1,0.8823
STN-04,27-03-2021 22:00,4,300,114,9.1,68.3,0.9433
STN-04,27-03-2021 23:00,3.4,311,107,8.3,66.6,0.9199
STN-04,28-03-2021 00:00,3,271,111,6.8,73.7,1.0035
STN-04,28-03-2021 01:00,3,349,135,6.2,73.6,0.9494
STN-04,28-03-2021 02:00,2.5,291,93,7.2,67.9,0.9043
STN-04,28-03-2021 03:00,2.1,255,98,8,,0.9054
STN-04,28-03-2021 04:00,1.3,200,72,7.2,69.7,0.9019
STN-04,28-03-2021 05:00,0.8,121,55,6.1,69.3,0.8635
STN-04,28-03-2021 06:00,1,134,44,7.5,66.2,0.8577
STN-04,28-03-2021 07:00,2.2,273,76,8.1,64.6,0.887
STN-04,28-03-2021 08:00,3.4,419,113,9.3,60.9,0.9096
STN-04,28-03-2021 09:00,3.8,469,117,22.93646011,50.4,0.806
STN-04,28-03-2021 10:00,5,538,128,14.2,44.3,0.8699
STN-04,28-03-2021 11:00,4.6,522,132,15.6,44.5,0.9001
STN-04,28-03-2021 12:00,2.8,329,100,16.5,40.1,0.8556
STN-04,28-03-2021 13:00,3.1,269,100,16.2,40.3,0.8146
STN-04,28-03-2021 14:00,2.8,232,89,17.2,48.5,0.9163
STN-04,28-03-2021 15:00,2,139,63,17.1,48.2,0.8791
STN-04,28-03-2021 16:00,2.9,187,63,18.6,46.3,0.9065
STN-04,28-03-2021 17:00,3.5,185,64,17.7,44,0.8765
STN-04,28-03-2021 18:00,4.6,272,88,16.1,44,0.8847
STN-04,28-03-2021 19:00,5,293,92,13.3,44,0.8867
STN-04,28-03-2021 20:00,4.3,341,91,10.7,44,0.892
STN-04,28-03-2021 21:00,2.3,164,61,9.4,44,0.879
STN-04,28-03-2021 22:00,1.2,93,55,8.3,68.9,0.9291
STN-04,28-03-2021 23:00,1.9,117,67,8.6,66.9,0.8887
STN-04,29-03-2021 00:00,2.3,176,75,8.6,72.6,0.9028
STN-04,29-03-2021 01:00,3,234,77,8,80,0.9533
STN-04,29-03-2021 02:00,3,281,81,7.6,81.3,0.9488
STN-04,29-03-2021 03:00,2.2,257,87,7.4,80.1,0.9092
STN-04,29-03-2021 04:00,2.5,234,70,6.7,74,0.8368
STN-04,29-03-2021 05:00,2,195,63,8.1,70.6,0.838
STN-04,29-03-2021 06:00,2.3,215,73,7.7,68,0.7826
STN-04,29-03-2021 07:00,4,332,96,9,68.3,0.8813
STN-04,29-03-2021 08:00,4.9,414,121,9.2,70.6,0.9604
STN-04,29-03-2021 09:00,4.8,408,148,11.1,65.1,0.9843
STN-04,29-03-2021 10:00,9.448033496,320,146,11.8,60.5,0.932
STN-04,29-03-2021 11:00,3.4,252,145,13.6,58.6,0.9643
STN-04,29-03-2021 12:00,1.7,72,,14.1,53.9,0.9081
STN-04,29-03-2021 13:00,1.9,95,104,13.4,50.7,0.8223
STN-04,29-03-2021 14:00,1.7,115,108,16.1,39,0.7433
STN-04,29-03-2021 15:00,1.7,124,124,16.6,40.8,0.7751
STN-04,29-03-2021 16:00,1.3,92,112,16.7,41.1,0.8102
STN-04,29-03-2021 17:00,1.6,146,116,14.7,44.7,0.7943
STN-04,29-03-2021 18:00,2.9,257,117,13.6,48.4,0.821
STN-04,29-03-2021 19:00,3.2,348,148,15,50,0.9415
STN-04,29-03-2021 20:00,2.5,271,124,30.67572423,50.5,0.9081
STN-04,29-03-2021 21:00,1.6,213,101,13.5,52.1,0.9134
STN-04,29-03-2021 22:00,0.4,37,78,12.3,50.6,0.8736
STN-04,29-03-2021 23:00,,1,52,11.5,47.7,0.8248
STN-04,30-03-2021 00:00,1,64,80,11,,0.7627
STN-04,30-03-2021 01:00,0.6,4,80,10.7,40.5,0.713
STN-04,30-03-2021 02:00,0.3,1,63,11.5,,0.7082
STN-04,30-03-2021 03:00,0,1,54,11.9,38.5,0.7365
STN-04,30-03-2021 04:00,0,1,37,10,34.9,0.6003
STN-04,30-03-2021 05:00,0,1,36,8.8,40.1,0.6124
STN-04,30-03-2021 06:00,0.3,98,54,8.6,45.9,0.6495
STN-04,30-03-2021 07:00,1.3,202,101,8.9,46.3,0.6701
STN-04,30-03-2021 08:00,3.1,366,140,11.2,38.2,
STN-04,30-03-2021 09:00,4,448,153,12.4,37.9,0.7164
STN-04,30-03-2021 10:00,2.7,348,147,13.5,28.8,0.6269
STN-04,30-03-2021 11:00,1.6,248,138,16.2,,0.5908
STN-04,30-03-2021 12:00,2.4,354,154,17.6,18.1,0.5488
STN-04,30-03-2021 13:00,2.5,304,125,18.5,20.4,0.5727
STN-04,30-03-2021 14:00,2.4,350,122,19.4,20.1,0.5777
STN-04,30-03-2021 15:00,2.3,316,113,20.5,21.6,0.6345
STN-04,30-03-2021 16:00,2.1,264,106,20,19.7,0.5946
STN-04,30-03-2021 17:00,,416,139,,24.4,0.6533
STN-04,30-03-2021 18:00,4.9,492,147,19.2,27,0.671
STN-04,30-03-2021 19:00,,491,165,17.5,29.5,0.6507
STN-04,30-03-2021 20:00,5,440,144,15.4,38.9,0.6924
STN-04,30-03-2021 21:00,5,503,149,15.5,45.2,0.7275
STN-04,30-03-2021 22:00,4.6,466,147,15,48.6,0.7564
STN-04,30-03-2021 23:00,4.3,438,150,13.4,51.8,0.7501
STN-04,31-03-2021 00:00,4.1,409,158,12.7,53.1,0.718
STN-04,31-03-2021 01:00,3.6,381,145,13.5,53.7,0.7473
STN-04,31-03-2021 02:00,3.3,385,134,,53.2,0.7007
STN-04,31-03-2021 03:00,2.4,258,111,9.7,57.2,0.6538
STN-04,31-03-2021 04:00,2.7,230,99,8.9,56.1,0.5997
STN-04,31-03-2021 05:00,3.4,320,118,9.4,60.3,0.6417
STN-04,31-03-2021 06:00,3.9,439,145,10.3,59.1,
STN-04,31-03-2021 07:00,3.8,455,166,9.3,60.6,0.6358
STN-04,31-03-2021 08:00,4.8,620,210,11,57.9,0.6648
STN-04,31-03-2021 09:00,4.6,,196,11.8,56.5,0.6938
STN-04,31-03-2021 10:00,4.9,642,198,15.3,51.7,0.7631
STN-04,31-03-2021 11:00,4.2,538,,18.1,49.3,0.7881
STN-04,31-03-2021 12:00,3.5,465,164,19.8,47.7,
STN-04,31-03-2021 13:00,3.8,447,146,21,52.1,0.8846
STN-04,31-03-2021 14:00,3.4,444,168,21,48.2,0.8028
STN-04,31-03-2021 15:00,3.3,449,169,21.3,48.1,0.8106
STN-04,31-03-2021 16:00,3.5,473,173,20,56.2,0.8677
STN-04,31-03-2021 17:00,4.1,495,176,18.1,64,0.9132
STN-04,31-03-2021 18:00,4.9,542,,18.2,63.5,0.9815
STN-04,31-03-2021 19:00,5.9,614,190,17.5,68.9,1.0671
STN-04,31-03-2021 20:00,5.2,537,177,14.7,66.9,0.9679
STN-04,31-03-2021 21:00,3.4,430,131,14,63.3,0.9382
STN-04,31-03-2021 22:00,3.1,348,122,14,64.8,0.9794
STN-04,31-03-2021 23:00,3.1,383,,13.5,66.2,0.9755
STN-04,01-04-2021 00:00,2.5,278,102,14.9,62.8,1.0472
STN-04,01-04-2021 01:00,2.4,237,88,13.5,61,0.9763
STN-04,01-04-2021 02:00,1.8,157,,13.9,61.1,0.9717
STN-04,01-04-2021 03:00,2.5,212,77,13.3,61.2,0.9435
STN-04,01-04-2021 04:00,1.4,98,23,13.1,60.9,0.9078
STN-04,01-04-2021 05:00,1.1,55,15,13.2,60.9,0.9336
STN-04,01-04-2021 06:00,1.5,164,48,11,-51.21382823,0.9002
STN-04,01-04-2021 07:00,1.9,155,52,11.9,63.5,0.9461
STN-04,01-04-2021 08:00,3.5,,90,12.5,66.6,1.0033
STN-04,01-04-2021 09:00,3.7,276,89,14.3,64.2,1.0601
STN-04,01-04-2021 10:00,4.3,403,119,17.1,61,1.1106
STN-04,01-04-2021 11:00,4.1,376,120,20.3,46.5,1.0454
STN-04,01-04-2021 12:00,,390,134,21.8,39.5,0.9757
STN-04,01-04-2021 13:00,3.2,335,138,22.2,37.5,0.9494
STN-04,01-04-2021 14:00,2.9,213,125,23.6,33.1,
STN-04,01-04-2021 15:00,2.3,206,124,24.6,29.7,0.9401
STN-04,01-04-2021 16:00,2.1,293,154,24.7,30.3,0.9402
STN-04,01-04-2021 17:00,2.8,314,151,24.5,32.4,1
STN-04,01-04-2021 18:00,3.1,337,163,23.5,35.8,1.0322
STN-04,01-04-2021 19:00,3.4,313,157,20.8,45.6,1.0822
STN-04,01-04-2021 20:00,3.7,320,164,17.5,46.3,0.984
STN-04,01-04-2021 21:00,2.4,225,140,16,52,0.9997
STN-04,01-04-2021 22:00,2.1,162,116,14.8,59.5,0.9988
STN-04,01-04-2021 23:00,1.9,97,93,12.7,63.3,0.9996
STN-04,02-04-2021 00:00,1.6,,83,11.5,66.8,1.0684
STN-04,02-04-2021 01:00,2,149,85,11.3,59.4,0.9881
STN-04,02-04-2021 02:00,1.9,79,37,10.7,63.1,1.0319
STN-04,02-04-2021 03:00,2,95,54,9.5,63.9,0.9836
STN-04,02-04-2021 04:00,1.6,1,9,9.5,66.1,1.0091
STN-04,02-04-2021 05:00,1.4,1,1,9.6,68.5,1.0568
STN-04,02-04-2021 06:00,1.5,35,18,9,75,1.1094
STN-04,02-04-2021 07:00,2.9,196,56,10.5,69.5,1.0962
STN-04,02-04-2021 08:00,4.4,358,100,11.8,68.6,1.1308
STN-04,02-04-2021 09:00,4.9,398,107,14,63.8,1.2161
STN-04,02-04-2021 10:00,5.1,453,118,15.8,58.7,1.1981
STN-04,02-04-2021 11:00,4.8,385,115,18.8,51.2,1.2025
STN-04,02-04-2021 12:00,5.8,403,116,21,51.1,1.2411
STN-04,02-04-2021 13:00,4.4,339,104,20.9,46.2,1.1489
STN-04,02-04-2021 14:00,4.2,340,103,20.1,46.5,1.1284
STN-04,02-04-2021 15:00,4.1,268,106,21.5,43.7,1.1476
STN-04,02-04-2021 16:00,3.1,228,107,22.2,41,1.0767
STN-04,02-04-2021 17:00,3.7,277,128,23.3,38,1.1006
STN-04,02-04-2021 18:00,4,215,124,22.7,43.1,1.1812
STN-04,02-04-2021 19:00,4.5,325,,21.5,47.4,
STN-04,02-04-2021 20:00,5.2,412,143,20.8,54.9,1.3378
STN-04,02-04-2021 21:00,3.8,297,116,19.8,66.6,1.4423
STN-04,02-04-2021 22:00,3.5,236,102,20.1,66.2,1.4426
STN-04,02-04-2021 23:00,3.2,188,81,19.2,66.4,1.396
STN-04,03-04-2021 00:00,,59,55,17.7,69.1,1.4254
STN-04,03-04-2021 01:00,1.3,1,40,17.4,69.5,1.4092
STN-04,03-04-2021 02:00,1.5,1,11,16.3,76.1,1.4866
STN-04,03-04-2021 03:00,2.2,1,19,15.2,77.1,1.4665
STN-04,03-04-2021 04:00,2,1,10,15.2,73,1.4224
STN-04,03-04-2021 05:00,2.1,,36,13.5,74,1.3697
STN-04,03-04-2021 06:00,2.5,49,63,11.9,75.8,1.3545
STN-04,03-04-2021 07:00,2.6,108,74,12.4,74.1,1.3377
STN-04,03-04-2021 08:00,2.7,92,75,12.3,70,1.2971
STN-04,03-04-2021 09:00,3.1,,102,12.4,71.3,1.3456
STN-04,03-04-2021 10:00,2.5,217,101,15.9,70,1.4388
STN-04,03-04-2021 11:00,1.4,94,102,18.4,61.2,1.3711
STN-04,03-04-2021 12:00,1.6,106,96,21,60.2,1.4407
STN-04,03-04-2021 13:00,1.9,372.9026275,82,20.9,61.6,1.4507
STN-04,03-04-2021 14:00,1.9,1,88,20.6,57.5,1.3734
STN-04,03-04-2021 15:00,1.4,1,72,19.7,57.7,1.3339
STN-04,03-04-2021 16:00,1.8,1,95,18.9,54.4,1.2682
STN-04,03-04-2021 17:00,2.6,1,102,,57.4,1.3693
STN-04,03-04-2021 18:00,4.2,153,139,17.6,63.1,1.373
STN-04,03-04-2021 19:00,4.9,294,177,15.1,66,1.3662
STN-04,03-04-2021 20:00,5.8,394,189,13.8,69.6,1.3437
STN-04,03-04-2021 21:00,4.2,289,167,15.2,66.5,1.3445
STN-04,03-04-2021 22:00,3.4,209,131,13.6,68.6,1.3013
STN-04,03-04-2021 23:00,2.8,,119,11.6,70.2,1.2674
STN-04,04-04-2021 00:00,3.4,158,95,12.4,70.9,1.2911
STN-04,04-04-2021 01:00,3.3,142,73,9.9,74.4,1.2492
STN-04,04-04-2021 02:00,2.8,99,55,10.6,72.4,1.3106
STN-04,04-04-2021 03:00,3.2,138,73,10.3,71.7,1.2894
STN-04,04-04-2021 04:00,3.6,162,59,10.9,70.1,1.2701
STN-04,04-04-2021 05:00,3.1,62,39,10,71.1,1.2395
STN-04,04-04-2021 06:00,2.2,1,9,9.1,72.6,1.2584
STN-04,04-04-2021 07:00,2.7,25,29,10.1,72.9,1.3168
STN-04,04-04-2021 08:00,4.2,127,63,12,64.5,1.3053
STN-04,04-04-2021 09:00,4.8,200,91,12.5,62.5,1.2896
STN-04,04-04-2021 10:00,4.7,209,107,15.4,53,1.2775
STN-04,04-04-2021 11:00,4.4,228,90,18.5,47.6,1.3511
STN-04,04-04-2021 12:00,3.2,97,75,19,41,1.2923
STN-04,04-04-2021 13:00,3.6,174,76,19.7,38.1,1.2541
STN-04,04-04-2021 14:00,3.7,190,83,19.6,40.1,1.252
STN-04,04-04-2021 15:00,4,218,113,20,39,1.2167
STN-04,04-04-2021 16:00,4.4,232,109,18.8,44.4,1.2312
STN-04,04-04-2021 17:00,5.9,368,125,19.4,43.8,1.268
STN-04,04-04-2021 18:00,5.3,384,140,18,39.7,1.2183
STN-04,04-04-2021 19:00,6,363,160,15.9,39.1,1.1576
STN-04,04-04-2021 20:00,5.4,272,150,15.4,39,1.1443
STN-04,04-04-2021 21:00,4.5,219,119,14,44.7,1.1516
STN-04,04-04-2021 22:00,2.5,16,75,12.3,45.2,1.114
STN-04,04-04-2021 23:00,3.4,148,99,11.2,50.5,1.1493
STN-04,05-04-2021 00:00,3.8,227,105,11.5,56.3,1.1934
STN-04,05-04-2021 01:00,2.8,163,81,11,61,1.249
STN-04,05-04-2021 02:00,2.5,108,65,8.8,63.5,1.1903
STN-04,05-04-2021 03:00,2.3,,57,9,65,1.2199
STN-04,05-04-2021 04:00,2.1,66,46,8.4,66.2,1.1951
STN-04,05-04-2021 05:00,2.3,162,79,7.4,65.5,1.1915
STN-04,05-04-2021 06:00,1.1,116,70,7.2,67.3,1.1904
STN-04,05-04-2021 07:00,2.7,296,92,6.3,70.2,1.1917
STN-04,05-04-2021 08:00,,390,,9.1,64.3,1.225
STN-04,05-04-2021 09:00,4.1,493,152,9.5,63,1.23
STN-04,05-04-2021 10:00,3.8,447,157,11.4,55.8,1.2191
STN-04,05-04-2021 11:00,3.3,357,142,11.2,53,1.1478
STN-04,05-04-2021 12:00,3.2,316,150,11.8,55,1.1314
STN-04,05-04-2021 13:00,3.1,277,130,11.6,55.7,1.1104
STN-04,05-04-2021 14:00,3.3,344,144,10.1,54.8,1.0292
STN-04,05-04-2021 15:00,4,384,153,10.3,53.2,1.016
STN-04,05-04-2021 16:00,4.5,312,136,9.8,52.8,
STN-04,05-04-2021 17:00,4.5,284,136,10.4,56.8,1.056
STN-04,05-04-2021 18:00,6.1,362,142,8.7,60.2,1.106
STN-04,05-04-2021 19:00,6.9,454,156,9.7,59,1.1482
STN-04,05-04-2021 20:00,6.1,471,149,8.5,64.8,
STN-04,05-04-2021 21:00,4.2,260,90,8.3,64.8,1.1739
STN-04,05-04-2021 22:00,3.5,205,77,8.1,75.4,1.2964
STN-04,05-04-2021 23:00,3.7,196,79,7.8,76,1.3099
STN-04,06-04-2021 00:00,3.8,203,87,8.1,75.7,1.2862
STN-04,06-04-2021 01:00,3,76,56,8.6,75,1.2872
STN-04,06-04-2021 02:00,2.5,1,51,7.2,76,1.2447
STN-04,06-04-2021 03:00,2.4,1,71,7.2,78.8,1.2323
STN-04,06-04-2021 04:00,2.5,2,60,4.6,81.5,3.859076523
STN-04,06-04-2021 05:00,2.4,1,53,6,77.8,1.1784
STN-04,06-04-2021 06:00,3.1,134,64,6.8,81.8,1.2613
STN-04,06-04-2021 07:00,3.2,201,84,6.1,80.4,1.256
STN-04,06-04-2021 08:00,4,429,129,6,75.5,1.1633
STN-04,06-04-2021 09:00,4.3,447,143,6.6,69.1,1.1301
STN-04,06-04-2021 10:00,3.6,357,118,9.1,63.8,1.1638
STN-04,06-04-2021 11:00,2.4,156,92,11.6,56.6,1.163
STN-04,06-04-2021 12:00,2.6,135,95,12.6,52.5,1.1521
STN-04,06-04-2021 13:00,2.5,108,86,13.2,,1.0667
STN-04,06-04-2021 14:00,3.4,147,84,14.2,47.4,1.0906
STN-04,06-04-2021 15:00,2.9,92,97,15.4,41.1,1.0424
STN-04,06-04-2021 16:00,3.4,180,125,15.4,40,1.0217
STN-04,06-04-2021 17:00,4.6,253,142,,43.7,1.0847
STN-04,06-04-2021 18:00,4.8,265,137,11.5,47.2,1.0121
STN-04,06-04-2021 19:00,4.9,310,150,10.6,47.5,0.9947
STN-04,06-04-2021 20:00,4.3,288,141,9.6,53.2,0.9765
STN-04,06-04-2021 21:00,3.8,234,124,9.6,54.3,0.9973
STN-04,06-04-2021 22:00,3.6,184,102,9.2,51.3,0.9502
STN-04,06-04-2021 23:00,3.4,135,91,7.6,53.9,0.9046
STN-04,07-04-2021 00:00,2.4,135,87,7,60.2,0.9181
STN-04,07-04-2021 01:00,1.9,129,60,5.9,58.7,0.8355
STN-04,07-04-2021 02:00,1.5,,47,7.1,61.3,0.8705
STN-04,07-04-2021 03:00,1.6,135,52,5.8,66.1,0.881
STN-04,07-04-2021 04:00,2.3,209,,5.4,60.1,0.7959
STN-04,07-04-2021 05:00,2.1,167,49,4.9,69,0.8492
STN-04,07-04-2021 06:00,1,29,45,4.4,69.8,0.8391
STN-04,07-04-2021 07:00,0.8,47,64,3.8,69.2,
STN-04,07-04-2021 08:00,1.7,210,101,5.2,67.6,0.8611
STN-04,07-04-2021 09:00,1.7,241,101,6.8,58.4,0.8075
STN-04,07-04-2021 10:00,1.8,227,123,9.5,47.4,0.7696
STN-04,07-04-2021 11:00,2.2,303,141,11,42.8,0.7317
STN-04,07-04-2021 12:00,2,261,132,12.1,38.6,0.7214
STN-04,07-04-2021 13:00,2.2,192,114,13.8,32.7,0.7136
STN-04,07-04-2021 14:00,2,162,117,12.9,35.7,0.7063
STN-04,07-04-2021 15:00,1.2,11,89,13.1,36.4,0.7283
STN-04,07-04-2021 16:00,2.6,145,126,13,39.6,0.7351
STN-04,07-04-2021 17:00,3.2,241,153,11.9,40.4,0.6959
STN-04,07-04-2021 18:00,4.8,350,162,11.2,48.2,0.785
STN-04,07-04-2021 19:00,5.3,390,177,11,46,0.7626
STN-04,07-04-2021 20:00,4.9,367,161,10.7,49.6,0.7759
STN-04,07-04-2021 21:00,3.6,248,130,10,47.2,0.7201
STN-04,07-04-2021 22:00,3.4,139,109,10.8,42.1,0.7352
STN-04,07-04-2021 23:00,3.3,124,123,11,42.6,0.7369
STN-04,08-04-2021 00:00,2.4,17,103,10.2,44.2,0.686
STN-04,08-04-2021 01:00,1.3,10,84,10.7,46.7,0.7055
STN-04,08-04-2021 02:00,1.2,1,67,11.2,47.9,0.7316
STN-04,08-04-2021 03:00,1.4,10,,10.8,54.2,0.7929
STN-04,08-04-2021 04:00,1.2,1,38,8.9,55.2,0.751
STN-04,08-04-2021 05:00,0.7,1,34,7.3,56.5,0.726
STN-04,08-04-2021 06:00,1.2,1,44,6.4,59.6,0.6855
STN-04,08-04-2021 07:00,2.8,86,87,7.3,55.2,0.6567
STN-04,08-04-2021 08:00,3.2,153,82,7,56,0.6684
STN-04,08-04-2021 09:00,3.1,151,93,8.3,49.8,
STN-04,08-04-2021 10:00,2.8,120,93,9,43.8,0.5681
STN-04,08-04-2021 11:00,3.6,186,110,13,42.3,0.6588
STN-04,08-04-2021 12:00,3.7,228,102,14.8,38.5,0.6421
STN-04,08-04-2021 13:00,3.2,107,65,15.7,40.4,0.6851
STN-04,08-04-2021 14:00,3.6,135,70,16.4,43.2,0.732
STN-04,08-04-2021 15:00,3.1,114,82,18.3,34.7,0.6896
STN-04,08-04-2021 16:00,2.9,158,93,18.2,34.3,0.689
STN-04,08-04-2021 17:00,3.6,163,118,17.2,35.8,0.6996
STN-04,08-04-2021 18:00,4,233,145,15.4,37.1,0.6898
STN-04,08-04-2021 19:00,3.9,150,137,14.7,40.9,0.735
STN-04,08-04-2021 20:00,3.7,152,125,12.4,47.1,0.7129
STN-04,08-04-2021 21:00,2.6,119,107,12.4,47.4,0.6882
STN-04,08-04-2021 22:00,1.7,13,94,11.5,51.6,0.6936
STN-04,08-04-2021 23:00,1.5,1,73,10,52.1,0.6738
STN-04,09-04-2021 00:00,1.6,1,63,9.3,48.9,0.5812
STN-04,09-04-2021 01:00,1.9,1,75,9.4,46.1,0.5377
STN-04,09-04-2021 02:00,2.3,62,67,6.5,54.9,0.5694
STN-04,09-04-2021 03:00,1.4,25,63,8.1,49.9,0.5666
STN-04,09-04-2021 04:00,1,1,10,7.6,52.3,0.5924
STN-04,09-04-2021 05:00,1.3,14,22,8.5,51.3,0.6068
STN-04,09-04-2021 06:00,1.4,45,29,8.6,52.8,0.6528
STN-04,09-04-2021 07:00,1.6,90,42,7.7,52.1,0.6307
STN-04,09-04-2021 08:00,2.5,237,60,8.3,49.9,0.6408
STN-04,09-04-2021 09:00,2.4,191,54,10.8,46.3,0.6824
STN-04,09-04-2021 10:00,1.9,206,80,12.6,37.2,0.6393
STN-04,09-04-2021 11:00,1.7,172,77,14.8,35.5,0.6328
STN-04,09-04-2021 12:00,1.5,133,62,14,31.6,0.5572
STN-04,09-04-2021 13:00,2,155,75,16.1,29.7,0.6026
STN-04,09-04-2021 14:00,2.7,281,94,17,28.1,0.6059
STN-04,09-04-2021 15:00,2.9,264,105,18.4,25.7,0.6177
STN-04,09-04-2021 16:00,3.2,297,,18.2,22.7,0.56
STN-04,09-04-2021 17:00,3.3,318,146,16.4,24.2,0.5398
STN-04,09-04-2021 18:00,5.3,406,164,14.3,32.5,0.5584
STN-04,09-04-2021 19:00,5.6,442,165,13.7,34.4,0.5577
STN-04,09-04-2021 20:00,5.2,343,141,12.6,43.6,0.6328
STN-04,09-04-2021 21:00,4.8,339,136,12.7,48.1,0.6892
STN-04,09-04-2021 22:00,3.5,170,102,10.5,54.3,0.7521
STN-04,09-04-2021 23:00,2.3,79,67,10,55.6,0.7485
STN-04,10-04-2021 00:00,2.3,18,63,9.5,57.5,0.7024
STN-04,10-04-2021 01:00,1.7,1,38,10.2,55.4,0.6966
STN-04,10-04-2021 02:00,0.2,1,12,9.4,56.8,0.6698
STN-04,10-04-2021 03:00,1.3,1,20,10.1,60.1,0.7382
STN-04,10-04-2021 04:00,1.4,1,4,9.2,64.8,0.7591
STN-04,10-04-2021 05:00,1.9,1,27,,67.1,0.786
STN-04,10-04-2021 06:00,2,1,33,9.5,64.2,0.754
STN-04,10-04-2021 07:00,2.7,71,45,10.2,58.5,0.7082
STN-04,10-04-2021 08:00,3.3,148,66,10.6,59,0.7446
STN-04,10-04-2021 09:00,3.8,169,86,15.2,48.9,0.7897
STN-04,10-04-2021 10:00,3.3,,99,17.2,43.5,0.7825
STN-04,10-04-2021 11:00,2.6,52,80,17.1,43.4,0.7441
STN-04,10-04-2021 12:00,2.5,121,77,19.7,45.7,0.8586
STN-04,10-04-2021 13:00,2,36,61,21,44.2,0.8991
STN-04,10-04-2021 14:00,1.8,1,50,21.4,44.2,0.8957
STN-04,10-04-2021 15:00,1.6,1,37,21.1,44.3,0.8803
STN-04,10-04-2021 16:00,1.8,1,63,20.7,39,0.7904
STN-04,10-04-2021 17:00,3,,68,20.6,44.7,0.8585
STN-04,10-04-2021 18:00,3.7,175,101,19.8,47.1,0.886
STN-04,10-04-2021 19:00,4.7,260,117,17.7,49.2,0.8885
STN-04,10-04-2021 20:00,4.9,358,135,17,52.4,0.8789
STN-04,10-04-2021 21:00,4.2,280,118,17.1,51.2,0.8881
STN-04,10-04-2021 22:00,3.6,243,118,17,54,0.925
STN-04,10-04-2021 23:00,3.7,179,108,14.9,56.6,0.8754
STN-04,11-04-2021 00:00,2.6,76,107,15,54.4,0.8727
STN-04,11-04-2021 01:00,3.3,185,110,15.8,59.1,0.9107
STN-04,11-04-2021 02:00,2.8,113,84,14.6,,0.9057
STN-04,11-04-2021 03:00,2.8,95,68,14.4,61.1,0.9109
STN-04,11-04-2021 04:00,3.2,195,81,15.4,65.9,0.9795
STN-04,11-04-2021 05:00,3,155,59,15.7,70.7,1.0443
STN-04,11-04-2021 06:00,3.1,233,61,14.7,71.7,1.0242
STN-04,11-04-2021 07:00,3,180,55,14.1,68,0.9897
STN-04,11-04-2021 08:00,4.2,341,67,14.1,70.1,1.0656
STN-04,11-04-2021 09:00,4.8,413,93,15.5,62.3,1.0502
STN-04,11-04-2021 10:00,4.1,344,95,16.7,57,1.0222
STN-04,11-04-2021 11:00,3.6,271,88,19.6,51.6,1.0062
STN-04,11-04-2021 12:00,3,251,97,21.1,49,0.9936
STN-04,11-04-2021 13:00,3.3,269,107,19.6,49,0.9074
STN-04,11-04-2021 14:00,3.2,287,113,19.7,49.5,0.8816
STN-04,11-04-2021 15:00,3.2,241,106,21,43.9,0.8536
STN-04,11-04-2021 16:00,2.8,208,99,21.2,41.5,0.8536
STN-04,11-04-2021 17:00,3.6,247,127,19.6,39.9,0.7576
STN-04,11-04-2021 18:00,3.7,248,130,18.4,46.8,0.8399
STN-04,11-04-2021 19:00,3.9,258,141,17.9,51.3,0.9632
STN-04,11-04-2021 20:00,2.7,177,142,16.8,53.2,0.9496
STN-04,11-04-2021 21:00,2.7,186,131,16.3,60,1.0205
STN-04,11-04-2021 22:00,2.4,93,121,15.4,56.7,0.9396
STN-04,11-04-2021 23:00,1.8,104,91,13.9,57.3,0.8953
STN-04,12-04-2021 00:00,2.3,124,95,13.8,58.1,0.8989
STN-04,12-04-2021 01:00,2,94,73,13.9,58.1,0.9244
STN-04,12-04-2021 02:00,1.6,1,36,14.9,57,0.9405
STN-04,12-04-2021 03:00,2.2,12,55,14.7,57.4,0.949
STN-04,12-04-2021 04:00,1.8,1,29,13.9,60.8,0.9008
STN-04,12-04-2021 05:00,1.2,1,2,12.4,68.2,0.9545
STN-04,12-04-2021 06:00,1.9,21,27,14.3,62.8,0.9788
STN-04,12-04-2021 07:00,3.1,183,60,15.9,59.7,1.0122
STN-04,12-04-2021 08:00,3.8,211,74,14.3,60.7,0.9552
STN-04,12-04-2021 09:00,4.1,258,110,16,57.5,
STN-04,12-04-2021 10:00,3.8,,102,17.5,55.4,1.0122
STN-04,12-04-2021 11:00,3.3,166,82,20.4,48,1.0037
STN-04,12-04-2021 12:00,3.5,163,74,19.9,44.4,0.9014
STN-04,12-04-2021 13:00,3,110,73,19.1,45.3,0.8861
STN-04,12-04-2021 14:00,3,49,77,19.3,46.6,0.9136
STN-04,12-04-2021 15:00,4.7,227,127,18.9,46.5,0.8782
STN-04,12-04-2021 16:00,4.2,219,131,17.6,45.3,0.8026
STN-04,12-04-2021 17:00,4.8,242,140,17.7,43.5,0.8157
STN-04,12-04-2021 18:00,5.8,406,167,15.7,45.1,0.7861
STN-04,12-04-2021 19:00,5.8,419,172,12.8,53.9,0.8202
STN-04,12-04-2021 20:00,4.6,306,161,12.3,56.1,0.8582
STN-04,12-04-2021 21:00,4,237,152,10.7,54.7,0.7636
STN-04,12-04-2021 22:00,3.6,200,134,9.9,56.4,0.7659
STN-04,12-04-2021 23:00,3.6,145,115,9.8,56.3,0.738
STN-04,13-04-2021 00:00,3.6,54,77,9.7,59.6,0.7885
STN-04,13-04-2021 01:00,2.7,11,49,10.6,55.5,0.783
