Station_ID,Timestamp,CO_Channel,NOx_Channel,NO2_Channel,Ambient_Temperature,Relative_Humidity,Absolute_Humidity
SC2-01,2022-10-01 00:00:00,2.7,291.0,137.0,18.4,72.9,1.4813
SC2-01,2022-10-01 01:00:00,2.5,285.0,130.0,17.0,72.3,1.3992
SC2-01,2022-10-01 02:00:00,2.6,261.0,110.0,14.8,74.3,1.3481
SC2-01,2022-10-01 03:00:00,2.1,275.0,103.0,14.5,74.1,1.3101
SC2-01,2022-10-01 04:00:00,1.2,,58.0,14.0,79.1,1.3246
SC2-01,2022-10-01 05:00:00,2.0,259.0,64.0,13.3,73.8,1.2462
SC2-01,2022-10-01 06:00:00,2.9,380.0,91.0,13.4,76.9,1.2643
SC2-01,2022-10-01 07:00:00,3.2,374.0,99.0,14.4,75.3,1.2813
SC2-01,2022-10-01 08:00:00,4.2,417.0,115.0,15.2,70.7,1.3017
SC2-01,2022-10-01 09:00:00,4.2,408.0,122.0,15.3,70.2,1.2877
SC2-01,2022-10-01 10:00:00,3.5,375.0,118.0,17.7,64.2,1.2868
SC2-01,2022-10-01 11:00:00,2.6,325.0,104.0,20.7,64.6,1.3738
SC2-01,2022-10-01 12:00:00,2.2,285.0,94.0,20.2,66.4,1.3628
SC2-01,2022-10-01 13:00:00,1.7,184.0,75.0,20.4,63.9,1.3547
SC2-01,2022-10-01 14:00:00,2.7,258.0,87.0,21.3,58.8,1.3148
SC2-01,2022-10-01 15:00:00,3.3,319.0,,21.5,52.7,1.2588
SC2-01,2022-10-01 16:00:00,3.8,287.0,97.0,22.0,49.5,1.2148
SC2-01,2022-10-01 17:00:00,4.1,376.0,112.0,20.5,59.0,1.2677
SC2-01,2022-10-01 18:00:00,5.5,550.0,137.0,18.7,65.9,1.3421
SC2-01,2022-10-01 19:00:00,5.8,605.0,155.0,18.4,66.6,1.3847
SC2-01,2022-10-01 20:00:00,4.9,559.0,152.0,18.0,63.1,1.3547
SC2-01,2022-10-01 21:00:00,3.2,402.0,126.0,17.4,65.5,1.3715
SC2-01,2022-10-01 22:00:00,2.6,364.0,112.0,15.5,72.2,1.3636
SC2-01,2022-10-01 23:00:00,2.6,262.0,89.0,14.2,78.2,1.4242
SC2-01,2022-10-02 00:00:00,2.7,307.0,77.0,14.8,77.5,1.4886
SC2-01,2022-10-02 01:00:00,2.2,166.0,48.0,14.8,73.7,1.4524
SC2-01,2022-10-02 02:00:00,1.1,74.0,9.0,15.6,72.5,1.4537
SC2-01,2022-10-02 03:00:00,0.8,111.0,18.0,16.5,77.3,1.5283
SC2-01,2022-10-02 04:00:00,0.2,41.0,1.0,17.2,73.4,1.4688
SC2-01,2022-10-02 05:00:00,0.3,41.0,8.0,17.4,71.7,1.4598
SC2-01,2022-10-02 06:00:00,1.0,179.0,29.0,17.8,69.2,1.4387
SC2-01,2022-10-02 07:00:00,1.6,257.0,46.0,17.2,71.6,1.443
SC2-01,2022-10-02 08:00:00,2.7,441.0,98.0,18.6,67.5,1.4304
SC2-01,2022-10-02 09:00:00,2.8,486.0,118.0,19.5,63.0,1.4423
SC2-01,2022-10-02 10:00:00,2.9,526.0,127.0,21.4,56.0,1.3668
SC2-01,2022-10-02 11:00:00,2.4,490.0,133.0,22.8,47.9,1.3159
SC2-01,2022-10-02 12:00:00,2.7,,134.0,24.7,51.4,1.3921
SC2-01,2022-10-02 13:00:00,2.5,408.0,106.0,26.5,51.7,1.4664
SC2-01,2022-10-02 14:00:00,3.0,481.0,112.0,25.1,53.4,1.4428
SC2-01,2022-10-02 15:00:00,2.6,395.0,83.0,25.9,49.8,1.453
SC2-01,2022-10-02 16:00:00,2.5,333.0,75.0,23.2,50.6,1.3805
SC2-01,2022-10-02 17:00:00,2.8,351.0,,21.9,49.7,1.352
SC2-01,2022-10-02 18:00:00,3.0,318.0,108.0,20.8,55.3,1.4496
SC2-01,2022-10-02 19:00:00,4.0,503.0,134.0,19.3,53.3,1.4004
SC2-01,2022-10-02 20:00:00,3.9,523.0,129.0,18.6,59.7,1.4591
SC2-01,2022-10-02 21:00:00,3.8,508.0,119.0,17.9,62.5,1.4975
SC2-01,2022-10-02 22:00:00,4.0,501.0,120.0,17.6,60.9,1.4606
SC2-01,2022-10-02 23:00:00,3.3,464.0,116.0,15.3,67.1,1.4431
SC2-01,2022-10-03 00:00:00,,379.0,95.0,15.0,65.9,
SC2-01,2022-10-03 01:00:00,2.6,303.0,76.0,14.9,69.9,1.458
SC2-01,2022-10-03 02:00:00,2.2,240.0,68.0,13.6,70.2,1.4263
SC2-01,2022-10-03 03:00:00,1.9,217.0,73.0,12.4,70.1,1.3903
SC2-01,2022-10-03 04:00:00,1.6,195.0,55.0,12.3,68.8,1.373
SC2-01,2022-10-03 05:00:00,1.0,175.0,49.0,12.1,70.2,1.3334
SC2-01,2022-10-03 06:00:00,1.5,253.0,65.0,13.3,68.5,1.3468
SC2-01,2022-10-03 07:00:00,2.5,331.0,89.0,13.8,69.3,1.3825
SC2-01,2022-10-03 08:00:00,3.5,401.0,92.0,15.3,67.2,1.4276
SC2-01,2022-10-03 09:00:00,4.0,457.0,90.0,17.1,62.0,1.4184
SC2-01,2022-10-03 10:00:00,4.0,488.0,91.0,19.9,55.1,1.4064
SC2-01,2022-10-03 11:00:00,3.8,443.0,,22.3,54.0,1.4476
SC2-01,2022-10-03 12:00:00,3.4,394.0,84.0,23.8,51.8,1.4643
SC2-01,2022-10-03 13:00:00,3.1,373.0,60.0,25.5,50.4,1.5062
SC2-01,2022-10-03 14:00:00,2.4,294.0,36.0,25.3,52.8,1.5026
SC2-01,2022-10-03 15:00:00,3.0,381.0,48.0,27.4,50.6,1.5666
SC2-01,2022-10-03 16:00:00,3.0,379.0,54.0,27.5,52.5,1.5971
SC2-01,2022-10-03 17:00:00,3.6,431.0,81.0,27.1,50.9,1.5867
SC2-01,2022-10-03 18:00:00,4.4,500.0,97.0,25.2,52.3,1.5921
SC2-01,2022-10-03 19:00:00,4.8,519.0,110.0,24.6,57.0,1.6315
SC2-01,2022-10-03 20:00:00,4.6,,116.0,23.1,62.4,1.6235
SC2-01,2022-10-03 21:00:00,3.4,451.0,110.0,23.1,67.4,1.6606
SC2-01,2022-10-03 22:00:00,2.0,344.0,82.0,22.6,67.7,1.6546
SC2-01,2022-10-03 23:00:00,2.4,357.0,94.0,20.2,67.5,1.6004
SC2-01,2022-10-04 00:00:00,2.3,326.0,62.0,18.7,72.3,1.5861
SC2-01,2022-10-04 01:00:00,2.8,311.0,58.0,18.8,78.9,1.6965
SC2-01,2022-10-04 02:00:00,,201.0,23.0,17.5,80.9,1.6726
SC2-01,2022-10-04 03:00:00,1.5,149.0,23.0,17.8,83.0,1.7161
SC2-01,2022-10-04 04:00:00,1.0,38.0,1.0,18.2,82.0,1.7204
SC2-01,2022-10-04 05:00:00,1.3,85.0,1.0,18.4,82.6,1.71
SC2-01,2022-10-04 06:00:00,1.9,171.0,20.0,17.5,86.0,1.696
SC2-01,2022-10-04 07:00:00,2.2,216.0,42.0,18.8,83.0,1.7152
SC2-01,2022-10-04 08:00:00,3.2,314.0,79.0,3.305653247928385,,1.6207
SC2-01,2022-10-04 09:00:00,3.2,415.0,87.0,,74.0,1.6722
SC2-01,2022-10-04 10:00:00,3.2,395.0,91.0,22.7,59.5,1.6135
SC2-01,2022-10-04 11:00:00,3.2,448.0,103.0,24.4,55.9,1.6158
SC2-01,2022-10-04 12:00:00,3.8,457.0,111.0,25.9,53.8,1.6029
SC2-01,2022-10-04 13:00:00,2.7,329.0,100.0,25.2,53.2,1.5361
SC2-01,2022-10-04 14:00:00,1.7,210.0,78.0,24.6,49.7,1.4673
SC2-01,2022-10-04 15:00:00,2.6,365.0,93.0,25.7,54.1,1.5147
SC2-01,2022-10-04 16:00:00,2.8,344.0,86.0,26.4,52.1,1.532
SC2-01,2022-10-04 17:00:00,3.9,426.0,88.0,24.9,56.7,1.5232
SC2-01,2022-10-04 18:00:00,4.4,421.0,98.0,22.3,59.1,1.4914
SC2-01,2022-10-04 19:00:00,5.2,536.0,110.0,21.7,58.9,1.5189
SC2-01,2022-10-04 20:00:00,5.0,503.0,,21.3,66.0,1.6584
SC2-01,2022-10-04 21:00:00,3.2,420.0,83.0,20.2,66.7,1.6832
SC2-01,2022-10-04 22:00:00,2.1,256.0,47.0,19.5,67.0,1.6974
SC2-01,2022-10-04 23:00:00,2.1,198.0,34.0,18.6,71.7,1.7093
SC2-01,2022-10-05 00:00:00,1.7,178.0,41.0,17.5,71.2,1.6743
SC2-01,2022-10-05 01:00:00,2.2,198.0,45.0,16.7,68.5,1.6275
SC2-01,2022-10-05 02:00:00,2.4,224.0,31.0,16.8,67.6,1.616
SC2-01,2022-10-05 03:00:00,2.9,271.0,58.0,15.1,68.4,1.5692
SC2-01,2022-10-05 04:00:00,2.5,270.0,48.0,12.4,70.4,1.4977
SC2-01,2022-10-05 05:00:00,1.8,295.0,50.0,13.0,67.7,1.4684
SC2-01,2022-10-05 06:00:00,2.1,336.0,78.0,12.4,71.4,1.4918
SC2-01,2022-10-05 07:00:00,3.7,486.0,117.0,12.2,76.1,1.5024
SC2-01,2022-10-05 08:00:00,4.7,570.0,133.0,13.9,70.9,1.5183
SC2-01,2022-10-05 09:00:00,,636.0,145.0,15.6,67.2,1.5754
SC2-01,2022-10-05 10:00:00,3.9,557.0,153.0,17.6,,1.5091
SC2-01,2022-10-05 11:00:00,4.8,,167.0,19.9,56.1,1.5349
SC2-01,2022-10-05 12:00:00,3.7,606.0,149.0,22.8,51.4,1.5652
SC2-01,2022-10-05 13:00:00,3.6,532.0,129.0,22.0,52.7,1.5153
SC2-01,2022-10-05 14:00:00,3.1,458.0,114.0,22.5,50.1,1.4684
SC2-01,2022-10-05 15:00:00,2.3,376.0,93.0,23.7,,1.5145
SC2-01,2022-10-05 16:00:00,2.2,303.0,68.0,24.7,51.7,1.5505
SC2-01,2022-10-05 17:00:00,2.7,324.0,66.0,24.2,49.2,1.5173
SC2-01,2022-10-05 18:00:00,4.2,507.0,100.0,21.8,56.3,1.5384
SC2-01,2022-10-05 19:00:00,4.7,532.0,91.0,,55.6,1.5243
SC2-01,2022-10-05 20:00:00,4.7,448.0,97.0,20.8,57.0,1.5318
SC2-01,2022-10-05 21:00:00,3.5,337.0,81.0,21.1,59.0,1.5936
SC2-01,2022-10-05 22:00:00,2.9,242.0,60.0,19.5,58.7,1.5882
SC2-01,2022-10-05 23:00:00,2.0,155.0,38.0,18.3,60.4,1.5621
SC2-01,2022-10-06 00:00:00,1.5,74.0,12.0,18.1,64.0,1.5893
SC2-01,2022-10-06 01:00:00,0.2,1.0,1.0,18.1,59.9,1.5282
SC2-01,2022-10-06 02:00:00,1.1,37.0,1.0,19.5,55.7,1.5017
SC2-01,2022-10-06 03:00:00,1.4,21.0,6.0,18.7,54.5,1.4801
SC2-01,2022-10-06 04:00:00,1.3,5.0,2.0,18.3,54.5,1.4258
SC2-01,2022-10-06 05:00:00,0.4,1.0,1.0,19.1,54.3,1.4583
SC2-01,2022-10-06 06:00:00,1.2,14.0,10.0,19.9,51.8,1.473
SC2-01,2022-10-06 07:00:00,2.3,209.0,61.0,21.5,48.1,1.5074
SC2-01,2022-10-06 08:00:00,2.8,252.0,63.0,23.2,47.6,1.5644
SC2-01,2022-10-06 09:00:00,3.7,331.0,81.0,25.1,48.5,1.6067
SC2-01,2022-10-06 10:00:00,2.0,181.0,55.0,27.5,40.5,1.5331
SC2-01,2022-10-06 11:00:00,1.8,173.0,47.0,29.3,38.5,1.5292
SC2-01,2022-10-06 12:00:00,1.9,140.0,33.0,29.4,40.2,1.5344
SC2-01,2022-10-06 13:00:00,1.4,46.0,4.0,29.1,40.7,1.5158
SC2-01,2022-10-06 14:00:00,1.8,40.0,1.0,28.8,44.1,1.5377
SC2-01,2022-10-06 15:00:00,1.2,1.0,1.0,28.4,46.7,1.5352
SC2-01,2022-10-06 16:00:00,1.0,29.0,1.0,27.7,50.7,1.5667
SC2-01,2022-10-06 17:00:00,1.9,120.0,26.0,29.1,55.2,1.6889
SC2-01,2022-10-06 18:00:00,1.8,42.0,25.0,27.5,,1.7306
SC2-01,2022-10-06 19:00:00,2.3,96.0,40.0,25.3,64.9,
SC2-01,2022-10-06 20:00:00,2.1,126.0,47.0,26.0,68.1,1.7916
SC2-01,2022-10-06 21:00:00,2.4,180.0,56.0,25.3,68.8,1.7875
SC2-01,2022-10-06 22:00:00,2.6,221.0,61.0,24.5,67.7,1.7372
SC2-01,2022-10-06 23:00:00,2.9,220.0,64.0,23.7,71.6,1.7402
SC2-01,2022-10-07 00:00:00,2.5,170.0,50.0,22.6,75.3,1.7522
SC2-01,2022-10-07 01:00:00,3.6,208.0,69.0,23.0,77.1,1.7564
SC2-01,2022-10-07 02:00:00,2.9,173.0,61.0,21.9,81.8,1.7497
SC2-01,2022-10-07 03:00:00,2.9,128.0,45.0,22.4,86.5,1.8608
SC2-01,2022-10-07 04:00:00,2.4,156.0,38.0,22.4,87.7,1.8573
SC2-01,2022-10-07 05:00:00,2.3,137.0,32.0,23.1,83.3,1.8678
SC2-01,2022-10-07 06:00:00,1.6,73.0,38.0,23.4,81.9,
SC2-01,2022-10-07 07:00:00,2.3,174.0,53.0,23.2,83.7,1.9016
SC2-01,2022-10-07 08:00:00,3.7,298.0,70.0,22.5,76.0,1.7978
SC2-01,2022-10-07 09:00:00,3.6,328.0,84.0,22.9,71.6,1.7615
SC2-01,2022-10-07 10:00:00,2.1,234.0,59.0,24.8,62.6,1.7536
SC2-01,2022-10-07 11:00:00,2.9,243.0,69.0,27.6,56.9,1.7745
SC2-01,2022-10-07 12:00:00,2.6,176.0,54.0,28.3,56.7,1.7545
SC2-01,2022-10-07 13:00:00,2.5,198.0,48.0,29.0,59.1,1.7792
SC2-01,2022-10-07 14:00:00,2.2,209.0,52.0,,57.8,1.7643
SC2-01,2022-10-07 15:00:00,1.8,107.0,46.0,29.2,54.5,1.7657
SC2-01,2022-10-07 16:00:00,2.4,221.0,75.0,30.5,47.5,
SC2-01,2022-10-07 17:00:00,3.5,308.0,103.0,29.9,48.7,1.73
SC2-01,2022-10-07 18:00:00,4.7,438.0,126.0,27.9,51.2,1.7126
SC2-01,2022-10-07 19:00:00,5.4,554.0,145.0,25.6,55.0,1.7162
SC2-01,2022-10-07 20:00:00,6.1,703.0,161.0,23.4,61.9,1.7255
SC2-01,2022-10-07 21:00:00,5.0,653.0,132.0,22.7,64.5,1.727
SC2-01,2022-10-07 22:00:00,5.5,661.0,129.0,22.7,72.7,1.8252
SC2-01,2022-10-07 23:00:00,5.0,569.0,116.0,21.4,79.8,1.8457
SC2-01,2022-10-08 00:00:00,4.7,511.0,104.0,20.4,77.7,1.8363
SC2-01,2022-10-08 01:00:00,4.0,516.0,104.0,21.4,73.1,1.8189
SC2-01,2022-10-08 02:00:00,3.7,452.0,80.0,20.5,74.9,1.8138
SC2-01,2022-10-08 03:00:00,3.3,411.0,71.0,19.2,76.8,1.7754
SC2-01,2022-10-08 04:00:00,2.2,261.0,,19.1,76.7,1.7566
SC2-01,2022-10-08 05:00:00,2.0,224.0,32.0,19.0,76.8,1.7622
SC2-01,2022-10-08 06:00:00,2.5,289.0,51.0,18.8,77.4,1.733
SC2-01,2022-10-08 07:00:00,3.3,334.0,69.0,19.4,77.7,1.7686
SC2-01,2022-10-08 08:00:00,4.3,496.0,97.0,18.7,71.3,1.6597
SC2-01,2022-10-08 09:00:00,3.9,477.0,112.0,20.7,63.2,1.6339
SC2-01,2022-10-08 10:00:00,4.1,462.0,118.0,22.4,55.4,1.5972
SC2-01,2022-10-08 11:00:00,3.9,409.0,114.0,25.2,43.9,1.485
SC2-01,2022-10-08 12:00:00,4.4,413.0,112.0,26.6,43.8,1.4984
SC2-01,2022-10-08 13:00:00,4.9,438.0,109.0,28.0,41.7,1.4951
SC2-01,2022-10-08 14:00:00,4.7,498.0,133.0,26.5,43.6,1.452
SC2-01,2022-10-08 15:00:00,5.1,591.0,140.0,26.0,47.9,1.474
SC2-01,2022-10-08 16:00:00,4.8,581.0,153.0,23.6,50.4,1.3839
SC2-01,2022-10-08 17:00:00,5.2,620.0,170.0,22.5,46.2,1.3227
SC2-01,2022-10-08 18:00:00,5.2,546.0,167.0,23.3,47.8,1.4198
SC2-01,2022-10-08 19:00:00,5.6,579.0,164.0,22.3,51.6,1.4774
SC2-01,2022-10-08 20:00:00,5.5,621.0,174.0,20.3,55.1,1.4704
SC2-01,2022-10-08 21:00:00,3.0,376.0,124.0,18.7,57.8,1.4808
SC2-01,2022-10-08 22:00:00,2.4,357.0,98.0,17.7,56.4,1.3942
SC2-01,2022-10-08 23:00:00,2.6,311.0,82.0,18.4,50.8,1.343
SC2-01,2022-10-09 00:00:00,3.0,359.0,109.0,18.6,47.2,1.295
SC2-01,2022-10-09 01:00:00,2.0,,62.0,18.2,53.1,1.3088
SC2-01,2022-10-09 02:00:00,1.2,193.0,40.0,17.5,58.2,1.3208
SC2-01,2022-10-09 03:00:00,1.0,194.0,19.0,17.9,59.2,1.3448
SC2-01,2022-10-09 04:00:00,0.9,195.0,35.0,18.0,57.3,1.3342
SC2-01,2022-10-09 05:00:00,,188.0,54.0,16.5,65.1,1.3786
SC2-01,2022-10-09 06:00:00,1.6,174.0,58.0,17.3,,
SC2-01,2022-10-09 07:00:00,2.7,322.0,95.0,18.1,61.5,1.4154
SC2-01,2022-10-09 08:00:00,4.1,459.0,131.0,20.9,59.0,1.4528
SC2-01,2022-10-09 09:00:00,4.8,538.0,153.0,21.7,58.2,1.4914
SC2-01,2022-10-09 10:00:00,3.9,499.0,166.0,24.8,48.6,1.4859
SC2-01,2022-10-09 11:00:00,4.2,559.0,179.0,25.7,45.5,1.4629
SC2-01,2022-10-09 12:00:00,3.4,467.0,160.0,27.4,37.7,1.4048
SC2-01,2022-10-09 13:00:00,3.6,467.0,172.0,28.6,26.7,1.3192
SC2-01,2022-10-09 14:00:00,3.6,460.0,153.0,28.9,27.9,1.3589
SC2-01,2022-10-09 15:00:00,2.9,439.0,149.0,29.2,34.1,1.4381
SC2-01,2022-10-09 16:00:00,3.3,488.0,152.0,29.8,37.3,1.49
SC2-01,2022-10-09 17:00:00,3.7,467.0,154.0,28.5,40.6,1.5025
SC2-01,2022-10-09 18:00:00,3.8,473.0,,27.7,44.8,1.5768
SC2-01,2022-10-09 19:00:00,3.2,402.0,146.0,27.1,45.0,1.5984
SC2-01,2022-10-09 20:00:00,3.2,306.0,138.0,25.8,47.7,1.5844
SC2-01,2022-10-09 21:00:00,2.3,130.0,106.0,24.7,48.6,1.5829
SC2-01,2022-10-09 22:00:00,1.7,144.0,109.0,22.8,,1.5581
SC2-01,2022-10-09 23:00:00,1.6,101.0,,21.2,59.9,1.5517
SC2-01,2022-10-10 00:00:00,2.0,120.0,100.0,20.8,61.7,1.5378
SC2-01,2022-10-10 01:00:00,1.4,128.0,87.0,20.6,60.2,1.4902
SC2-01,2022-10-10 02:00:00,1.3,129.0,80.0,19.6,63.5,1.5035
SC2-01,2022-10-10 03:00:00,1.9,138.0,90.0,19.9,69.3,1.5857
SC2-01,2022-10-10 04:00:00,2.5,163.0,85.0,19.6,72.8,1.615
SC2-01,2022-10-10 05:00:00,3.5,301.0,84.0,20.1,75.3,1.6529
SC2-01,2022-10-10 06:00:00,3.2,311.0,96.0,19.5,78.8,1.7019
SC2-01,2022-10-10 07:00:00,3.6,362.0,111.0,19.0,80.1,1.6932
SC2-01,2022-10-10 08:00:00,4.1,439.0,128.0,,70.5,1.62
SC2-01,2022-10-10 09:00:00,3.9,383.0,106.0,20.0,71.9,1.6405
SC2-01,2022-10-10 10:00:00,3.5,446.0,122.0,21.5,59.1,1.5442
SC2-01,2022-10-10 11:00:00,4.4,596.0,157.0,23.7,51.7,1.4921
SC2-01,2022-10-10 12:00:00,4.5,,166.0,24.0,48.9,1.4427
SC2-01,2022-10-10 13:00:00,4.5,546.0,168.0,25.5,50.2,1.5075
SC2-01,2022-10-10 14:00:00,3.7,400.0,130.0,26.0,43.9,1.4489
SC2-01,2022-10-10 15:00:00,3.3,345.0,148.0,26.4,42.1,1.4429
SC2-01,2022-10-10 16:00:00,3.6,326.0,158.0,25.7,42.6,1.4433
SC2-01,2022-10-10 17:00:00,4.1,356.0,158.0,25.0,43.4,1.4194
SC2-01,2022-10-10 18:00:00,5.4,447.0,179.0,24.1,44.6,1.4449
SC2-01,2022-10-10 19:00:00,6.0,512.0,186.0,22.4,49.4,1.4442
SC2-01,2022-10-10 20:00:00,4.7,368.0,146.0,21.5,42.3,1.3552
SC2-01,2022-10-10 21:00:00,2.5,191.0,100.0,19.6,45.9,
SC2-01,2022-10-10 22:00:00,2.1,123.0,73.0,18.8,44.4,1.2951
SC2-01,2022-10-10 23:00:00,1.3,52.0,49.0,17.3,44.3,1.2368
SC2-01,2022-10-11 00:00:00,1.0,1.0,20.0,17.6,45.2,1.2353
SC2-01,2022-10-11 01:00:00,1.2,1.0,18.0,17.1,46.4,1.2331
SC2-01,2022-10-11 02:00:00,1.1,1.0,16.0,14.6,47.5,1.107
SC2-01,2022-10-11 03:00:00,0.8,1.0,1.0,13.5,49.4,1.0836
SC2-01,2022-10-11 04:00:00,0.9,1.0,1.0,13.1,52.2,1.115
SC2-01,2022-10-11 05:00:00,1.8,1.0,1.0,13.1,61.1,1.1941
SC2-01,2022-10-11 06:00:00,3.1,83.0,4.0,12.7,61.7,1.1872
SC2-01,2022-10-11 07:00:00,4.2,280.0,40.0,12.8,63.0,1.2115
SC2-01,2022-10-11 08:00:00,,398.0,58.0,13.2,61.9,1.2311
SC2-01,2022-10-11 09:00:00,6.0,483.0,95.0,15.9,59.6,1.2694
SC2-01,2022-10-11 10:00:00,4.8,488.0,108.0,18.6,52.4,
SC2-01,2022-10-11 11:00:00,4.2,503.0,108.0,20.3,47.5,1.2435
SC2-01,2022-10-11 12:00:00,3.9,440.0,102.0,22.6,48.6,1.297
SC2-01,2022-10-11 13:00:00,4.4,412.0,82.0,23.3,45.0,1.278
SC2-01,2022-10-11 14:00:00,4.0,278.0,54.0,22.9,45.1,1.2515
SC2-01,2022-10-11 15:00:00,4.1,295.0,47.0,23.0,46.0,1.2718
SC2-01,2022-10-11 16:00:00,4.0,717.844024152507,68.0,23.1,48.9,1.3201
SC2-01,2022-10-11 17:00:00,3.9,540.4683338435352,88.0,22.4,48.2,1.2713
SC2-01,2022-10-11 18:00:00,4.1,63.674553001194624,88.0,20.8,45.1,1.1917
SC2-01,2022-10-11 19:00:00,4.7,460.0,89.0,19.7,54.5,1.2876
SC2-01,2022-10-11 20:00:00,3.7,416.0,82.0,19.3,57.1,1.3382
SC2-01,2022-10-11 21:00:00,2.1,329.0,67.0,18.4,58.3,1.3146
SC2-01,2022-10-11 22:00:00,1.5,155.0,29.0,17.7,61.1,1.3001
SC2-01,2022-10-11 23:00:00,2.0,175.0,25.0,19.1,58.9,1.3128
SC2-01,2022-10-12 00:00:00,2.6,198.0,32.0,18.3,72.4,1.4474
SC2-01,2022-10-12 01:00:00,3.4,258.0,44.0,18.6,73.6,1.4701
SC2-01,2022-10-12 02:00:00,2.2,99.0,1.0,17.3,73.0,1.4444
SC2-01,2022-10-12 03:00:00,1.8,81.0,5.0,18.9,74.4,1.529
SC2-01,2022-10-12 04:00:00,2.9,219.0,4.0,17.5,74.5,1.493
SC2-01,2022-10-12 05:00:00,3.2,206.0,1.0,16.7,76.6,1.5055
SC2-01,2022-10-12 06:00:00,4.1,262.0,42.0,16.2,78.7,1.5247
SC2-01,2022-10-12 07:00:00,3.9,287.0,59.0,16.8,79.5,1.588
SC2-01,2022-10-12 08:00:00,5.3,,104.0,19.3,79.6,1.7023
SC2-01,2022-10-12 09:00:00,5.2,424.0,125.0,21.2,71.6,1.6943
SC2-01,2022-10-12 10:00:00,5.3,526.0,156.0,24.5,63.2,1.7095
SC2-01,2022-10-12 11:00:00,5.5,494.0,-0.828070774127478,27.0,61.3,1.7783
SC2-01,2022-10-12 12:00:00,4.6,412.0,,28.0,54.9,1.7007
SC2-01,2022-10-12 13:00:00,4.4,388.0,119.0,30.1,51.5,1.7209
SC2-01,2022-10-12 14:00:00,4.8,394.0,137.0,29.8,45.4,1.6198
SC2-01,2022-10-12 15:00:00,3.9,330.0,123.0,29.6,42.4,1.5832
SC2-01,2022-10-12 16:00:00,2.8,207.0,109.0,29.0,38.9,1.5182
SC2-01,2022-10-12 17:00:00,4.7,428.0,144.0,28.3,42.1,1.5558
SC2-01,2022-10-12 18:00:00,5.7,560.0,169.0,26.8,50.2,1.6251
SC2-01,2022-10-12 19:00:00,4.8,504.0,164.0,24.4,54.6,1.6461
SC2-01,2022-10-12 20:00:00,4.6,434.0,154.0,22.8,60.6,1.6561
SC2-01,2022-10-12 21:00:00,2.9,291.0,130.0,22.0,64.5,1.6772
SC2-01,2022-10-12 22:00:00,2.4,203.0,101.0,21.7,68.9,1.6907
SC2-01,2022-10-12 23:00:00,2.2,200.0,95.0,21.1,69.4,1.675
SC2-01,2022-10-13 00:00:00,2.1,193.0,104.0,21.8,72.2,1.7286
SC2-01,2022-10-13 01:00:00,1.7,120.0,91.0,22.7,74.3,1.8241
SC2-01,2022-10-13 02:00:00,2.4,94.0,92.0,22.2,77.9,1.8442
SC2-01,2022-10-13 03:00:00,1.1,21.0,74.0,21.7,75.5,1.8108
SC2-01,2022-10-13 04:00:00,0.9,1.0,32.0,21.4,69.7,1.7227
SC2-01,2022-10-13 05:00:00,0.0,1.0,18.0,20.4,66.2,1.6244
SC2-01,2022-10-13 06:00:00,0.2,1.0,28.0,19.7,69.8,1.6086
SC2-01,2022-10-13 07:00:00,0.6,6.0,71.0,20.7,65.1,1.5681
SC2-01,2022-10-13 08:00:00,2.2,244.0,101.0,21.1,67.7,1.6235
SC2-01,2022-10-13 09:00:00,2.7,296.0,113.0,22.5,61.6,1.6026
SC2-01,2022-10-13 10:00:00,2.5,273.0,120.0,23.4,52.2,1.4951
SC2-01,2022-10-13 11:00:00,2.9,348.0,127.0,25.9,42.3,1.4426
SC2-01,2022-10-13 12:00:00,2.3,212.0,105.0,27.1,38.5,1.4379
SC2-01,2022-10-13 13:00:00,1.6,125.0,79.0,26.3,38.3,1.4054
SC2-01,2022-10-13 14:00:00,1.7,109.0,96.0,26.9,39.1,1.4176
SC2-01,2022-10-13 15:00:00,1.9,168.0,96.0,28.4,34.0,1.4326
SC2-01,2022-10-13 16:00:00,3.0,339.0,121.0,29.4,34.3,1.5056
SC2-01,2022-10-13 17:00:00,2.7,287.0,109.0,28.8,,1.5373
SC2-01,2022-10-13 18:00:00,3.3,285.0,106.0,26.2,46.1,1.5264
SC2-01,2022-10-13 19:00:00,3.8,379.0,111.0,23.8,52.4,1.5458
SC2-01,2022-10-13 20:00:00,3.8136437440720594,358.0,135.0,22.9,50.3,1.4941
SC2-01,2022-10-13 21:00:00,2.427287488144119,280.0,118.0,,54.5,1.5075
SC2-01,2022-10-13 22:00:00,1.940931232216179,202.0,88.0,23.3,50.5,1.5469
SC2-01,2022-10-13 23:00:00,2.2545749762882386,235.0,95.0,21.4,58.9,1.5819
SC2-01,2022-10-14 00:00:00,2.168218720360298,227.0,,21.2,61.5,1.6426
SC2-01,2022-10-14 01:00:00,1.1818624644323579,83.0,52.0,20.0,62.7,1.6247
SC2-01,2022-10-14 02:00:00,1.2955062085044173,,,21.3,67.1,1.7147
SC2-01,2022-10-14 03:00:00,,1.0,1.0,22.4,67.5,1.7403
SC2-01,2022-10-14 04:00:00,1.6227936966485368,1.0,2.0,21.2,69.3,1.7375
SC2-01,2022-10-14 05:00:00,1.8364374407205963,1.0,2.0,20.7,70.1,1.7272
SC2-01,2022-10-14 06:00:00,1.250081184792656,1.0,1.0,19.1,72.4,1.6974
SC2-01,2022-10-14 07:00:00,2.1637249288647156,90.0,40.0,19.0,76.7,1.717
SC2-01,2022-10-14 08:00:00,3.677368672936775,,86.0,20.4,71.1,1.724
SC2-01,2022-10-14 09:00:00,3.5910124170088347,305.0,90.0,24.0,60.2,1.7528
SC2-01,2022-10-14 10:00:00,3.004656161080894,331.0,92.0,26.8,48.2,1.7015
SC2-01,2022-10-14 11:00:00,3.6182999051529543,378.0,110.0,30.8,42.5,1.7449
SC2-01,2022-10-14 12:00:00,3.731943649225014,407.0,113.0,32.1,41.9,1.7612
SC2-01,2022-10-14 13:00:00,3.2455873932970736,412.0,106.0,31.3,42.5,1.7244
SC2-01,2022-10-14 14:00:00,2.759231137369133,260.0,54.0,32.1,43.9,1.7513
SC2-01,2022-10-14 15:00:00,3.2728748814411928,297.0,81.0,32.4,42.5,1.7416
SC2-01,2022-10-14 16:00:00,2.8865186255132524,291.0,75.0,32.8,39.8,1.7051
SC2-01,2022-10-14 17:00:00,3.000162369585312,206.0,70.0,31.7,44.3,1.702
SC2-01,2022-10-14 18:00:00,3.9138061136573716,332.0,97.0,29.2,49.8,1.727
SC2-01,2022-10-14 19:00:00,4.027449857729431,331.0,90.0,27.7,50.9,1.6954
SC2-01,2022-10-14 20:00:00,4.241093601801491,330.0,93.0,28.7,52.8,1.7828
SC2-01,2022-10-14 21:00:00,2.2547373458735507,195.0,66.0,27.4,54.5,1.7932
SC2-01,2022-10-14 22:00:00,2.06838108994561,116.0,43.0,28.0,53.8,1.8476
SC2-01,2022-10-14 23:00:00,3.08202483401767,160.0,38.0,26.2,63.4,1.9063
SC2-01,2022-10-15 00:00:00,2.0956685780897293,103.0,9.0,25.1,66.5,1.9392
SC2-01,2022-10-15 01:00:00,2.2093123221617894,176.0,6.0,23.6,72.3,1.9636
SC2-01,2022-10-15 02:00:00,1.1229560662338487,119.0,1.0,23.3,71.9,1.9318
SC2-01,2022-10-15 03:00:00,2.0365998103059084,187.0,21.0,24.0,70.0,1.9202
SC2-01,2022-10-15 04:00:00,1.550243554377968,98.0,1.0,22.7,73.3,1.9094
SC2-01,2022-10-15 05:00:00,1.6638872984500277,53.0,5.0,21.6,73.6,1.9059
SC2-01,2022-10-15 06:00:00,1.6775310425220873,1.0,7.0,21.1,75.6,1.8885
SC2-01,2022-10-15 07:00:00,1.6911747865941469,8.0,8.0,20.3,78.5,1.9192
SC2-01,2022-10-15 08:00:00,2.9048185306662067,231.0,45.0,21.4,79.8,1.9755
SC2-01,2022-10-15 09:00:00,4.818462274738266,392.0,74.0,22.1,84.4,2.0601
SC2-01,2022-10-15 10:00:00,4.632106018810325,461.0,110.0,24.9,74.2,2.007
SC2-01,2022-10-15 11:00:00,4.345749762882385,459.0,120.0,25.5,,1.9484
SC2-01,2022-10-15 12:00:00,3.7593935069544453,403.0,107.0,26.0,62.6,1.8738
SC2-01,2022-10-15 13:00:00,4.273037251026505,515.0,116.0,26.5,60.2,1.0369902813747078
SC2-01,2022-10-15 14:00:00,3.886680995098564,434.0,102.0,26.1,61.6,1.8564
SC2-01,2022-10-15 15:00:00,3.9003247391706237,420.0,84.0,27.1,61.0,1.8755
SC2-01,2022-10-15 16:00:00,4.113968483242684,442.0,100.0,25.4,63.3,1.8917
SC2-01,2022-10-15 17:00:00,3.8276122273147433,440.0,123.0,24.2,61.8,1.8502
SC2-01,2022-10-15 18:00:00,4.641255971386803,411.0,121.0,23.0,70.1,1.9346
SC2-01,2022-10-15 19:00:00,4.754899715458862,388.0,116.0,22.0,76.1,1.9885
SC2-01,2022-10-15 20:00:00,4.8685434595309225,353.0,,21.6,77.2,2.034
SC2-01,2022-10-15 21:00:00,4.582187203602982,277.0,90.0,21.3,81.1,2.0571
SC2-01,2022-10-15 22:00:00,4.295830947675041,205.0,75.0,22.2,74.6,2.0309
SC2-01,2022-10-15 23:00:00,5.009474691747101,235.0,71.0,23.6,75.5,2.0762
SC2-01,2022-10-16 00:00:00,5.223118435819161,266.0,78.0,23.3,74.9,2.0793
SC2-01,2022-10-16 01:00:00,4.436762179891221,137.0,51.0,23.0,74.4,2.0488
SC2-01,2022-10-16 02:00:00,3.95040592396328,116.0,27.0,22.8,74.3,2.0229
SC2-01,2022-10-16 03:00:00,4.46404966803534,163.0,46.0,22.2,71.8,1.9651
SC2-01,2022-10-16 04:00:00,,65.0,8.0,21.2,74.5,1.9822
SC2-01,2022-10-16 05:00:00,3.191337156179459,106.0,1.0,21.1,74.7,1.9873
SC2-01,2022-10-16 06:00:00,3.6049809002515185,125.0,10.0,21.6,75.3,2.0199
SC2-01,2022-10-16 07:00:00,4.5186246443235785,202.0,30.0,22.8,69.8,1.9901
SC2-01,2022-10-16 08:00:00,5.632268388395637,327.0,62.0,22.8,69.0,1.9936
SC2-01,2022-10-16 09:00:00,6.145912132467697,377.0,93.0,22.2,67.1,1.9972
SC2-01,2022-10-16 10:00:00,5.959555876539756,,93.0,25.0,61.0,1.9761
SC2-01,2022-10-16 11:00:00,5.1731996206118165,301.0,71.0,28.1,53.7,1.981
SC2-01,2022-10-16 12:00:00,5.286843364683877,265.0,65.0,29.8,50.1,1.9838
SC2-01,2022-10-16 13:00:00,4.800487108755936,233.0,57.0,29.7,47.9,1.9399
SC2-01,2022-10-16 14:00:00,5.314130852827996,357.0,86.0,29.8,50.6,1.9318
SC2-01,2022-10-16 15:00:00,4.427774596900055,301.0,72.0,30.3,51.7,1.9652
SC2-01,2022-10-16 16:00:00,4.141418340972115,288.0,69.0,28.9,61.6,2.0476
SC2-01,2022-10-16 17:00:00,4.255062085044174,247.0,59.0,27.3,64.2,2.0408
SC2-01,2022-10-16 18:00:00,5.068705829116234,313.0,75.0,26.4,68.4,2.1164
SC2-01,2022-10-16 19:00:00,4.882349573188294,339.0,97.0,23.8,68.7,2.0441
SC2-01,2022-10-16 20:00:00,4.695993317260354,331.0,86.0,21.6,76.6,2.088
SC2-01,2022-10-16 21:00:00,4.109637061332413,,98.0,19.6,82.6,2.0828
SC2-01,2022-10-16 22:00:00,2.723280805404473,177.0,64.0,18.9,83.0,2.0834
SC2-01,2022-10-16 23:00:00,3.3369245494765325,287.0,77.0,18.4,89.0,2.1506
SC2-01,2022-10-17 00:00:00,3.450568293548592,216.0,74.0,19.7,88.1,2.1961
SC2-01,2022-10-17 01:00:00,2.8642120376206517,170.0,55.0,19.5,84.8,2.1675
SC2-01,2022-10-17 02:00:00,2.9778557816927114,114.0,63.0,19.0,81.1,2.1089
SC2-01,2022-10-17 03:00:00,2.591499525764771,121.0,61.0,18.5,84.5,2.1061
SC2-01,2022-10-17 04:00:00,3.7051432698368307,162.0,59.0,18.6,85.4,2.0853
SC2-01,2022-10-17 05:00:00,3.91878701390889,169.0,57.0,18.2,84.9,2.0786
SC2-01,2022-10-17 06:00:00,3.9324307579809497,186.0,63.0,18.2,89.5,2.1416
SC2-01,2022-10-17 07:00:00,5.246074502053009,382.0,93.0,19.7,86.1,2.1801
SC2-01,2022-10-17 08:00:00,6.259718246125068,507.0,114.0,22.3,81.0,2.2096
SC2-01,2022-10-17 09:00:00,4.973361990197128,393.0,109.0,23.2,71.1,2.1563
SC2-01,2022-10-17 10:00:00,4.4870057342691885,437.0,113.0,24.6,68.6,2.2034
SC2-01,2022-10-17 11:00:00,4.500649478341248,379.0,122.0,26.2,59.0,2.1601
SC2-01,2022-10-17 12:00:00,3.714293222413308,331.0,106.0,26.6,53.9,2.1022
SC2-01,2022-10-17 13:00:00,3.4279369664853676,246.0,84.0,26.5,51.1,2.0513
SC2-01,2022-10-17 14:00:00,2.641580710557427,223.0,79.0,27.9,50.4,2.076
SC2-01,2022-10-17 15:00:00,2.3552244546294867,128.0,71.0,27.5,54.8,2.1034
SC2-01,2022-10-17 16:00:00,2.668868198701546,159.0,77.0,26.6,52.8,2.0511
SC2-01,2022-10-17 17:00:00,3.5825119427736056,208.0,87.0,25.8,54.0,2.0702
SC2-01,2022-10-17 18:00:00,4.396155686845665,264.0,86.0,24.9,,2.1511
SC2-01,2022-10-17 19:00:00,4.709799430917725,334.0,96.0,22.9,67.2,2.215
SC2-01,2022-10-17 20:00:00,4.823443174989785,351.0,95.0,22.4,69.3,2.2338
SC2-01,2022-10-17 21:00:00,4.737086919061844,340.0,81.0,22.4,68.6,2.2349
SC2-01,2022-10-17 22:00:00,3.150730663133904,195.0,52.0,20.8,70.0,2.2116
SC2-01,2022-10-17 23:00:00,2.6643744072059636,140.0,33.0,,73.7,2.2262
SC2-01,2022-10-18 00:00:00,2.578018151278023,7.0,17.0,20.6,74.0,2.2291
SC2-01,2022-10-18 01:00:00,2.791661895350083,58.0,37.0,19.4,69.2,2.1358
SC2-01,2022-10-18 02:00:00,3.1053056394221423,101.0,20.0,17.7,73.5,2.1352
SC2-01,2022-10-18 03:00:00,,99.0,28.0,16.6,80.4,2.1769
SC2-01,2022-10-18 04:00:00,,,15.0,16.2,82.0,2.1679
SC2-01,2022-10-18 05:00:00,3.046236871638322,143.0,17.0,16.0,79.8,2.1209
SC2-01,2022-10-18 06:00:00,3.159880615710381,130.0,37.0,15.9,78.9,2.1089
SC2-01,2022-10-18 07:00:00,3.573524359782441,167.0,47.0,17.6,72.2,2.0965
SC2-01,2022-10-18 08:00:00,4.2871681038545,274.0,51.0,18.2,,2.0552
SC2-01,2022-10-18 09:00:00,4.20081184792656,271.0,46.0,19.6,59.4,
SC2-01,2022-10-18 10:00:00,3.51445559199862,273.0,37.0,23.1,51.0,2.0606
SC2-01,2022-10-18 11:00:00,4.428099336070679,305.0,56.0,26.0,46.1,2.0608
SC2-01,2022-10-18 12:00:00,5.341743080142739,353.0,67.0,25.9,47.1,2.04
SC2-01,2022-10-18 13:00:00,6.055386824214798,322.0,59.0,26.3,48.4,2.0329
SC2-01,2022-10-18 14:00:00,,288.0,80.0,26.4,46.9,2.0137
SC2-01,2022-10-18 15:00:00,6.182674312358918,380.0,,26.2,47.9,2.0008
SC2-01,2022-10-18 16:00:00,5.7963180564309775,367.0,86.0,24.6,49.3,1.9333
SC2-01,2022-10-18 17:00:00,6.209961800503037,452.0,120.0,24.4,51.8,1.9549
SC2-01,2022-10-18 18:00:00,6.923605544575096,510.0,141.0,22.8,52.3,1.9181
SC2-01,2022-10-18 19:00:00,5.637249288647157,400.0,106.0,21.6,51.7,1.8638
SC2-01,2022-10-18 20:00:00,5.450893032719216,375.0,93.0,20.4,57.6,1.8874
SC2-01,2022-10-18 21:00:00,4.864536776791276,373.0,76.0,19.5,57.2,1.8965
SC2-01,2022-10-18 22:00:00,5.078180520863335,323.0,52.0,18.9,61.7,1.9333
SC2-01,2022-10-18 23:00:00,3.9918242649353948,182.0,19.0,17.2,66.4,1.9391
SC2-01,2022-10-19 00:00:00,4.805468009007455,352.0,63.0,18.8,57.8,1.9004
SC2-01,2022-10-19 01:00:00,4.519111753079514,296.0,43.0,18.7,56.4,1.8497
SC2-01,2022-10-19 02:00:00,3.232755497151574,170.0,1.0,16.6,55.9,1.7705
SC2-01,2022-10-19 03:00:00,2.846399241223634,142.0,1.0,17.7,56.5,1.8109
SC2-01,2022-10-19 04:00:00,3.560042985295693,,1.0,17.1,54.4,1.7238
SC2-01,2022-10-19 05:00:00,3.373686729367753,149.0,1.0,16.7,59.6,1.7492
SC2-01,2022-10-19 06:00:00,3.4873304734398127,230.0,8.0,15.3,60.7,1.6944
SC2-01,2022-10-19 07:00:00,5.100974217511872,406.0,54.0,17.2,62.5,1.7602
SC2-01,2022-10-19 08:00:00,5.914617961583931,527.0,78.0,16.7,60.8,1.7034
SC2-01,2022-10-19 09:00:00,6.028261705655992,543.0,74.0,17.5,53.6,1.6591
SC2-01,2022-10-19 10:00:00,5.4419054497280515,462.0,65.0,18.6,50.2,1.6172
SC2-01,2022-10-19 11:00:00,4.75554919380011,476.0,75.0,20.2,42.0,1.5358
SC2-01,2022-10-19 12:00:00,4.06919293787217,398.0,55.0,19.7,46.4,1.563
SC2-01,2022-10-19 13:00:00,3.98283668194423,373.0,39.0,20.5,41.2,1.5628
SC2-01,2022-10-19 14:00:00,3.696480426016289,362.0,37.0,20.2,40.9,1.539
SC2-01,2022-10-19 15:00:00,4.510124170088349,416.0,,21.2,41.5,1.565
SC2-01,2022-10-19 16:00:00,4.623767914160409,380.0,79.0,21.3,41.5,1.5449
SC2-01,2022-10-19 17:00:00,5.237411658232468,435.0,99.0,19.4,38.6,1.4068
SC2-01,2022-10-19 18:00:00,6.151055402304529,503.0,115.0,18.3,45.2,1.4437
SC2-01,2022-10-19 19:00:00,6.2646991463765875,494.0,114.0,17.9,45.3,1.4486
SC2-01,2022-10-19 20:00:00,5.878342890448647,468.0,89.0,16.5,50.6,1.4806
SC2-01,2022-10-19 21:00:00,5.391986634520707,459.0,100.0,16.3,49.0,1.4125
SC2-01,2022-10-19 22:00:00,5.405630378592766,125.48036829741295,100.0,16.3,49.0,1.4125
SC2-01,2022-10-19 23:00:00,4.819274122664826,383.0,84.0,15.6,51.1,1.3987
SC2-01,2022-10-20 00:00:00,,410.0,100.0,15.6,55.3,1.4524
SC2-01,2022-10-20 01:00:00,4.646561610808946,361.0,,15.6,55.2,1.4504
SC2-01,2022-10-20 02:00:00,4.160205354881006,308.0,62.0,13.7,53.3,1.3884
SC2-01,2022-10-20 03:00:00,4.573849098953065,408.0,89.0,13.3,60.1,1.4316
SC2-01,2022-10-20 04:00:00,,343.0,70.0,13.3,62.1,1.4439
SC2-01,2022-10-20 05:00:00,4.501136587097184,352.0,79.0,13.8,62.9,1.4474
SC2-01,2022-10-20 06:00:00,4.714780331169244,350.0,84.0,12.7,64.4,1.411
SC2-01,2022-10-20 07:00:00,6.528424075241304,495.0,109.0,14.8,65.2,
SC2-01,2022-10-20 08:00:00,,585.0,118.0,17.0,66.6,1.5961
SC2-01,2022-10-20 09:00:00,6.755711563385422,599.0,129.0,17.7,61.6,1.5814
SC2-01,2022-10-20 10:00:00,6.769355307457482,589.0,117.0,20.2,58.1,1.6147
SC2-01,2022-10-20 11:00:00,6.182999051529542,454.0,109.0,23.4,55.3,1.6634
SC2-01,2022-10-20 12:00:00,6.396642795601602,460.0,124.0,24.8,48.4,1.6155
SC2-01,2022-10-20 13:00:00,6.210286539673661,413.0,113.0,25.4,48.6,1.6431
SC2-01,2022-10-20 14:00:00,6.623930283745722,406.0,102.0,27.4,42.4,1.6141
SC2-01,2022-10-20 15:00:00,6.637574027817781,348.0,104.0,26.2,46.9,1.5958
SC2-01,2022-10-20 16:00:00,6.351217771889839,372.0,137.0,27.2,41.5,1.5693
SC2-01,2022-10-20 17:00:00,6.4648615159619,320.0,135.0,28.2,39.1,1.5998
SC2-01,2022-10-20 18:00:00,7.5785052600339595,,140.0,27.7,42.8,1.6385
SC2-01,2022-10-20 19:00:00,7.3921490041060185,398.0,139.0,26.5,43.7,1.6076
SC2-01,2022-10-20 20:00:00,7.605792748178079,458.0,151.0,24.5,48.5,1.6084
SC2-01,2022-10-20 21:00:00,7.119436492250138,483.0,148.0,22.3,57.1,1.6415
SC2-01,2022-10-20 22:00:00,5.933080236322198,349.0,119.0,22.2,61.1,
SC2-01,2022-10-20 23:00:00,6.246723980394258,285.0,80.0,21.0,70.6,1.7698
SC2-01,2022-10-21 00:00:00,5.760367724466317,246.0,52.0,19.8,71.3,1.6971
SC2-01,2022-10-21 01:00:00,5.074011468538377,189.0,46.0,18.4,72.5,1.6634
SC2-01,2022-10-21 02:00:00,4.587655212610437,195.0,37.0,18.9,75.1,1.681
SC2-01,2022-10-21 03:00:00,4.801298956682496,232.0,54.0,18.2,69.8,1.6072
SC2-01,2022-10-21 04:00:00,4.7149427007545555,192.0,34.0,17.7,68.3,1.5957
SC2-01,2022-10-21 05:00:00,5.328586444826615,253.0,45.0,18.5,64.5,1.5852
SC2-01,2022-10-21 06:00:00,4.642230188898675,177.0,29.0,18.1,65.1,1.5562
SC2-01,2022-10-21 07:00:00,4.755873932970735,204.0,41.0,18.3,61.3,1.5521
SC2-01,2022-10-21 08:00:00,6.669517677042794,366.0,82.0,19.1,58.4,1.527
SC2-01,2022-10-21 09:00:00,6.283161421114854,304.0,61.0,20.1,56.9,1.5434
SC2-01,2022-10-21 10:00:00,6.196805165186914,310.0,63.0,24.0,50.7,1.5972
SC2-01,2022-10-21 11:00:00,5.410448909258973,271.0,60.0,25.7,43.4,1.5819
SC2-01,2022-10-21 12:00:00,4.824092653331032,187.0,,26.7,42.3,1.5277
SC2-01,2022-10-21 13:00:00,5.437736397403093,,70.0,27.9,37.5,1.4904
SC2-01,2022-10-21 14:00:00,4.351380141475152,114.0,74.0,26.5,33.6,1.3711
SC2-01,2022-10-21 15:00:00,3.9650238855472115,52.0,59.0,,35.3,1.3852
SC2-01,2022-10-21 16:00:00,4.578667629619272,168.0,72.0,25.7,41.1,
SC2-01,2022-10-21 17:00:00,5.292311373691331,226.0,90.0,25.2,43.2,1.4338
SC2-01,2022-10-21 18:00:00,6.60595511776339,271.0,103.0,23.1,42.4,1.3781
SC2-01,2022-10-21 19:00:00,7.119598861835451,,122.0,21.2,40.5,1.3026
SC2-01,2022-10-21 20:00:00,6.63324260590751,311.0,102.0,19.8,44.7,1.2929
SC2-01,2022-10-21 21:00:00,5.74688634997957,299.0,103.0,17.7,45.0,
SC2-01,2022-10-21 22:00:00,5.160530094051629,204.0,79.0,16.5,53.1,1.3
SC2-01,2022-10-21 23:00:00,5.674173838123689,256.0,78.0,17.0,57.3,1.3262
SC2-01,2022-10-22 00:00:00,2.7378175821957482,1.0,1.0,17.4,,1.3594
SC2-01,2022-10-22 01:00:00,2.751461326267808,1.0,1.0,15.1,61.2,1.2918
SC2-01,2022-10-22 02:00:00,2.765105070339868,1.0,1.0,15.4,63.9,1.3414
SC2-01,2022-10-22 03:00:00,2.7787488144119274,1.0,1.0,14.7,68.8,1.3397
SC2-01,2022-10-22 04:00:00,7.142392558483987,332.0,63.0,15.5,66.5,1.371
SC2-01,2022-10-22 05:00:00,6.456036302556047,300.0,51.0,14.1,67.5,1.369
SC2-01,2022-10-22 06:00:00,5.3696800466281065,200.0,33.0,13.7,69.5,1.3645
SC2-01,2022-10-22 07:00:00,6.083323790700166,209.0,41.0,13.9,65.3,1.2945
SC2-01,2022-10-22 08:00:00,6.896967534772225,360.0,74.0,14.4,65.4,1.3076
SC2-01,2022-10-22 09:00:00,6.810611278844285,292.0,67.0,,63.8,1.3272
SC2-01,2022-10-22 10:00:00,6.5242550229163445,283.0,70.0,17.6,52.8,1.2824
SC2-01,2022-10-22 11:00:00,5.137898766988404,90.0,,19.1,44.4,1.22
SC2-01,2022-10-22 12:00:00,4.651542511060464,1.0,31.0,19.7,41.7,1.1778
SC2-01,2022-10-22 13:00:00,4.865186255132524,1.0,32.0,19.1,42.7,1.1378
SC2-01,2022-10-22 14:00:00,,,27.0,18.3,45.2,1.1407
SC2-01,2022-10-22 15:00:00,4.392473743276643,1.0,15.0,18.5,49.6,1.1644
SC2-01,2022-10-22 16:00:00,4.906117487348703,1.0,3.0,19.9,58.3,1.2812
SC2-01,2022-10-22 17:00:00,5.919761231420763,87.0,38.0,18.6,63.8,1.3381
SC2-01,2022-10-22 18:00:00,,116.0,47.0,16.6,68.9,1.358
SC2-01,2022-10-22 19:00:00,6.447048719564881,207.0,68.0,13.8,73.0,
SC2-01,2022-10-22 20:00:00,5.360692463636941,194.0,72.0,11.9,71.9,1.3368
SC2-01,2022-10-22 21:00:00,5.474336207709001,238.0,76.0,12.7,74.6,1.3619
SC2-01,2022-10-22 22:00:00,3.9879799517810604,160.0,73.0,11.3,76.4,1.3559
SC2-01,2022-10-22 23:00:00,5.701623695853121,280.0,83.0,10.9,82.7,1.4295
SC2-01,2022-10-23 00:00:00,5.71526743992518,286.0,75.0,10.6,87.1,1.5186
SC2-01,2022-10-23 01:00:00,5.52891118399724,335.0,89.0,8.9,92.8,1.4832
SC2-01,2022-10-23 02:00:00,6.2425549280693,379.0,85.0,8.9,94.4,1.4934
SC2-01,2022-10-23 03:00:00,6.356198672141359,384.0,72.0,10.5,88.2,1.4937
SC2-01,2022-10-23 04:00:00,7.1698424162134184,457.0,67.0,10.9,84.9,1.4892
SC2-01,2022-10-23 05:00:00,7.783486160285478,605.0,93.0,11.6,84.9,1.4759
SC2-01,2022-10-23 06:00:00,7.383486160285478,556.0,107.0,10.2,92.7,1.5104
SC2-01,2022-10-23 07:00:00,8.283486160285477,599.0,117.0,9.8,94.2,1.5457
SC2-01,2022-10-23 08:00:00,9.083486160285478,633.0,131.0,9.9,90.9,1.5183
SC2-01,2022-10-23 09:00:00,8.983486160285478,609.0,132.0,11.7,80.9,1.5003
SC2-01,2022-10-23 10:00:00,7.783486160285478,506.0,115.0,15.2,75.9,1.5535
SC2-01,2022-10-23 11:00:00,6.983486160285478,435.0,100.0,17.2,69.3,1.4989
SC2-01,2022-10-23 12:00:00,7.083486160285478,437.0,96.0,18.9,69.3,1.5249
SC2-01,2022-10-23 13:00:00,5.783486160285478,271.0,64.0,20.4,62.7,1.487
SC2-01,2022-10-23 14:00:00,4.983486160285478,150.0,41.0,18.9,66.1,1.4497
SC2-01,2022-10-23 15:00:00,4.883486160285478,141.0,49.0,19.1,62.7,1.3883
SC2-01,2022-10-23 16:00:00,4.283486160285478,151.0,69.0,19.0,55.1,1.3239
SC2-01,2022-10-23 17:00:00,4.883486160285478,188.0,69.0,18.7,53.5,1.3027
SC2-01,2022-10-23 18:00:00,5.983486160285478,205.0,81.0,16.5,55.7,1.301
SC2-01,2022-10-23 19:00:00,6.183486160285478,254.0,77.0,15.2,61.1,1.3323
SC2-01,2022-10-23 20:00:00,5.783486160285478,212.0,56.0,13.5,69.6,1.374
SC2-01,2022-10-23 21:00:00,5.483486160285478,253.0,67.0,13.9,74.6,1.4382
SC2-01,2022-10-23 22:00:00,4.683486160285478,200.0,69.0,12.8,76.6,1.4278
SC2-01,2022-10-23 23:00:00,4.883486160285478,192.0,63.0,11.9,79.2,1.4316
SC2-01,2022-10-24 00:00:00,5.583486160285478,236.0,67.0,12.5,80.7,1.4684
SC2-01,2022-10-24 01:00:00,4.483486160285478,97.0,31.0,12.3,82.7,1.4965
SC2-01,2022-10-24 02:00:00,3.983486160285478,31.0,10.0,12.3,91.2,1.5864
SC2-01,2022-10-24 03:00:00,3.583486160285478,1.0,14.0,11.4,86.9,1.4979
SC2-01,2022-10-24 04:00:00,3.483486160285478,1.0,1.0,10.6,88.6,1.5059
SC2-01,2022-10-24 05:00:00,4.083486160285478,1.0,1.0,11.4,87.6,1.5328
SC2-01,2022-10-24 06:00:00,4.683486160285478,1.0,5.0,10.8,94.1,1.6065
SC2-01,2022-10-24 07:00:00,5.383486160285478,99.0,25.0,11.2,91.5,1.6108
SC2-01,2022-10-24 08:00:00,6.483486160285478,241.0,58.0,12.3,89.9,1.6167
SC2-01,2022-10-24 09:00:00,7.483486160285478,333.0,98.0,14.2,83.8,1.5994
SC2-01,2022-10-24 10:00:00,6.283486160285478,184.0,76.0,18.2,77.3,1.6656
SC2-01,2022-10-24 11:00:00,4.583486160285478,,43.0,17.8,74.0,1.5738
SC2-01,2022-10-24 12:00:00,4.683486160285478,13.0,54.0,18.2,72.2,1.5462
SC2-01,2022-10-24 13:00:00,5.183486160285478,16.0,43.0,20.5,68.5,1.5673
SC2-01,2022-10-24 14:00:00,4.583486160285478,1.0,31.0,21.1,63.8,1.5472
SC2-01,2022-10-24 15:00:00,4.883486160285478,64.0,51.0,22.0,59.8,1.4901
SC2-01,2022-10-24 16:00:00,5.483486160285478,175.0,71.0,22.6,59.6,1.4952
SC2-01,2022-10-24 17:00:00,6.783486160285478,334.0,103.0,20.7,56.8,1.4052
SC2-01,2022-10-24 18:00:00,7.083486160285478,377.0,98.0,19.2,57.8,1.3974
SC2-01,2022-10-24 19:00:00,6.783486160285478,254.0,69.0,18.5,62.4,1.4336
SC2-01,2022-10-24 20:00:00,6.683486160285478,191.0,63.0,17.5,57.9,1.3979
SC2-01,2022-10-24 21:00:00,6.483486160285478,245.0,,17.6,58.1,1.4237
SC2-01,2022-10-24 22:00:00,4.783486160285478,13.0,33.0,18.0,61.6,1.4687
SC2-01,2022-10-24 23:00:00,4.883486160285478,57.0,30.0,17.4,53.7,1.343
SC2-01,2022-10-25 00:00:00,4.683486160285478,1.0,11.0,18.0,53.8,1.3238
SC2-01,2022-10-25 01:00:00,4.783486160285478,17.0,44.0,18.6,52.3,
SC2-01,2022-10-25 02:00:00,3.983486160285478,1.0,10.0,16.6,58.0,1.3175
SC2-01,2022-10-25 03:00:00,4.083486160285478,,22.0,16.6,56.5,1.2835
SC2-01,2022-10-25 04:00:00,3.983486160285478,1.0,4.0,15.8,57.1,1.2532
SC2-01,2022-10-25 05:00:00,4.083486160285478,1.0,1.0,17.1,56.5,1.2955
SC2-01,2022-10-25 06:00:00,4.283486160285478,1.0,7.0,16.4,52.6,1.2313
SC2-01,2022-10-25 07:00:00,6.483486160285478,102.0,38.0,16.8,55.4,1.2601
SC2-01,2022-10-25 08:00:00,7.383486160285478,251.0,78.0,17.4,48.5,1.2095
SC2-01,2022-10-25 09:00:00,7.983486160285478,349.0,98.0,19.3,43.5,1.2049
SC2-01,2022-10-25 10:00:00,6.783486160285478,217.0,65.0,22.6,36.9,1.2162
SC2-01,2022-10-25 11:00:00,6.683486160285478,175.0,56.0,24.7,31.5,1.208
SC2-01,2022-10-25 12:00:00,6.783486160285478,164.0,40.0,26.4,27.9,1.2503
SC2-01,2022-10-25 13:00:00,7.083486160285478,,16.0,26.0,28.5,1.2368
SC2-01,2022-10-25 14:00:00,5.583486160285478,48.0,,26.7,25.0,1.2132
SC2-01,2022-10-25 15:00:00,5.683486160285478,113.0,18.0,26.6,25.2,1.1866
SC2-01,2022-10-25 16:00:00,6.783486160285478,206.0,48.0,26.6,27.2,1.2073
SC2-01,2022-10-25 17:00:00,7.983486160285478,304.0,75.0,27.3,22.2,1.1913
SC2-01,2022-10-25 18:00:00,9.283486160285477,440.0,111.0,26.9,27.0,1.2104
SC2-01,2022-10-25 19:00:00,9.483486160285478,539.0,130.0,24.6,,1.1864
SC2-01,2022-10-25 20:00:00,9.983486160285478,655.0,134.0,21.9,46.2,1.2554
SC2-01,2022-10-25 21:00:00,9.783486160285477,696.0,159.0,22.4,50.6,1.3038
SC2-01,2022-10-25 22:00:00,8.983486160285478,527.0,130.0,21.3,60.5,
SC2-01,2022-10-25 23:00:00,7.783486160285478,463.0,122.0,19.8,59.7,1.332
SC2-01,2022-10-26 00:00:00,7.383486160285478,497.0,120.0,18.9,62.7,1.3237
SC2-01,2022-10-26 01:00:00,6.383486160285478,392.0,91.0,18.0,65.6,1.3385
SC2-01,2022-10-26 02:00:00,6.483486160285478,372.0,80.0,17.6,68.2,1.3843
SC2-01,2022-10-26 03:00:00,6.783486160285478,419.0,96.0,19.1,58.3,1.3304
SC2-01,2022-10-26 04:00:00,6.783486160285478,349.0,62.0,18.6,60.7,1.3208
SC2-01,2022-10-26 05:00:00,6.083486160285478,317.0,49.0,19.4,61.3,1.3595
SC2-01,2022-10-26 06:00:00,6.283486160285478,395.0,82.0,18.8,57.0,1.2896
SC2-01,2022-10-26 07:00:00,7.583486160285478,527.0,109.0,18.9,60.4,1.3181
SC2-01,2022-10-26 08:00:00,8.283486160285477,636.0,121.0,19.2,60.4,1.363
SC2-01,2022-10-26 09:00:00,8.083486160285478,661.0,133.0,21.6,54.6,1.3765
SC2-01,2022-10-26 10:00:00,8.283486160285477,659.0,162.0,24.0,47.0,1.3534
SC2-01,2022-10-26 11:00:00,7.583486160285478,569.0,153.0,25.7,47.3,1.4146
SC2-01,2022-10-26 12:00:00,6.283486160285478,385.0,133.0,27.7,42.3,1.402
SC2-01,2022-10-26 13:00:00,5.883486160285478,317.0,113.0,27.3,45.0,1.3957
SC2-01,2022-10-26 14:00:00,5.283486160285478,234.0,,28.1,41.7,1.3831
SC2-01,2022-10-26 15:00:00,5.283486160285478,248.0,85.0,27.9,41.5,1.3595
SC2-01,2022-10-26 16:00:00,5.683486160285478,269.0,95.0,27.7,41.1,1.3527
SC2-01,2022-10-26 17:00:00,6.483486160285478,391.0,113.0,26.1,45.8,1.3266
SC2-01,2022-10-26 18:00:00,6.983486160285478,459.0,131.0,23.9,48.4,1.2907
SC2-01,2022-10-26 19:00:00,6.483486160285478,374.0,127.0,22.5,53.3,1.3626
SC2-01,2022-10-26 20:00:00,6.983486160285478,394.0,133.0,19.8,63.5,1.4237
SC2-01,2022-10-26 21:00:00,5.883486160285478,285.0,113.0,18.9,64.4,1.397
SC2-01,2022-10-26 22:00:00,6.283486160285478,286.0,124.0,19.1,,1.4291
SC2-01,2022-10-26 23:00:00,5.683486160285478,200.0,109.0,18.8,,1.3663
SC2-01,2022-10-27 00:00:00,5.083486160285478,143.0,,19.4,59.5,1.3144
SC2-01,2022-10-27 01:00:00,5.183486160285478,163.0,60.0,19.7,59.5,1.3413
SC2-01,2022-10-27 02:00:00,5.583486160285478,208.0,78.0,18.6,61.0,1.3286
SC2-01,2022-10-27 03:00:00,4.483486160285478,110.0,57.0,16.9,64.4,1.2981
SC2-01,2022-10-27 04:00:00,4.583486160285478,82.0,42.0,16.3,63.6,1.2912
SC2-01,2022-10-27 05:00:00,5.383486160285478,194.0,59.0,16.9,66.9,1.3396
SC2-01,2022-10-27 06:00:00,5.583486160285478,187.0,67.0,17.6,59.0,1.2627
SC2-01,2022-10-27 07:00:00,5.583486160285478,165.0,63.0,18.2,52.9,1.2601
SC2-01,2022-10-27 08:00:00,6.783486160285478,342.0,96.0,17.9,50.5,1.1784
SC2-01,2022-10-27 09:00:00,7.083486160285478,363.0,107.0,20.2,54.4,1.2631
SC2-01,2022-10-27 10:00:00,6.583486160285478,291.0,89.0,23.8,51.4,1.3353
SC2-01,2022-10-27 11:00:00,6.383486160285478,247.0,100.0,25.7,44.8,1.293
SC2-01,2022-10-27 12:00:00,6.983486160285478,283.0,112.0,25.5,48.8,1.3064
SC2-01,2022-10-27 13:00:00,6.783486160285478,202.0,81.0,25.2,44.3,1.2216
SC2-01,2022-10-27 14:00:00,6.783486160285478,251.0,89.0,24.4,44.3,1.1924
SC2-01,2022-10-27 15:00:00,6.983486160285478,265.0,112.0,27.0,40.4,1.2345
SC2-01,2022-10-27 16:00:00,6.283486160285478,225.0,104.0,27.5,42.6,1.2798
SC2-01,2022-10-27 17:00:00,7.083486160285478,274.0,114.0,28.2,46.5,1.3529
SC2-01,2022-10-27 18:00:00,8.383486160285479,,132.0,27.0,48.2,1.3466
SC2-01,2022-10-27 19:00:00,8.783486160285477,412.0,120.0,25.7,54.3,1.4082
SC2-01,2022-10-27 20:00:00,8.283486160285477,367.0,108.0,24.8,,1.4122
SC2-01,2022-10-27 21:00:00,6.983486160285478,293.0,93.0,24.9,56.1,1.4554
SC2-01,2022-10-27 22:00:00,6.383486160285478,247.0,93.0,25.4,52.3,1.4575
SC2-01,2022-10-27 23:00:00,6.983486160285478,294.0,90.0,24.4,54.2,1.4834
SC2-01,2022-10-28 00:00:00,6.883486160285478,248.0,77.0,23.8,54.4,1.4797
SC2-01,2022-10-28 01:00:00,6.583486160285478,272.0,72.0,23.0,56.8,1.4808
SC2-01,2022-10-28 02:00:00,5.583486160285478,169.0,52.0,21.9,56.1,1.4261
SC2-01,2022-10-28 03:00:00,5.283486160285478,150.0,44.0,21.5,56.7,1.4236
SC2-01,2022-10-28 04:00:00,5.483486160285478,131.0,18.0,22.6,59.5,1.4737
SC2-01,2022-10-28 05:00:00,5.783486160285478,169.0,26.0,21.9,60.5,1.4729
SC2-01,2022-10-28 06:00:00,6.083486160285478,,50.0,19.5,66.5,1.4383
SC2-01,2022-10-28 07:00:00,8.083486160285478,418.0,117.0,20.3,63.9,1.4172
SC2-01,2022-10-28 08:00:00,8.983486160285478,557.0,138.0,21.3,62.1,1.4729
SC2-01,2022-10-28 09:00:00,8.583486160285478,561.0,138.0,22.9,60.1,1.5145
SC2-01,2022-10-28 10:00:00,6.683486160285478,433.0,102.0,24.8,55.2,1.4907
SC2-01,2022-10-28 11:00:00,7.083486160285478,499.0,118.0,26.8,52.6,1.4986
SC2-01,2022-10-28 12:00:00,6.183486160285478,361.0,99.0,27.1,47.3,1.4498
SC2-01,2022-10-28 13:00:00,6.383486160285478,324.0,92.0,27.0,42.1,1.3627
SC2-01,2022-10-28 14:00:00,7.183486160285478,373.0,111.0,26.8,44.0,1.3646
SC2-01,2022-10-28 15:00:00,6.483486160285478,334.0,114.0,27.5,41.2,1.3568
SC2-01,2022-10-28 16:00:00,5.783486160285478,335.0,122.0,26.5,38.2,1.2842
SC2-01,2022-10-28 17:00:00,5.883486160285478,396.0,145.0,24.5,38.9,1.2577
SC2-01,2022-10-28 18:00:00,7.183486160285478,455.0,159.0,22.7,42.3,1.2442
SC2-01,2022-10-28 19:00:00,7.783486160285478,463.0,185.0,21.2,37.1,1.1412
SC2-01,2022-10-28 20:00:00,7.883486160285478,477.0,177.0,20.2,44.3,1.189
SC2-01,2022-10-28 21:00:00,6.683486160285478,387.0,156.0,18.5,47.1,1.2079
SC2-01,2022-10-28 22:00:00,6.583486160285478,437.0,160.0,17.2,49.7,1.1617
SC2-01,2022-10-28 23:00:00,6.683486160285478,488.0,160.0,17.6,51.4,1.1852
SC2-01,2022-10-29 00:00:00,7.183486160285478,513.0,147.0,16.6,46.4,1.0989
SC2-01,2022-10-29 01:00:00,7.883486160285478,542.0,130.0,17.5,50.7,1.1912
SC2-01,2022-10-29 02:00:00,7.783486160285478,565.0,111.0,17.2,56.9,1.2718
SC2-01,2022-10-29 03:00:00,7.183486160285478,487.0,102.0,16.5,53.7,1.1943
SC2-01,2022-10-29 04:00:00,7.483486160285478,484.0,74.0,17.8,54.0,1.2518
SC2-01,2022-10-29 05:00:00,7.483486160285478,528.0,85.0,18.2,57.1,1.2685
SC2-01,2022-10-29 06:00:00,7.183486160285478,520.0,98.0,19.0,57.1,1.2897
SC2-01,2022-10-29 07:00:00,7.983486160285478,665.0,125.0,17.2,61.8,1.2421
SC2-01,2022-10-29 08:00:00,7.983486160285478,655.0,133.0,19.0,52.5,1.1951
SC2-01,2022-10-29 09:00:00,7.983486160285478,679.0,149.0,19.7,46.1,1.1441
SC2-01,2022-10-29 10:00:00,6.783486160285478,561.0,115.0,20.8,40.3,1.0959
SC2-01,2022-10-29 11:00:00,6.783486160285478,567.0,122.0,21.3,37.1,1.0566
SC2-01,2022-10-29 12:00:00,6.983486160285478,554.0,114.0,22.3,36.7,
SC2-01,2022-10-29 13:00:00,7.883486160285478,669.0,126.0,22.1,34.9,1.0699
SC2-01,2022-10-29 14:00:00,7.883486160285478,642.0,136.0,22.6,32.6,1.0426
SC2-01,2022-10-29 15:00:00,6.183486160285478,500.0,125.0,23.1,29.0,1.0246
SC2-01,2022-10-29 16:00:00,7.783486160285478,601.0,,23.6,34.4,1.0828
SC2-01,2022-10-29 17:00:00,7.983486160285478,586.0,176.0,24.0,27.7,1.044
SC2-01,2022-10-29 18:00:00,8.483486160285478,546.0,173.0,23.0,35.7,1.1566
SC2-01,2022-10-29 19:00:00,9.283486160285477,614.0,190.0,20.2,47.3,1.2029
SC2-01,2022-10-29 20:00:00,8.783486160285477,617.0,178.0,19.6,51.5,1.2466
SC2-01,2022-10-29 21:00:00,7.583486160285478,472.0,134.0,19.3,56.8,1.3355
SC2-01,2022-10-29 22:00:00,7.283486160285478,443.0,143.0,18.6,55.9,1.3462
SC2-01,2022-10-29 23:00:00,7.183486160285478,423.0,135.0,19.0,62.1,1.4213
SC2-01,2022-10-30 00:00:00,6.383486160285478,357.0,114.0,19.6,63.6,1.4543
SC2-01,2022-10-30 01:00:00,5.383486160285478,230.0,97.0,18.0,63.6,1.3935
SC2-01,2022-10-30 02:00:00,4.483486160285478,136.0,64.0,19.1,62.4,1.3937
SC2-01,2022-10-30 03:00:00,,196.0,93.0,19.6,62.8,1.4277
SC2-01,2022-10-30 04:00:00,4.483486160285478,145.0,61.0,19.0,66.7,1.4825
SC2-01,2022-10-30 05:00:00,4.783486160285478,332.0,74.0,18.9,65.8,1.5016
SC2-01,2022-10-30 06:00:00,5.083486160285478,364.0,107.0,18.2,66.2,1.4778
SC2-01,2022-10-30 07:00:00,5.583486160285478,346.0,92.0,17.4,65.7,1.4801
SC2-01,2022-10-30 08:00:00,7.183486160285478,526.0,119.0,18.8,65.0,1.5446
SC2-01,2022-10-30 09:00:00,7.583486160285478,474.0,106.0,19.3,65.0,1.5672
SC2-01,2022-10-30 10:00:00,7.483486160285478,490.0,122.0,20.4,61.2,1.565
SC2-01,2022-10-30 11:00:00,7.683486160285478,479.0,112.0,23.1,52.3,1.5267
SC2-01,2022-10-30 12:00:00,7.883486160285478,613.0,126.0,24.1,52.0,1.5188
SC2-01,2022-10-30 13:00:00,7.983486160285478,537.0,112.0,26.0,46.2,1.4863
SC2-01,2022-10-30 14:00:00,9.083486160285478,642.0,129.0,27.1,50.6,1.5698
SC2-01,2022-10-30 15:00:00,7.783486160285478,528.0,103.0,27.0,55.0,1.6094
SC2-01,2022-10-30 16:00:00,7.883486160285478,502.0,92.0,27.2,58.9,1.6377
SC2-01,2022-10-30 17:00:00,8.483486160285478,497.0,112.0,26.1,56.8,1.5721
SC2-01,2022-10-30 18:00:00,9.983486160285478,612.0,148.0,24.9,61.9,1.6161
SC2-01,2022-10-30 19:00:00,10.0,690.0,166.0,22.0,65.0,1.6082
SC2-01,2022-10-30 20:00:00,9.483486160285478,611.0,141.0,21.0,65.9,1.6368
SC2-01,2022-10-30 21:00:00,8.083486160285478,515.0,123.0,18.5,71.0,1.6258
SC2-01,2022-10-30 22:00:00,6.683486160285478,309.0,113.0,18.3,68.0,1.5913
SC2-01,2022-10-30 23:00:00,6.483486160285478,318.0,109.0,17.2,73.6,1.6247
SC2-01,2022-10-31 00:00:00,6.883486160285478,365.0,,17.0,75.1,1.6463
SC2-01,2022-10-31 01:00:00,7.183486160285478,383.0,118.0,16.7,78.5,1.6721
SC2-01,2022-10-31 02:00:00,7.283486160285478,397.0,95.0,,84.5,1.749
SC2-01,2022-10-31 03:00:00,8.183486160285478,531.0,109.0,17.6,83.9,1.7352
SC2-01,2022-10-31 04:00:00,6.683486160285478,368.0,81.0,,85.2,1.6456
SC2-01,2022-10-31 05:00:00,7.283486160285478,419.0,107.0,15.7,,1.6982
SC2-01,2022-10-31 06:00:00,6.883486160285478,376.0,104.0,15.3,91.1,1.7229
SC2-01,2022-10-31 07:00:00,6.683486160285478,502.0,125.0,14.1,86.9,1.6196
SC2-01,2022-10-31 08:00:00,7.883486160285478,617.0,151.0,15.9,90.5,1.7227
SC2-01,2022-10-31 09:00:00,8.383486160285479,657.0,146.0,17.2,85.2,1.7142
SC2-01,2022-10-31 10:00:00,7.583486160285478,614.0,143.0,17.9,78.8,1.6543
SC2-01,2022-10-31 11:00:00,,534.0,131.0,19.7,76.3,1.6832
SC2-01,2022-10-31 12:00:00,7.283486160285478,501.0,125.0,21.5,75.9,1.7591
SC2-01,2022-10-31 13:00:00,6.283486160285478,342.0,95.0,,69.2,1.692
SC2-01,2022-10-31 14:00:00,6.783486160285478,346.0,95.0,21.7,69.2,1.7162
SC2-01,2022-10-31 15:00:00,6.683486160285478,365.0,90.0,22.7,69.0,1.7986
SC2-01,2022-10-31 16:00:00,5.883486160285478,263.0,74.0,21.8,68.3,1.7507
SC2-01,2022-10-31 17:00:00,6.283486160285478,321.0,108.0,20.7,68.1,1.7435
SC2-01,2022-10-31 18:00:00,7.683486160285478,433.0,129.0,18.8,74.9,0.4815838116251532
SC2-01,2022-10-31 19:00:00,8.983486160285478,549.0,143.0,18.4,76.1,1.7765
SC2-01,2022-10-31 20:00:00,8.083486160285478,430.0,,18.1,72.7,1.7546
SC2-01,2022-10-31 21:00:00,7.983486160285478,485.0,,18.8,71.2,1.7879
SC2-01,2022-10-31 22:00:00,7.583486160285478,441.0,120.0,18.1,67.9,1.7314
SC2-01,2022-10-31 23:00:00,7.183486160285478,368.0,116.0,17.4,65.5,1.6746
SC2-01,2022-11-01 00:00:00,10.0,369.0,123.0,,68.7,1.1886
SC2-01,2022-11-01 01:00:00,5.283486160285478,237.0,93.0,9.5,65.4,1.1381
SC2-01,2022-11-01 02:00:00,5.183486160285478,190.0,67.0,8.2,,1.1074
SC2-01,2022-11-01 03:00:00,5.083486160285478,263.0,53.0,8.5,67.1,1.1197
SC2-01,2022-11-01 04:00:00,5.183486160285478,314.0,52.0,7.6,69.5,1.0824
SC2-01,2022-11-01 05:00:00,5.283486160285478,245.0,41.0,8.0,69.8,1.0715
SC2-01,2022-11-01 06:00:00,5.483486160285478,211.0,56.0,6.4,75.7,1.1078
SC2-01,2022-11-01 07:00:00,6.483486160285478,362.0,88.0,5.9,81.3,1.1454
SC2-01,2022-11-01 08:00:00,6.183486160285478,384.0,111.0,7.5,84.0,1.2367
SC2-01,2022-11-01 09:00:00,7.083486160285478,493.0,138.0,8.0,81.3,1.2602
SC2-01,2022-11-01 10:00:00,6.883486160285478,389.0,122.0,11.3,69.3,1.2314
SC2-01,2022-11-01 11:00:00,6.983486160285478,377.0,96.0,13.9,71.9,1.322
SC2-01,2022-11-01 12:00:00,7.083486160285478,368.0,96.0,13.9,70.5,1.2399
SC2-01,2022-11-01 13:00:00,7.083486160285478,361.0,96.0,14.2,71.2,1.2676
SC2-01,2022-11-01 14:00:00,6.883486160285478,322.0,90.0,14.7,74.8,1.2985
SC2-01,2022-11-01 15:00:00,7.283486160285478,394.0,107.0,15.5,77.9,1.3695
SC2-01,2022-11-01 16:00:00,6.383486160285478,306.0,95.0,14.3,73.6,1.2772
SC2-01,2022-11-01 17:00:00,6.683486160285478,261.0,91.0,15.2,75.3,1.3446
SC2-01,2022-11-01 18:00:00,7.783486160285478,391.0,116.0,13.5,87.7,1.4571
SC2-01,2022-11-01 19:00:00,7.683486160285478,384.0,110.0,10.7,95.0,1.4818
SC2-01,2022-11-01 20:00:00,7.083486160285478,368.0,97.0,11.0,94.2,1.5374
SC2-01,2022-11-01 21:00:00,6.583486160285478,288.0,85.0,8.8,99.0,1.5837
SC2-01,2022-11-01 22:00:00,6.083486160285478,269.0,82.0,8.2,98.5,1.5646
SC2-01,2022-11-01 23:00:00,6.183486160285478,301.0,101.0,6.9,93.9,1.463
SC2-01,2022-11-02 00:00:00,6.283486160285478,316.0,82.0,6.6,89.1,1.4102
SC2-01,2022-11-02 01:00:00,6.083486160285478,285.0,70.0,7.0,96.7,1.5148
SC2-01,2022-11-02 02:00:00,5.783486160285478,209.0,42.0,8.0,96.2,1.5507
SC2-01,2022-11-02 03:00:00,5.983486160285478,264.0,49.0,8.0,95.7,1.5645
SC2-01,2022-11-02 04:00:00,6.183486160285478,205.0,36.0,7.5,93.0,1.5051
SC2-01,2022-11-02 05:00:00,5.583486160285478,173.0,42.0,9.0,87.8,1.4579
SC2-01,2022-11-02 06:00:00,,275.0,73.0,8.9,88.0,1.4796
SC2-01,2022-11-02 07:00:00,6.883486160285478,387.0,114.0,9.5,85.5,1.4553
SC2-01,2022-11-02 08:00:00,7.983486160285478,460.0,127.0,11.1,80.2,1.4537
SC2-01,2022-11-02 09:00:00,7.983486160285478,443.0,145.0,13.4,71.5,1.4237
SC2-01,2022-11-02 10:00:00,8.483486160285478,486.0,159.0,14.6,66.8,1.4229
SC2-01,2022-11-02 11:00:00,7.383486160285478,428.0,132.0,14.9,63.5,1.3698
SC2-01,2022-11-02 12:00:00,7.483486160285478,425.0,145.0,13.8,56.6,1.2337
SC2-01,2022-11-02 13:00:00,6.283486160285478,324.0,127.0,15.3,48.4,1.1919
SC2-01,2022-11-02 14:00:00,7.183486160285478,486.0,136.0,16.3,50.3,1.2716
SC2-01,2022-11-02 15:00:00,6.083486160285478,337.0,116.0,16.5,51.4,1.2871
SC2-01,2022-11-02 16:00:00,5.483486160285478,,131.0,15.9,55.7,
SC2-01,2022-11-02 17:00:00,6.883486160285478,460.0,152.0,15.0,57.4,1.2795
SC2-01,2022-11-02 18:00:00,7.283486160285478,401.0,144.0,12.9,63.8,1.3026
SC2-01,2022-11-02 19:00:00,8.683486160285478,587.0,168.0,11.4,64.0,1.2658
SC2-01,2022-11-02 20:00:00,8.383486160285479,582.0,152.0,10.6,63.0,1.2681
SC2-01,2022-11-02 21:00:00,6.483486160285478,460.0,127.0,10.0,63.0,1.2315
SC2-01,2022-11-02 22:00:00,5.583486160285478,372.0,116.0,9.8,55.7,1.1406
SC2-01,2022-11-02 23:00:00,5.683486160285478,304.0,110.0,7.7,55.6,1.0977
SC2-01,2022-11-03 00:00:00,6.183486160285478,378.0,137.0,7.7,56.9,1.1372
SC2-01,2022-11-03 01:00:00,5.883486160285478,332.0,120.0,6.0,59.2,1.0969
SC2-01,2022-11-03 02:00:00,5.483486160285478,292.0,119.0,4.5,63.7,1.0793
SC2-01,2022-11-03 03:00:00,,,119.0,4.9,64.8,1.0697
SC2-01,2022-11-03 04:00:00,5.083486160285478,228.0,110.0,5.9,64.4,1.071
SC2-01,2022-11-03 05:00:00,5.583486160285478,267.0,130.0,3.7,73.2,1.0785
SC2-01,2022-11-03 06:00:00,6.083486160285478,317.0,134.0,4.1,70.1,1.015
SC2-01,2022-11-03 07:00:00,7.383486160285478,443.0,140.0,4.3,76.8,1.0799
SC2-01,2022-11-03 08:00:00,8.583486160285478,586.0,161.0,5.9,73.2,1.1054
SC2-01,2022-11-03 09:00:00,,624.0,167.0,8.7,67.0,1.1347
SC2-01,2022-11-03 10:00:00,8.883486160285479,595.0,176.0,11.0,59.6,1.1243
SC2-01,2022-11-03 11:00:00,,,166.0,12.1,55.2,1.0904
SC2-01,2022-11-03 12:00:00,8.783486160285477,542.0,163.0,13.7,52.5,1.0822
SC2-01,2022-11-03 13:00:00,8.083486160285478,521.0,172.0,14.5,50.1,1.0558
SC2-01,2022-11-03 14:00:00,7.883486160285478,540.0,167.0,15.8,50.9,1.1229
SC2-01,2022-11-03 15:00:00,6.983486160285478,411.0,144.0,15.5,48.4,1.0674
SC2-01,2022-11-03 16:00:00,6.883486160285478,351.0,130.0,16.1,51.6,1.1397
SC2-01,2022-11-03 17:00:00,6.083486160285478,184.0,113.0,16.0,50.3,1.1747
SC2-01,2022-11-03 18:00:00,6.583486160285478,211.0,131.0,14.6,49.4,1.1094
SC2-01,2022-11-03 19:00:00,6.083486160285478,123.0,104.0,12.7,47.2,1.0375
SC2-01,2022-11-03 20:00:00,6.683486160285478,242.0,128.0,11.1,48.0,0.9747
SC2-01,2022-11-03 21:00:00,5.383486160285478,128.0,94.0,10.9,50.9,0.9884
SC2-01,2022-11-03 22:00:00,4.383486160285478,41.0,71.0,8.6,59.1,1.0017
SC2-01,2022-11-03 23:00:00,4.083486160285478,48.0,62.0,8.6,64.5,1.0497
SC2-01,2022-11-04 00:00:00,3.683486160285478,31.0,41.0,7.1,62.3,0.9867
SC2-01,2022-11-04 01:00:00,4.283486160285478,3.0,43.0,7.9,59.3,0.9687
SC2-01,2022-11-04 02:00:00,3.083486160285478,1.0,5.0,7.4,62.4,0.9977
SC2-01,2022-11-04 03:00:00,3.283486160285478,1.0,33.0,8.3,62.5,1.0346
SC2-01,2022-11-04 04:00:00,3.083486160285478,1.0,1.0,9.1,63.1,1.0872
SC2-01,2022-11-04 05:00:00,3.683486160285478,1.0,1.0,9.2,62.4,1.0897
SC2-01,2022-11-04 06:00:00,3.983486160285478,1.0,30.0,10.4,59.5,1.1141
SC2-01,2022-11-04 07:00:00,4.483486160285478,99.0,45.0,10.7,62.6,1.1801
SC2-01,2022-11-04 08:00:00,7.083486160285478,380.0,104.0,12.1,60.4,1.2148
SC2-01,2022-11-04 09:00:00,6.983486160285478,390.0,118.0,13.5,54.6,1.1899
SC2-01,2022-11-04 10:00:00,6.183486160285478,330.0,124.0,15.0,48.0,1.159
SC2-01,2022-11-04 11:00:00,6.283486160285478,349.0,135.0,16.9,40.7,
SC2-01,2022-11-04 12:00:00,6.483486160285478,338.0,114.0,17.8,42.3,1.1072
SC2-01,2022-11-04 13:00:00,6.383486160285478,358.0,118.0,19.3,38.1,1.0948
SC2-01,2022-11-04 14:00:00,6.083486160285478,418.0,117.0,18.9,45.1,1.1886
SC2-01,2022-11-04 15:00:00,6.183486160285478,436.0,,20.2,43.6,1.2309
SC2-01,2022-11-04 16:00:00,6.583486160285478,543.0,120.0,18.4,43.4,1.1562
SC2-01,2022-11-04 17:00:00,7.183486160285478,647.0,147.0,18.3,43.2,1.1496
SC2-01,2022-11-04 18:00:00,8.683486160285478,655.0,155.0,17.8,42.2,1.1594
SC2-01,2022-11-04 19:00:00,9.483486160285478,717.0,173.0,17.5,44.2,1.1721
SC2-01,2022-11-04 20:00:00,8.583486160285478,617.0,171.0,16.1,49.9,1.2057
SC2-01,2022-11-04 21:00:00,6.783486160285478,457.0,136.0,14.2,51.2,1.1677
SC2-01,2022-11-04 22:00:00,6.783486160285478,449.0,123.0,12.0,64.1,1.2224
SC2-01,2022-11-04 23:00:00,6.383486160285478,412.0,111.0,12.2,60.4,1.1946
SC2-01,2022-11-05 00:00:00,6.783486160285478,499.0,92.0,11.2,64.6,1.1969
SC2-01,2022-11-05 01:00:00,6.083486160285478,419.0,83.0,9.5,63.4,1.1498
SC2-01,2022-11-05 02:00:00,4.583486160285478,265.0,37.0,9.1,66.0,1.1731
SC2-01,2022-11-05 03:00:00,4.483486160285478,269.0,41.0,9.1,66.3,1.1514
SC2-01,2022-11-05 04:00:00,5.383486160285478,290.0,25.0,8.1,74.0,1.1908
SC2-01,2022-11-05 05:00:00,4.683486160285478,246.0,33.0,7.8,71.5,1.132
SC2-01,2022-11-05 06:00:00,4.483486160285478,164.0,14.0,6.8,70.6,1.1005
SC2-01,2022-11-05 07:00:00,4.283486160285478,167.0,22.0,5.5,70.2,1.0576
SC2-01,2022-11-05 08:00:00,5.683486160285478,310.0,62.0,6.8,60.2,0.9815
SC2-01,2022-11-05 09:00:00,6.483486160285478,375.0,88.0,,54.5,1.0253
SC2-01,2022-11-05 10:00:00,6.083486160285478,402.0,100.0,13.0,51.6,1.0541
SC2-01,2022-11-05 11:00:00,5.883486160285478,379.0,105.0,14.0,48.9,1.0141
SC2-01,2022-11-05 12:00:00,6.083486160285478,407.0,113.0,14.7,41.5,0.9687
SC2-01,2022-11-05 13:00:00,8.083486160285478,625.0,139.0,15.7,42.0,0.9793
SC2-01,2022-11-05 14:00:00,8.583486160285478,719.0,157.0,16.0,44.3,0.9462
SC2-01,2022-11-05 15:00:00,7.183486160285478,569.0,124.0,16.7,39.9,0.9026
SC2-01,2022-11-05 16:00:00,7.583486160285478,592.0,130.0,16.1,45.6,0.9629
SC2-01,2022-11-05 17:00:00,7.783486160285478,605.0,138.0,16.3,48.6,1.0085
SC2-01,2022-11-05 18:00:00,7.783486160285478,,,14.5,45.3,0.9273
SC2-01,2022-11-05 19:00:00,8.283486160285477,605.0,,13.8,50.4,0.9925
SC2-01,2022-11-05 20:00:00,7.383486160285478,553.0,126.0,13.9,55.4,1.0747
SC2-01,2022-11-05 21:00:00,5.483486160285478,340.0,92.0,13.1,56.5,1.0664
SC2-01,2022-11-05 22:00:00,3.983486160285478,141.0,67.0,12.7,55.8,1.0244
SC2-01,2022-11-05 23:00:00,4.383486160285478,146.0,63.0,11.6,64.8,1.0925
SC2-01,2022-11-06 00:00:00,4.583486160285478,221.0,71.0,10.8,72.1,1.133
SC2-01,2022-11-06 01:00:00,4.583486160285478,177.0,70.0,9.8,75.9,1.1479
SC2-01,2022-11-06 02:00:00,3.983486160285478,139.0,67.0,10.0,73.7,1.0958
SC2-01,2022-11-06 03:00:00,4.483486160285478,91.0,75.0,-15.0,67.4,1.059
SC2-01,2022-11-06 04:00:00,5.083486160285478,131.0,60.0,11.8,68.0,1.1025
SC2-01,2022-11-06 05:00:00,4.683486160285478,84.0,56.0,11.8,,1.101
SC2-01,2022-11-06 06:00:00,1.4,86.0,59.0,11.4,70.3,1.0592
SC2-01,2022-11-06 07:00:00,3.6,277.0,96.0,11.5,73.1,1.1177
SC2-01,2022-11-06 08:00:00,3.4,305.0,102.0,13.2,71.0,1.1718
SC2-01,2022-11-06 09:00:00,4.2,385.0,127.0,15.3,64.6,1.1841
SC2-01,2022-11-06 10:00:00,2.5,277.0,504.38305010905384,18.2,58.4,1.2205
SC2-01,2022-11-06 11:00:00,3.0,303.0,106.0,20.4,57.1,1.2405
SC2-01,2022-11-06 12:00:00,1.8,186.0,84.0,20.5,54.0,1.2176
SC2-01,2022-11-06 13:00:00,2.2,130.0,83.0,20.7,55.5,1.2593
SC2-01,2022-11-06 14:00:00,2.0,609.3652506039743,91.0,20.2,55.3,1.2726
SC2-01,2022-11-06 15:00:00,2.3,184.0,78.0,22.5,56.3,1.3623
SC2-01,2022-11-06 16:00:00,2.5,231.0,77.0,22.7,58.9,1.4231
SC2-01,2022-11-06 17:00:00,3.5,312.0,99.0,23.9,57.7,1.4709
SC2-01,2022-11-06 18:00:00,,320.0,105.0,,58.3,1.4715
SC2-01,2022-11-06 19:00:00,3.9,418.0,105.0,20.3,61.3,1.4772
SC2-01,2022-11-06 20:00:00,3.7,425.0,122.0,18.6,67.5,1.5161
SC2-01,2022-11-06 21:00:00,3.0,365.0,123.0,15.8,69.9,1.4324
SC2-01,2022-11-06 22:00:00,2.0,260.0,93.0,14.2,66.3,1.3659
SC2-01,2022-11-06 23:00:00,2.3,331.0,112.0,12.7,70.1,1.3651
SC2-01,2022-11-07 00:00:00,1.6,241.0,94.0,11.8,73.8,1.3928
SC2-01,2022-11-07 01:00:00,2.5,316.0,109.0,9.8,74.5,1.3213
SC2-01,2022-11-07 02:00:00,2.1,252.0,83.0,9.6,75.8,1.3717
SC2-01,2022-11-07 03:00:00,2.6,323.0,89.0,9.6,78.8,1.4017
SC2-01,2022-11-07 04:00:00,1.9,200.0,52.0,11.0,73.3,1.3919
SC2-01,2022-11-07 05:00:00,0.8,75.0,26.0,9.8,68.6,-0.5822362832501411
SC2-01,2022-11-07 06:00:00,1.0,148.0,36.0,10.4,64.7,1.2751
SC2-01,2022-11-07 07:00:00,2.9,,73.0,10.3,70.0,1.3221
SC2-01,2022-11-07 08:00:00,3.9,454.0,107.0,11.5,65.2,1.3086
SC2-01,2022-11-07 09:00:00,3.6,409.0,122.0,13.7,53.9,1.2739
SC2-01,2022-11-07 10:00:00,2.7,414.0,119.0,15.4,53.4,1.2903
SC2-01,2022-11-07 11:00:00,2.7,450.0,143.0,17.8,48.0,1.2747
SC2-02,2022-10-01 00:00:00,3.1,28.0,19.0,18.0,61.6,1.092
SC2-02,2022-10-01 01:00:00,2.3,6.0,1.0,17.4,67.4,1.1306
SC2-02,2022-10-01 02:00:00,2.1,18.0,1.0,15.3,67.3,1.0546
SC2-02,2022-10-01 03:00:00,2.2,47.0,1.0,14.9,76.1,1.1289
SC2-02,2022-10-01 04:00:00,2.2,47.0,1.0,14.9,76.1,1.1289
SC2-02,2022-10-01 05:00:00,1.1,,1.0,14.8,78.1,1.1257
SC2-02,2022-10-01 06:00:00,1.9,122.0,1.0,15.1,81.1,1.1731
SC2-02,2022-10-01 07:00:00,2.0,-396.13368154126243,1.0,13.8,82.1,1.1708
SC2-02,2022-10-01 08:00:00,3.0,211.0,7.0,14.5,76.6,1.1486
SC2-02,2022-10-01 09:00:00,3.2,260.0,28.0,15.8,71.7,1.1295
SC2-02,2022-10-01 10:00:00,3.2,232.0,50.0,19.6,57.6,1.0957
SC2-02,2022-10-01 11:00:00,3.1,176.0,48.0,20.9,54.3,1.0538
SC2-02,2022-10-01 12:00:00,2.7,221.0,54.0,22.1,44.6,0.9773
SC2-02,2022-10-01 13:00:00,3.5,262.0,61.0,,40.6,0.8804
SC2-02,2022-10-01 14:00:00,3.2,272.0,54.0,24.0,43.4,0.9535
SC2-02,2022-10-01 15:00:00,2.9,347.0,58.0,23.1,43.4,0.9196
SC2-02,2022-10-01 16:00:00,,372.0,61.0,24.3,41.6,0.955
SC2-02,2022-10-01 17:00:00,3.3,322.0,73.0,24.5,38.8,0.951
SC2-02,2022-10-01 18:00:00,3.2,315.0,72.0,23.5,44.1,0.9805
SC2-02,2022-10-01 19:00:00,2.8,181.0,62.0,21.5,46.9,0.9669
SC2-02,2022-10-01 20:00:00,3.0,262.0,80.0,20.5,52.1,0.9551
SC2-02,2022-10-01 21:00:00,1.3,149.0,62.0,19.4,54.7,0.9557
SC2-02,2022-10-01 22:00:00,0.0,1.0,31.0,18.4,48.6,0.8778
SC2-02,2022-10-01 23:00:00,0.2,51.0,50.0,17.6,51.6,0.85
SC2-02,2022-10-02 00:00:00,0.0,1.0,22.0,17.8,52.0,0.8962
SC2-02,2022-10-02 01:00:00,0.0,1.0,8.0,18.3,52.7,0.9247
SC2-02,2022-10-02 02:00:00,,1.0,1.0,17.9,51.7,0.8939
SC2-02,2022-10-02 03:00:00,0.0,1.0,1.0,17.8,55.5,0.9278
SC2-02,2022-10-02 04:00:00,0.0,1.0,1.0,17.3,58.6,0.9238
SC2-02,2022-10-02 05:00:00,0.0,1.0,1.0,15.5,61.9,0.9069
SC2-02,2022-10-02 06:00:00,1.2,1.0,16.0,15.8,64.9,0.94
SC2-02,2022-10-02 07:00:00,2.1,101.0,38.0,17.4,60.8,0.9564
SC2-02,2022-10-02 08:00:00,3.9,292.0,76.0,19.8,63.2,1.0394
SC2-02,2022-10-02 09:00:00,3.1,331.0,83.0,21.7,55.9,1.0337
SC2-02,2022-10-02 10:00:00,2.4,291.0,93.0,22.7,51.6,1.0337
SC2-02,2022-10-02 11:00:00,2.2,325.0,113.0,24.4,44.9,1.0337
SC2-02,2022-10-02 12:00:00,0.9,177.0,95.0,26.1,35.8,1.0337
SC2-02,2022-10-02 13:00:00,0.9,136.0,98.0,26.2,38.4,1.0337
SC2-02,2022-10-02 14:00:00,1.6,159.0,109.0,27.0,31.1,1.0337
SC2-02,2022-10-02 15:00:00,1.7,155.0,96.0,25.5,38.1,1.0337
SC2-02,2022-10-02 16:00:00,1.8,198.0,89.0,25.1,,1.0353
SC2-02,2022-10-02 17:00:00,1.9,237.0,115.0,23.8,47.8,1.0233
SC2-02,2022-10-02 18:00:00,3.5,387.0,,22.9,55.7,1.1129
SC2-02,2022-10-02 19:00:00,3.6,369.0,143.0,21.8,59.9,1.1535
SC2-02,2022-10-02 20:00:00,3.1,275.0,136.0,19.4,64.6,1.1721
SC2-02,2022-10-02 21:00:00,1.8,190.0,133.0,16.9,66.4,1.119
SC2-02,2022-10-02 22:00:00,0.8,40.0,104.0,16.0,62.1,1.0561
SC2-02,2022-10-02 23:00:00,1.0,60.0,96.0,15.9,64.3,1.1088
SC2-02,2022-10-03 00:00:00,1.9,,100.0,15.3,68.0,1.1208
SC2-02,2022-10-03 01:00:00,1.4,124.0,87.0,14.0,74.2,1.1659
SC2-02,2022-10-03 02:00:00,1.1,112.0,93.0,13.9,73.7,1.1393
SC2-02,2022-10-03 03:00:00,1.0,107.0,75.0,12.5,77.6,1.122
SC2-02,2022-10-03 04:00:00,1.6,82.0,55.0,12.8,73.0,1.0792
SC2-02,2022-10-03 05:00:00,1.3,50.0,33.0,13.0,75.5,1.1476
SC2-02,2022-10-03 06:00:00,0.8,90.0,50.0,11.1,77.2,1.0682
SC2-02,2022-10-03 07:00:00,1.8,189.0,83.0,13.5,72.6,1.1006
SC2-02,2022-10-03 08:00:00,3.5,337.0,106.0,14.3,74.3,1.1281
SC2-02,2022-10-03 09:00:00,3.6,331.0,108.0,17.0,67.1,1.1673
SC2-02,2022-10-03 10:00:00,2.9,206.0,96.0,20.8,63.4,1.2796
SC2-02,2022-10-03 11:00:00,2.9,312.0,122.0,21.9,50.6,
SC2-02,2022-10-03 12:00:00,2.4,210.0,89.0,23.6,45.8,1.1663
SC2-02,2022-10-03 13:00:00,2.3,186.0,82.0,23.8,43.1,1.1259
SC2-02,2022-10-03 14:00:00,,206.0,82.0,23.0,44.1,1.0707
SC2-02,2022-10-03 15:00:00,2.0,121.0,85.0,23.8,44.4,1.1151
SC2-02,2022-10-03 16:00:00,2.7,186.0,79.0,23.8,53.0,1.2344
SC2-02,2022-10-03 17:00:00,,275.0,,23.8,59.2,1.3353
SC2-02,2022-10-03 18:00:00,4.3,,99.0,21.3,60.8,1.3226
SC2-02,2022-10-03 19:00:00,4.7,385.0,119.0,18.9,69.4,1.3284
SC2-02,2022-10-03 20:00:00,4.7,462.0,117.0,17.4,72.8,1.3065
SC2-02,2022-10-03 21:00:00,4.2,478.0,112.0,17.2,70.8,1.306
SC2-02,2022-10-03 22:00:00,3.4,373.0,98.0,14.6,81.2,1.3403
SC2-02,2022-10-03 23:00:00,3.1,285.0,75.0,14.9,80.2,1.3603
SC2-02,2022-10-04 00:00:00,3.0,267.0,73.0,14.1,80.0,1.3925
SC2-02,2022-10-04 01:00:00,1.1,34.0,24.0,13.2,80.9,
SC2-02,2022-10-04 02:00:00,0.5,18.0,,13.9,86.0,1.4437
SC2-02,2022-10-04 03:00:00,1.2,191.0,42.0,13.6,85.1,1.3821
SC2-02,2022-10-04 04:00:00,1.2,155.0,24.0,12.4,89.7,1.3921
SC2-02,2022-10-04 05:00:00,1.9,199.0,72.0,12.7,87.1,1.361
SC2-02,2022-10-04 06:00:00,2.4,331.0,87.0,11.2,85.7,1.2854
SC2-02,2022-10-04 07:00:00,2.0,256.0,69.0,10.6,81.5,1.2331
SC2-02,2022-10-04 08:00:00,2.8,356.0,92.0,10.2,81.6,1.2285
SC2-02,2022-10-04 09:00:00,2.2,366.0,86.0,12.2,74.0,1.2257
SC2-02,2022-10-04 10:00:00,1.8,322.0,91.0,14.2,65.7,1.1949
SC2-02,2022-10-04 11:00:00,1.9,284.0,97.0,16.9,58.3,1.2199
SC2-02,2022-10-04 12:00:00,2.2,276.0,88.0,16.9,54.9,1.1561
SC2-02,2022-10-04 13:00:00,2.8,304.0,,19.3,50.0,1.1686
SC2-02,2022-10-04 14:00:00,3.2,333.0,87.0,21.1,49.4,1.2194
SC2-02,2022-10-04 15:00:00,3.1,313.0,104.0,20.8,47.9,1.2103
SC2-02,2022-10-04 16:00:00,3.0,344.0,93.0,20.4,53.9,1.2472
SC2-02,2022-10-04 17:00:00,3.2,355.0,116.0,19.2,50.7,1.1924
SC2-02,2022-10-04 18:00:00,3.5,,136.0,16.7,50.4,1.1308
SC2-02,2022-10-04 19:00:00,3.5,391.0,130.0,16.1,51.1,1.1517
SC2-02,2022-10-04 20:00:00,2.4,305.0,102.0,16.8,42.0,
SC2-02,2022-10-04 21:00:00,1.9,280.0,105.0,15.3,45.2,1.054
SC2-02,2022-10-04 22:00:00,1.3,185.0,99.0,15.2,,1.0831
SC2-02,2022-10-04 23:00:00,1.9,164.0,85.0,14.0,55.0,1.1213
SC2-02,2022-10-05 00:00:00,0.7,,,14.2,,1.2156
SC2-02,2022-10-05 01:00:00,0.4,1.0,32.0,14.4,62.3,1.1932
SC2-02,2022-10-05 02:00:00,0.4,1.0,23.0,13.5,67.6,1.2249
SC2-02,2022-10-05 03:00:00,0.4,16.0,44.0,12.6,69.8,1.1743
SC2-02,2022-10-05 04:00:00,1.2,56.0,,13.5,74.1,1.29
SC2-02,2022-10-05 05:00:00,1.2,84.0,40.0,13.9,73.3,1.2893
SC2-02,2022-10-05 06:00:00,1.1,136.0,60.0,14.2,65.7,1.1938
SC2-02,2022-10-05 07:00:00,1.7,197.0,64.0,14.1,67.6,1.2319
SC2-02,2022-10-05 08:00:00,3.4,369.0,92.0,15.1,65.1,1.2212
SC2-02,2022-10-05 09:00:00,3.7,420.0,88.0,17.3,62.4,1.2959
SC2-02,2022-10-05 10:00:00,3.2,377.0,79.0,19.2,52.3,1.2532
SC2-02,2022-10-05 11:00:00,3.4,443.0,95.0,21.3,52.1,
SC2-02,2022-10-05 12:00:00,2.5,340.0,69.0,22.3,49.4,1.3115
SC2-02,2022-10-05 13:00:00,3.0,352.0,80.0,23.2,40.4,1.2305
SC2-02,2022-10-05 14:00:00,2.2,291.0,62.0,24.0,37.5,1.2461
SC2-02,2022-10-05 15:00:00,2.0,305.0,65.0,24.7,41.1,1.3058
SC2-02,2022-10-05 16:00:00,1.8,243.0,66.0,24.6,38.1,1.301
SC2-02,2022-10-05 17:00:00,2.8,291.0,69.0,23.7,42.1,1.3168
SC2-02,2022-10-05 18:00:00,4.5,408.0,91.0,23.6,46.5,1.3927
SC2-02,2022-10-05 19:00:00,5.4,456.0,100.0,21.9,50.9,1.3957
SC2-02,2022-10-05 20:00:00,4.7,366.0,79.0,20.7,55.1,1.4273
SC2-02,2022-10-05 21:00:00,3.1,223.0,52.0,19.5,56.1,1.3966
SC2-02,2022-10-05 22:00:00,1.5,34.0,5.0,19.5,,1.523
SC2-02,2022-10-05 23:00:00,1.6,65.0,15.0,19.9,70.6,1.6205
SC2-02,2022-10-06 00:00:00,0.7,41.0,23.0,19.9,68.8,1.558
SC2-02,2022-10-06 01:00:00,0.6,,30.0,20.3,66.6,1.55
SC2-02,2022-10-06 02:00:00,0.4,61.0,26.0,20.6,61.8,1.4848
SC2-02,2022-10-06 03:00:00,0.2,8.0,36.0,18.7,65.7,1.4567
SC2-02,2022-10-06 04:00:00,0.0,1.0,11.0,17.1,66.6,1.4201
SC2-02,2022-10-06 05:00:00,0.1,1.0,21.0,16.9,62.5,1.3638
SC2-02,2022-10-06 06:00:00,0.0,1.0,23.0,17.5,60.5,1.3294
SC2-02,2022-10-06 07:00:00,0.9,72.0,43.0,18.3,58.1,1.3326
SC2-02,2022-10-06 08:00:00,,229.0,82.0,18.3,54.6,1.2642
SC2-02,2022-10-06 09:00:00,2.0,183.0,90.0,19.7,,1.1845
SC2-02,2022-10-06 10:00:00,1.8,173.0,81.0,21.4,35.2,1.1463
SC2-02,2022-10-06 11:00:00,,312.0,92.0,21.7,39.0,1.1587
SC2-02,2022-10-06 12:00:00,1.2,188.0,66.0,23.2,36.1,1.1816
SC2-02,2022-10-06 13:00:00,1.3,235.0,78.0,22.8,35.5,1.1402
SC2-02,2022-10-06 14:00:00,1.7,285.0,85.0,21.4,40.6,1.1476
SC2-02,2022-10-06 15:00:00,1.8,299.0,,21.6,40.8,1.1588
SC2-02,2022-10-06 16:00:00,2.3,322.0,92.0,21.5,40.0,1.1712
SC2-02,2022-10-06 17:00:00,2.7,383.0,92.0,20.9,43.9,1.2097
SC2-02,2022-10-06 18:00:00,3.8,495.0,115.0,19.0,49.0,1.207
SC2-02,2022-10-06 19:00:00,4.5,553.0,104.0,17.9,51.6,1.1859
SC2-02,2022-10-06 20:00:00,4.2,497.0,87.0,17.7,57.1,1.2289
SC2-02,2022-10-06 21:00:00,2.7,426.0,65.0,15.3,64.9,1.2351
SC2-02,2022-10-06 22:00:00,2.2,336.0,50.0,15.4,65.9,1.2742
SC2-02,2022-10-06 23:00:00,2.1,350.0,66.0,13.8,64.9,1.199
SC2-02,2022-10-07 00:00:00,2.0,335.0,65.0,13.6,62.6,1.2232
SC2-02,2022-10-07 01:00:00,1.4,314.0,67.0,12.7,65.1,1.2077
SC2-02,2022-10-07 02:00:00,1.0,269.0,48.0,12.9,66.1,1.1948
SC2-02,2022-10-07 03:00:00,0.5,217.0,58.0,12.1,66.3,1.1468
SC2-02,2022-10-07 04:00:00,0.0,108.0,29.0,11.4,69.8,1.1856
SC2-02,2022-10-07 05:00:00,0.0,18.0,10.0,11.8,71.7,1.2281
SC2-02,2022-10-07 06:00:00,0.0,47.0,36.0,11.6,69.9,1.1946
SC2-02,2022-10-07 07:00:00,1.8,237.0,86.0,11.8,66.7,1.2026
SC2-02,2022-10-07 08:00:00,2.8,386.0,118.0,12.4,68.3,1.2418
SC2-02,2022-10-07 09:00:00,2.2,327.0,113.0,14.1,59.5,1.1971
SC2-02,2022-10-07 10:00:00,2.2,320.0,117.0,16.9,51.1,1.1782
SC2-02,2022-10-07 11:00:00,1.7,269.0,96.0,20.0,46.8,1.198
SC2-02,2022-10-07 12:00:00,1.0,174.0,89.0,20.1,45.7,1.134
SC2-02,2022-10-07 13:00:00,1.2,219.0,84.0,20.0,48.3,1.1692
SC2-02,2022-10-07 14:00:00,2.0,286.0,92.0,21.4,46.6,1.1919
SC2-02,2022-10-07 15:00:00,1.9,245.0,80.0,,54.7,1.2488
SC2-02,2022-10-07 16:00:00,3.1,329.0,102.0,21.6,53.7,1.2579
SC2-02,2022-10-07 17:00:00,4.0,398.0,117.0,21.7,49.7,1.2272
SC2-02,2022-10-07 18:00:00,4.6,453.0,120.0,20.1,,1.231
SC2-02,2022-10-07 19:00:00,4.9,411.0,111.0,19.2,53.5,1.2848
SC2-02,2022-10-07 20:00:00,4.1,376.0,104.0,20.2,51.7,1.2847
SC2-02,2022-10-07 21:00:00,2.6,297.0,89.0,19.2,52.9,1.2685
SC2-02,2022-10-07 22:00:00,1.9,181.0,48.0,19.7,47.3,1.2433
SC2-02,2022-10-07 23:00:00,1.5,90.0,40.0,18.9,51.7,1.2558
SC2-02,2022-10-08 00:00:00,2.7,186.0,61.0,,48.3,1.2559
SC2-02,2022-10-08 01:00:00,3.0,243.0,62.0,17.5,52.4,1.2297
SC2-02,2022-10-08 02:00:00,2.6,143.0,39.0,17.0,60.0,1.281
SC2-02,2022-10-08 03:00:00,3.0,,63.0,16.9,58.1,1.2313
SC2-02,2022-10-08 04:00:00,3.1,182.0,54.0,18.0,58.0,1.2828
SC2-02,2022-10-08 05:00:00,2.7,200.0,45.0,17.3,59.5,1.2714
SC2-02,2022-10-08 06:00:00,2.8,229.0,68.0,15.8,61.0,1.2222
SC2-02,2022-10-08 07:00:00,2.8,278.0,101.0,16.7,58.2,1.2329
SC2-02,2022-10-08 08:00:00,4.7,496.0,133.0,18.3,,1.37
SC2-02,2022-10-08 09:00:00,3.8,407.0,107.0,19.9,57.9,1.3904
SC2-02,2022-10-08 10:00:00,2.4,255.0,89.0,22.4,50.5,1.3815
SC2-02,2022-10-08 11:00:00,2.6,352.0,113.0,24.3,46.4,1.3506
SC2-02,2022-10-08 12:00:00,3.2,367.0,109.0,28.0,40.8,1.3921
SC2-02,2022-10-08 13:00:00,3.2,342.0,108.0,28.9,32.1,
SC2-02,2022-10-08 14:00:00,3.4,290.0,85.0,27.4,32.7,1.2746
SC2-02,2022-10-08 15:00:00,3.4,231.0,107.0,28.9,29.6,1.2788
SC2-02,2022-10-08 16:00:00,4.1,299.0,109.0,29.9,30.0,1.3164
SC2-02,2022-10-08 17:00:00,4.6,376.0,113.0,28.1,38.5,1.3591
SC2-02,2022-10-08 18:00:00,5.8,483.0,144.0,26.4,44.2,1.3718
SC2-02,2022-10-08 19:00:00,6.8,613.0,160.0,24.5,52.7,1.4842
SC2-02,2022-10-08 20:00:00,6.9,700.0,178.0,22.5,59.7,1.4958
SC2-02,2022-10-08 21:00:00,6.0,627.0,153.0,20.9,64.9,1.4967
SC2-02,2022-10-08 22:00:00,4.4,459.0,133.0,20.7,64.8,1.4867
SC2-02,2022-10-08 23:00:00,3.5,344.0,114.0,18.6,67.0,1.4555
SC2-02,2022-10-09 00:00:00,3.6,326.0,122.0,17.1,74.5,1.4887
SC2-02,2022-10-09 01:00:00,2.7,206.0,104.0,14.5,75.0,1.3911
SC2-02,2022-10-09 02:00:00,2.0,124.0,70.0,14.3,71.4,
SC2-02,2022-10-09 03:00:00,1.3,108.0,83.0,14.6,61.4,1.2225
SC2-02,2022-10-09 04:00:00,1.7,131.0,72.0,15.3,58.5,1.1656
SC2-02,2022-10-09 05:00:00,1.1,66.0,56.0,15.3,59.0,1.1685
SC2-02,2022-10-09 06:00:00,1.3,95.0,60.0,15.0,62.0,1.1758
SC2-02,2022-10-09 07:00:00,2.8,230.0,81.0,16.4,61.1,
SC2-02,2022-10-09 08:00:00,,287.0,83.0,17.3,58.1,1.2646
SC2-02,2022-10-09 09:00:00,2.1,186.0,82.0,18.8,53.2,1.2399
SC2-02,2022-10-09 10:00:00,1.2,130.0,61.0,22.1,47.6,1.2766
SC2-02,2022-10-09 11:00:00,0.8,116.0,89.0,22.2,44.1,1.1713
SC2-02,2022-10-09 12:00:00,0.8,116.0,98.0,24.2,42.5,1.1963
SC2-02,2022-10-09 13:00:00,1.7,188.0,96.0,24.6,45.5,1.2376
SC2-02,2022-10-09 14:00:00,1.5,117.0,,25.6,38.6,1.1668
SC2-02,2022-10-09 15:00:00,1.6,144.0,76.0,23.7,41.3,1.1218
SC2-02,2022-10-09 16:00:00,1.7,179.0,71.0,23.0,42.5,1.1011
SC2-02,2022-10-09 17:00:00,2.6,241.0,76.0,23.2,41.7,1.0962
SC2-02,2022-10-09 18:00:00,3.5,298.0,98.0,20.8,45.4,1.122
SC2-02,2022-10-09 19:00:00,3.6,280.0,101.0,20.1,47.8,1.1645
SC2-02,2022-10-09 20:00:00,4.5,421.0,126.0,18.9,49.9,1.1504
SC2-02,2022-10-09 21:00:00,,378.0,112.0,18.2,55.7,
SC2-02,2022-10-09 22:00:00,3.6,355.0,96.0,18.3,64.0,1.3143
SC2-02,2022-10-09 23:00:00,4.2,368.0,97.0,17.3,63.8,1.2839
SC2-02,2022-10-10 00:00:00,4.5,434.0,95.0,16.6,73.3,1.341
SC2-02,2022-10-10 01:00:00,3.0,289.0,56.0,15.4,70.7,1.2918
SC2-02,2022-10-10 02:00:00,3.0,323.0,38.0,14.8,75.3,1.3331
SC2-02,2022-10-10 03:00:00,1.3,268.0,38.0,12.0,76.4,1.2437
SC2-02,2022-10-10 04:00:00,1.7,248.0,52.0,12.1,76.9,1.2583
SC2-02,2022-10-10 05:00:00,2.1,285.0,52.0,12.4,73.9,1.2201
SC2-02,2022-10-10 06:00:00,1.6,209.0,34.0,13.6,71.8,1.2333
SC2-02,2022-10-10 07:00:00,2.7,348.0,48.0,14.5,70.5,1.2865
SC2-02,2022-10-10 08:00:00,4.7,545.0,85.0,16.3,59.6,1.1923
SC2-02,2022-10-10 09:00:00,4.3,524.0,80.0,18.6,57.8,1.2425
SC2-02,2022-10-10 10:00:00,3.8,536.0,,21.6,49.5,1.2204
SC2-02,2022-10-10 11:00:00,2.5,431.0,90.0,23.9,45.0,1.2169
SC2-02,2022-10-10 12:00:00,3.3,523.0,110.0,25.7,44.5,1.2371
SC2-02,2022-10-10 13:00:00,2.9,467.0,105.0,26.4,46.1,1.2721
SC2-02,2022-10-10 14:00:00,2.8,460.0,93.0,27.4,46.2,1.2903
SC2-02,2022-10-10 15:00:00,2.9,468.0,113.0,27.8,47.2,1.296
SC2-02,2022-10-10 16:00:00,2.8,453.0,104.0,27.6,51.3,1.3427
SC2-02,2022-10-10 17:00:00,3.4,,99.0,27.0,52.9,1.3038
SC2-02,2022-10-10 18:00:00,4.5,662.0,121.0,25.5,56.2,1.31
SC2-02,2022-10-10 19:00:00,4.7,594.0,119.0,23.2,57.7,
SC2-02,2022-10-10 20:00:00,4.4,585.0,115.0,20.6,60.3,1.2688
SC2-02,2022-10-10 21:00:00,4.1,474.0,95.0,19.4,,1.2314
SC2-02,2022-10-10 22:00:00,3.3,413.0,102.0,17.7,59.9,1.2043
SC2-02,2022-10-10 23:00:00,3.7,439.0,99.0,17.7,65.2,1.2838
SC2-02,2022-10-11 00:00:00,2.9,357.0,86.0,17.3,69.4,1.2993
SC2-02,2022-10-11 01:00:00,1.8,267.0,74.0,14.9,79.0,1.2913
SC2-02,2022-10-11 02:00:00,1.4,178.0,46.0,14.1,77.0,1.2727
SC2-02,2022-10-11 03:00:00,,249.0,57.0,12.9,85.1,1.2935
SC2-02,2022-10-11 04:00:00,1.0,122.0,18.0,12.5,79.6,1.2181
SC2-02,2022-10-11 05:00:00,1.4,201.0,21.0,11.2,84.5,1.2046
SC2-02,2022-10-11 06:00:00,1.1,230.0,45.0,10.1,85.2,1.1696
SC2-02,2022-10-11 07:00:00,1.5,302.0,43.0,10.9,85.5,1.1952
SC2-02,2022-10-11 08:00:00,4.0,490.0,90.0,12.0,85.2,1.2702
SC2-02,2022-10-11 09:00:00,4.5,,116.0,14.0,75.9,1.2616
SC2-02,2022-10-11 10:00:00,4.6,567.0,118.0,17.0,74.2,1.3343
SC2-02,2022-10-11 11:00:00,4.3,563.0,137.0,19.9,68.7,1.3491
SC2-02,2022-10-11 12:00:00,3.6,423.0,116.0,21.6,60.9,1.3141
SC2-02,2022-10-11 13:00:00,4.1,358.0,,21.7,54.2,1.2485
SC2-02,2022-10-11 14:00:00,2.9,251.0,80.0,21.8,51.8,1.2085
SC2-02,2022-10-11 15:00:00,2.6,,89.0,21.4,56.6,1.2181
SC2-02,2022-10-11 16:00:00,3.8,396.0,112.0,23.7,48.9,1.1857
SC2-02,2022-10-11 17:00:00,4.0,466.0,133.0,23.5,48.7,1.1539
SC2-02,2022-10-11 18:00:00,4.6,419.0,124.0,22.3,46.6,1.135
SC2-02,2022-10-11 19:00:00,,423.0,120.0,20.9,48.2,1.1143
SC2-02,2022-10-11 20:00:00,5.6,453.0,125.0,19.6,54.2,1.1263
SC2-02,2022-10-11 21:00:00,3.8,380.0,93.0,18.9,55.7,1.1254
SC2-02,2022-10-11 22:00:00,2.3,203.0,57.0,20.2,54.6,1.1804
SC2-02,2022-10-11 23:00:00,3.7,333.0,92.0,20.8,58.6,1.2571
SC2-02,2022-10-12 00:00:00,3.6,313.0,99.0,20.0,64.8,1.2985
SC2-02,2022-10-12 01:00:00,3.6,,,19.5,63.5,1.3009
SC2-02,2022-10-12 02:00:00,3.2,255.0,80.0,17.2,65.7,1.2597
SC2-02,2022-10-12 03:00:00,3.6,283.0,78.0,17.7,67.4,1.3127
SC2-02,2022-10-12 04:00:00,2.8,160.0,48.0,17.8,67.4,1.3499
SC2-02,2022-10-12 05:00:00,2.5,112.0,48.0,13.508316278267325,69.3,1.1836307630617309
SC2-02,2022-10-12 06:00:00,3.1,197.0,72.0,11.31663255653465,66.7,1.044161526123462
SC2-02,2022-10-12 07:00:00,4.1,353.0,,8.824948834801972,62.2,0.847892289185193
SC2-02,2022-10-12 08:00:00,4.6,420.0,132.0,7.033265113069296,59.8,0.687623052246924
SC2-02,2022-10-12 09:00:00,4.2,337.0,132.0,8.133265113069298,58.1,0.7225230522469239
SC2-02,2022-10-12 10:00:00,3.9,322.0,152.0,,50.2,0.719723052246924
SC2-02,2022-10-12 11:00:00,3.2,316.0,162.0,12.933265113069295,41.7,0.6561230522469239
SC2-02,2022-10-12 12:00:00,3.6,332.0,155.0,14.533265113069296,39.6,0.6824230522469239
SC2-02,2022-10-12 13:00:00,3.3,299.0,150.0,14.933265113069295,37.5,0.649623052246924
SC2-02,2022-10-12 14:00:00,2.8,275.0,133.0,15.333265113069297,34.1,0.653423052246924
SC2-02,2022-10-12 15:00:00,2.7,231.0,128.0,14.533265113069296,33.4,0.6178230522469239
SC2-02,2022-10-12 16:00:00,2.5,244.0,124.0,13.833265113069297,36.0,0.592723052246924
SC2-02,2022-10-12 17:00:00,2.6,184.0,121.0,24.8,40.6,1.2855
SC2-02,2022-10-12 18:00:00,3.2,200.0,121.0,22.1,40.1,1.187
SC2-02,2022-10-12 19:00:00,3.4,197.0,114.0,20.3,43.1,1.1907
SC2-02,2022-10-12 20:00:00,3.2,172.0,107.0,19.5,41.3,1.1771
SC2-02,2022-10-12 21:00:00,3.1,180.0,112.0,18.4,40.8,1.1421
SC2-02,2022-10-12 22:00:00,3.0,200.0,119.0,18.2,44.6,1.1833
SC2-02,2022-10-12 23:00:00,2.5,65.0,84.0,16.9,48.4,1.214
SC2-02,2022-10-13 00:00:00,1.4,1.0,57.0,16.7,44.3,1.1821
SC2-02,2022-10-13 01:00:00,0.9,1.0,42.0,16.3,44.3,1.1615
SC2-02,2022-10-13 02:00:00,0.7,1.0,34.0,14.8,39.3,1.05
SC2-02,2022-10-13 03:00:00,1.1,1.0,32.0,16.0,32.1,0.997
SC2-02,2022-10-13 04:00:00,0.8,1.0,10.0,17.3,29.2,0.9491
SC2-02,2022-10-13 05:00:00,0.2,1.0,4.0,17.7,33.3,0.974
SC2-02,2022-10-13 06:00:00,1.4,1.0,21.0,16.9,34.0,
SC2-02,2022-10-13 07:00:00,2.1,116.0,40.0,16.8,41.7,1.0083
SC2-02,2022-10-13 08:00:00,2.2,172.0,44.0,18.3,40.2,1.0737
SC2-02,2022-10-13 09:00:00,2.3,203.0,54.0,20.0,34.7,1.0774
SC2-02,2022-10-13 10:00:00,2.8,272.0,77.0,22.2,30.6,1.107
SC2-02,2022-10-13 11:00:00,1.9,228.0,95.0,24.4,23.3,1.0478
SC2-02,2022-10-13 12:00:00,3.0,282.0,139.0,24.6,23.7,1.0107
SC2-02,2022-10-13 13:00:00,1.9,130.0,106.0,,16.7,0.9386
SC2-02,2022-10-13 14:00:00,1.6,193.0,106.0,27.0,18.3,0.9659
SC2-02,2022-10-13 15:00:00,0.5,40.0,95.0,26.4,14.1,0.8879
SC2-02,2022-10-13 16:00:00,1.4,180.0,113.0,25.5,19.3,0.9447
SC2-02,2022-10-13 17:00:00,1.9,167.0,124.0,24.4,21.3,0.9366
SC2-02,2022-10-13 18:00:00,2.8,259.0,119.0,24.2,26.0,1.0101
SC2-02,2022-10-13 19:00:00,3.3,275.0,118.0,22.9,32.4,1.0431
SC2-02,2022-10-13 20:00:00,3.2,274.0,111.0,20.3,46.3,1.1298
SC2-02,2022-10-13 21:00:00,3.3,293.0,114.0,20.1,49.7,1.1665
SC2-02,2022-10-13 22:00:00,2.9,184.0,89.0,20.0,48.6,1.167
SC2-02,2022-10-13 23:00:00,2.9,,77.0,19.6,52.7,1.2275
SC2-02,2022-10-14 00:00:00,1.6,1.0,54.0,17.7,55.1,1.2043
SC2-02,2022-10-14 01:00:00,0.8,,42.0,16.5,58.6,1.2045
SC2-02,2022-10-14 02:00:00,0.5,1.0,23.0,16.5,63.0,1.2507
SC2-02,2022-10-14 03:00:00,1.0,42.0,31.0,16.7,62.4,1.2847
SC2-02,2022-10-14 04:00:00,0.7,,12.0,16.9,66.2,1.3494
SC2-02,2022-10-14 05:00:00,0.9,21.0,22.0,15.8,65.9,1.3004
SC2-02,2022-10-14 06:00:00,1.7,128.0,43.0,15.2,64.9,1.2579
SC2-02,2022-10-14 07:00:00,2.6,262.0,64.0,15.9,64.6,1.2762
SC2-02,2022-10-14 08:00:00,4.0,416.0,91.0,17.1,62.2,1.315
SC2-02,2022-10-14 09:00:00,3.7,367.0,111.0,17.6,56.9,1.2472
SC2-02,2022-10-14 10:00:00,1.9,237.0,92.0,19.3,53.5,1.2428
SC2-02,2022-10-14 11:00:00,2.0,262.0,,21.4,51.4,1.2374
SC2-02,2022-10-14 12:00:00,1.3,159.0,105.0,22.6,41.7,1.1377
SC2-02,2022-10-14 13:00:00,1.8,275.0,118.0,21.7,43.1,1.1064
SC2-02,2022-10-14 14:00:00,2.8,375.0,135.0,22.2,43.5,1.0973
SC2-02,2022-10-14 15:00:00,2.5,334.0,131.0,21.1,41.8,1.032
SC2-02,2022-10-14 16:00:00,2.7,377.0,139.0,21.1,43.2,1.0144
SC2-02,2022-10-14 17:00:00,3.2,419.0,158.0,19.5,46.7,0.9922
SC2-02,2022-10-14 18:00:00,3.3,388.0,146.0,17.9,50.9,1.02
SC2-02,2022-10-14 19:00:00,3.7,368.0,140.0,17.1,54.8,1.0388
SC2-02,2022-10-14 20:00:00,3.2,285.0,120.0,16.4,56.0,1.0423
SC2-02,2022-10-14 21:00:00,2.7,205.0,89.0,14.0,65.1,1.0694
SC2-02,2022-10-14 22:00:00,2.6,144.0,51.0,,69.5,1.1623
SC2-02,2022-10-14 23:00:00,2.1,44.0,19.0,13.2,71.8,1.1664
SC2-02,2022-10-15 00:00:00,,1.0,10.0,12.7,73.4,1.1736
SC2-02,2022-10-15 01:00:00,0.9,1.0,1.0,13.5,70.4,1.1843
SC2-02,2022-10-15 02:00:00,0.7,1.0,1.0,12.5,71.0,1.1357
SC2-02,2022-10-15 03:00:00,0.9,1.0,2.0,12.0,71.9,1.0911
SC2-02,2022-10-15 04:00:00,1.5,2.4482658340611057,1.0,12.1,68.3,1.0637
SC2-02,2022-10-15 05:00:00,1.6,3.8965316681222113,19.0,12.4,70.3,1.1142
SC2-02,2022-10-15 06:00:00,3.0,86.34479750218331,38.0,12.8,67.1,1.098
SC2-02,2022-10-15 07:00:00,4.2,216.79306333624442,59.0,14.1,65.6,1.1369
SC2-02,2022-10-15 08:00:00,4.3,259.2413291703055,74.0,15.5,60.5,1.1677
SC2-02,2022-10-15 09:00:00,4.3,279.68959500436665,78.0,16.5,53.3,1.1424
SC2-02,2022-10-15 10:00:00,2.9,155.13786083842774,64.0,16.6,48.6,1.0772
SC2-02,2022-10-15 11:00:00,2.6,138.58612667248883,77.0,19.9,44.5,1.1128
SC2-02,2022-10-15 12:00:00,,101.03439250654995,82.0,21.0,43.0,1.1347
SC2-02,2022-10-15 13:00:00,2.6,50.48265834061105,66.0,21.9,39.3,1.1031
SC2-02,2022-10-15 14:00:00,2.2,50.93092417467216,54.0,21.6,39.5,1.0791
SC2-02,2022-10-15 15:00:00,2.8,91.37919000873326,72.0,23.2,37.9,
SC2-02,2022-10-15 16:00:00,2.6,41.82745584279437,66.0,24.6,37.2,1.1348
SC2-02,2022-10-15 17:00:00,2.6,116.27572167685548,96.0,24.1,40.9,1.1967
SC2-02,2022-10-15 18:00:00,3.2,199.72398751091657,106.0,23.0,46.9,1.2435
SC2-02,2022-10-15 19:00:00,3.9,303.17225334497766,124.0,21.9,52.2,1.285
SC2-02,2022-10-15 20:00:00,3.8,375.6205191790388,116.0,20.9,65.2,1.416
SC2-02,2022-10-15 21:00:00,2.2,315.0687850130999,95.0,19.0,70.9,1.4291
SC2-02,2022-10-15 22:00:00,1.6,262.517050847161,76.0,17.5,81.9,1.5085
SC2-02,2022-10-15 23:00:00,0.6,184.9653166812221,53.0,17.3,78.7,1.4878
SC2-02,2022-10-16 00:00:00,0.4,201.41358251528322,62.0,17.2,72.2,1.3634
SC2-02,2022-10-16 01:00:00,0.5,213.8618483493443,68.0,17.6,71.2,1.3512
SC2-02,2022-10-16 02:00:00,0.4,187.31011418340543,58.0,16.7,70.1,1.3142
SC2-02,2022-10-16 03:00:00,0.5,250.75838001746652,77.0,17.2,72.9,1.3612
SC2-02,2022-10-16 04:00:00,0.7,190.20664585152764,60.0,17.6,72.6,1.3597
SC2-02,2022-10-16 05:00:00,1.0,275.65491168558873,69.0,16.6,73.9,1.3135
SC2-02,2022-10-16 06:00:00,1.1,279.1031775196499,75.0,16.8,72.9,1.2901
SC2-02,2022-10-16 07:00:00,2.0,411.55144335371097,80.0,17.9,75.5,1.3644
SC2-02,2022-10-16 08:00:00,3.0,553.999709187772,92.0,18.4,73.6,1.4068
SC2-02,2022-10-16 09:00:00,3.5,558.4479750218331,102.0,20.1,73.5,1.4525
SC2-02,2022-10-16 10:00:00,3.0,539.8962408558942,128.0,22.8,65.2,1.4661
SC2-02,2022-10-16 11:00:00,2.9,485.3445066899554,121.0,23.0,63.4,1.4152
SC2-02,2022-10-16 12:00:00,2.3,440.79277252401647,132.0,23.1,60.6,1.3717
SC2-02,2022-10-16 13:00:00,1.9,367.2410383580776,127.0,23.1,56.6,1.3506
SC2-02,2022-10-16 14:00:00,2.7,900.0,125.0,24.1,56.6,1.3873
SC2-02,2022-10-16 15:00:00,3.0,435.1375700261998,125.0,24.4,53.9,1.4021
SC2-02,2022-10-16 16:00:00,2.5,355.5858358602609,106.0,24.4,55.1,1.4056
SC2-02,2022-10-16 17:00:00,3.2,434.03410169432203,109.0,23.2,57.6,1.443
SC2-02,2022-10-16 18:00:00,3.5,446.4823675283831,131.0,19.9,63.5,1.4211
SC2-02,2022-10-16 19:00:00,3.6,539.9306333624443,150.0,17.1,70.0,1.4003
SC2-02,2022-10-16 20:00:00,3.4,550.3788991965054,153.0,16.6,,1.4128
SC2-02,2022-10-16 21:00:00,3.2,467.82716503056645,132.0,16.2,73.5,1.4007
SC2-02,2022-10-16 22:00:00,3.4,387.27543086462754,122.0,16.4,74.4,1.4332
SC2-02,2022-10-16 23:00:00,2.0,112.72369669868864,83.0,14.9,73.9,1.369
SC2-02,2022-10-17 00:00:00,1.9,123.17196253274975,77.0,13.2,78.2,1.3626
SC2-02,2022-10-17 01:00:00,1.4,67.62022836681085,50.0,13.0,80.8,1.3995
SC2-02,2022-10-17 02:00:00,0.5,69.06849420087195,29.0,13.1,81.5,1.4475
SC2-02,2022-10-17 03:00:00,0.05,70.51676003493306,24.0,12.9,81.4,1.4141
SC2-02,2022-10-17 04:00:00,1.1,71.96502586899416,16.0,13.4,84.5,1.4702
SC2-02,2022-10-17 05:00:00,1.0,73.41329170305528,23.0,13.7,,1.5306
SC2-02,2022-10-17 06:00:00,1.7,146.86155753711637,56.0,14.7,84.3,1.5344
SC2-02,2022-10-17 07:00:00,,337.30982337117746,81.0,15.4,84.6,1.5874
SC2-02,2022-10-17 08:00:00,3.0,368.7580892052386,80.0,16.2,82.3,1.5936
SC2-02,2022-10-17 09:00:00,2.7,355.2063550392997,83.0,17.1,78.1,1.571
SC2-02,2022-10-17 10:00:00,2.1,305.65462087336084,,20.7,69.1,1.5944
SC2-02,2022-10-17 11:00:00,,169.10288670742193,44.0,23.4,62.1,1.5876
SC2-02,2022-10-17 12:00:00,0.9,171.55115254148302,49.0,23.8,61.3,1.5797
SC2-02,2022-10-17 13:00:00,2.0,217.9994183755441,53.0,23.9,64.7,1.5695
SC2-02,2022-10-17 14:00:00,1.4,189.44768420960523,64.0,22.7,62.9,1.4596
SC2-02,2022-10-17 15:00:00,1.6,257.89595004366635,48.0,23.3,60.4,
SC2-02,2022-10-17 16:00:00,1.9,272.34421587772744,53.0,,66.4,1.5829
SC2-02,2022-10-17 17:00:00,2.5,358.7924817117885,82.0,22.5,67.5,1.5232
SC2-02,2022-10-17 18:00:00,3.7,381.2407475458497,99.0,21.3,75.1,1.6062
SC2-02,2022-10-17 19:00:00,4.8,536.6890133799108,122.0,19.9,80.3,1.6366
SC2-02,2022-10-17 20:00:00,5.1,578.1372792139719,132.0,18.9,92.4,1.7318
SC2-02,2022-10-17 21:00:00,4.2,568.5855450480329,132.0,19.4,89.3,1.7017
SC2-02,2022-10-17 22:00:00,3.1,389.0338108820941,88.0,19.0,91.4,1.744
SC2-02,2022-10-17 23:00:00,2.8,357.4820767161552,74.0,20.4,88.4,1.7936
SC2-02,2022-10-18 00:00:00,2.3,344.93034255021627,63.0,20.6,90.4,1.8349
SC2-02,2022-10-18 01:00:00,2.2,333.3786083842774,62.0,20.9,84.8,1.8006
SC2-02,2022-10-18 02:00:00,1.3,251.8268742183385,34.0,,87.1,1.8394
SC2-02,2022-10-18 03:00:00,1.3,287.2751400523996,57.0,20.3,86.5,1.8464
SC2-02,2022-10-18 04:00:00,1.8,288.7234058864607,28.0,20.7,83.2,1.8377
SC2-02,2022-10-18 05:00:00,1.8,228.1716717205218,37.0,22.2,83.4,1.9046
SC2-02,2022-10-18 06:00:00,1.4,230.61993755458292,35.0,20.7,,1.8941
SC2-02,2022-10-18 07:00:00,1.5,291.068203388644,46.0,21.2,85.2,1.8732
SC2-02,2022-10-18 08:00:00,3.1,549.5164692227052,85.0,21.6,83.9,1.9167
SC2-02,2022-10-18 09:00:00,4.0,615.9647350567662,113.0,24.7,77.0,1.9718
SC2-02,2022-10-18 10:00:00,3.0,435.41300089082733,89.0,27.0,74.9,2.0342
SC2-02,2022-10-18 11:00:00,2.3,372.8612667248884,80.0,27.6,74.7,2.0337
SC2-02,2022-10-18 12:00:00,3.2,411.3095325589495,111.0,,70.2,1.9897
SC2-02,2022-10-18 13:00:00,2.8,372.75779839301066,95.0,27.9,63.8,1.8541
SC2-02,2022-10-18 14:00:00,3.6,474.20606422707175,119.0,29.2,99.0,1.8468
SC2-02,2022-10-18 15:00:00,4.3,517.6543300611329,136.0,29.3,60.9,1.8432
SC2-02,2022-10-18 16:00:00,4.4,507.102595895194,129.0,30.6,58.2,1.8836
SC2-02,2022-10-18 17:00:00,4.9,647.5508617292551,169.0,31.3,56.7,1.9173
SC2-02,2022-10-18 18:00:00,5.7,774.9991275633162,182.0,28.8,61.6,1.8868
SC2-02,2022-10-18 19:00:00,5.7,677.4473933973773,176.0,29.2,61.4,1.94
SC2-02,2022-10-18 20:00:00,4.9,686.8956592314383,161.0,28.0,68.9,2.0365
SC2-02,2022-10-18 21:00:00,4.1,566.3439250654994,126.0,27.8,67.3,1.9989
SC2-02,2022-10-18 22:00:00,3.2,498.79219089956064,,27.4,65.3,1.9502
SC2-02,2022-10-18 23:00:00,,,90.0,25.9,75.2,2.0491
SC2-02,2022-10-19 00:00:00,2.9,519.6887225676828,100.0,23.6,77.3,2.0176
SC2-02,2022-10-19 01:00:00,2.4,514.1369884017439,75.0,23.3,80.7,2.0361
SC2-02,2022-10-19 02:00:00,2.3,444.585254235805,70.0,20.9,75.8,1.9027
SC2-02,2022-10-19 03:00:00,2.5,474.0335200698661,68.0,21.5,75.3,1.9319
SC2-02,2022-10-19 04:00:00,1.8,430.48178590392723,56.0,20.5,74.2,1.8304
SC2-02,2022-10-19 05:00:00,2.1,388.9300517379883,39.0,20.1,72.3,1.7983
SC2-02,2022-10-19 06:00:00,2.4,412.37831757204947,64.0,19.8,70.4,1.7839
SC2-02,2022-10-19 07:00:00,3.4,552.8265834061106,90.0,19.1,71.3,1.8031
SC2-02,2022-10-19 08:00:00,3.8,646.2748492401716,118.0,19.3,60.4,1.7227
SC2-02,2022-10-19 09:00:00,3.9,550.7231150742327,104.0,22.2,52.3,1.7043
SC2-02,2022-10-19 10:00:00,2.6,443.1713809082939,96.0,24.6,40.8,1.6507
SC2-02,2022-10-19 11:00:00,2.7,472.619646742355,106.0,26.4,33.6,1.6116
SC2-02,2022-10-19 12:00:00,2.5,368.0679125764161,97.0,26.7,36.8,
SC2-02,2022-10-19 13:00:00,2.9,399.5161784104772,101.0,26.3,37.4,1.6162
SC2-02,2022-10-19 14:00:00,3.8,481.9644442445383,115.0,25.2,39.2,1.5875
SC2-02,2022-10-19 15:00:00,4.0,619.4127100785994,140.0,24.4,39.0,1.5276
SC2-02,2022-10-19 16:00:00,3.8,586.8609759126605,,25.6,38.7,1.5718
SC2-02,2022-10-19 17:00:00,5.4,762.3092417467217,174.0,25.6,99.0,1.5955
SC2-02,2022-10-19 18:00:00,4.8,741.7575075807827,168.0,22.9,46.2,1.5898
SC2-02,2022-10-19 19:00:00,5.3,724.2057734148439,185.0,20.2,49.7,1.5697
SC2-02,2022-10-19 20:00:00,6.1,824.654039248905,199.0,19.3,52.4,1.6035
SC2-02,2022-10-19 21:00:00,5.7,753.102305082966,192.0,20.3,53.6,1.671
SC2-02,2022-10-19 22:00:00,4.9,689.5505709170271,181.0,19.1,56.8,1.6672
SC2-02,2022-10-19 23:00:00,4.3,600.9988367510882,138.0,18.8,58.4,
SC2-02,2022-10-20 00:00:00,3.7,486.44710258514937,96.0,17.4,63.4,1.6792
SC2-02,2022-10-20 01:00:00,4.1,499.89536841921046,97.0,16.2,60.9,1.6453
SC2-02,2022-10-20 02:00:00,3.2,461.3436342532716,90.0,15.6,61.6,1.6134
SC2-02,2022-10-20 03:00:00,2.5,432.7919000873327,95.0,14.6,60.7,1.5573
SC2-02,2022-10-20 04:00:00,2.0,307.2401659213938,59.0,14.0,61.5,1.5178
SC2-02,2022-10-20 05:00:00,2.1,363.68843175545487,74.0,12.6,61.6,1.4602
SC2-02,2022-10-20 06:00:00,2.4,378.13669758951596,79.0,13.8,62.3,1.4909
SC2-02,2022-10-20 07:00:00,3.3,505.58496342357705,109.0,15.2,61.2,1.5146
SC2-02,2022-10-20 08:00:00,4.0,623.0332292576381,141.0,15.7,59.6,1.5344
SC2-02,2022-10-20 09:00:00,3.7,604.4814950916993,,17.6,59.1,1.5977
SC2-02,2022-10-20 10:00:00,2.9,554.9297609257604,136.0,19.6,57.1,1.6139
SC2-02,2022-10-20 11:00:00,2.2,505.3780267598215,131.0,20.4,50.6,1.5702
SC2-02,2022-10-20 12:00:00,1.5,403.8262925938826,113.0,21.9,45.2,1.5295
SC2-02,2022-10-20 13:00:00,1.7,324.2745584279437,114.0,22.2,40.6,1.4878
SC2-02,2022-10-20 14:00:00,1.3,307.7228242620048,109.0,22.2,41.1,1.4329
SC2-02,2022-10-20 15:00:00,0.8,264.17109009606594,69.0,22.6,39.3,1.4099
SC2-02,2022-10-20 16:00:00,0.8,207.61935593012703,62.0,22.8,34.1,1.3308
SC2-02,2022-10-20 17:00:00,0.8,235.06762176418815,74.0,20.8,37.6,1.3428
SC2-02,2022-10-20 18:00:00,2.2,330.51588759824926,89.0,19.2,40.9,1.3758
SC2-02,2022-10-20 19:00:00,2.1,323.96415343231035,70.0,17.8,48.1,1.4345
SC2-02,2022-10-20 20:00:00,1.8,237.41241926637144,39.0,16.7,53.2,1.4683
SC2-02,2022-10-20 21:00:00,0.9,200.86068510043256,23.0,14.9,50.3,1.348
SC2-02,2022-10-20 22:00:00,1.8,209.30895093449368,33.0,14.1,56.0,1.3985
SC2-02,2022-10-20 23:00:00,2.0,203.75721676855477,22.0,14.0,57.0,1.3754
SC2-02,2022-10-21 00:00:00,0.6,205.2054826026159,18.0,13.0,59.7,1.3222
SC2-02,2022-10-21 01:00:00,0.1,,8.0,12.9,63.9,1.3598
SC2-02,2022-10-21 02:00:00,1.4,208.1020142707381,14.0,13.3,64.5,1.3739
SC2-02,2022-10-21 03:00:00,2.1,209.55028010479919,52.0,13.7,65.7,1.3854
SC2-02,2022-10-21 04:00:00,2.9,210.9985459388603,44.0,13.4,63.8,1.3491
SC2-02,2022-10-21 05:00:00,2.7,212.4468117729214,36.0,12.0,,1.3078
SC2-02,2022-10-21 06:00:00,2.9,367.8950776069825,53.0,13.7,63.5,1.3177
SC2-02,2022-10-21 07:00:00,4.1,521.3433434410435,93.0,13.4,63.0,1.2759
SC2-02,2022-10-21 08:00:00,3.8,548.7916092751047,109.0,16.7,49.7,1.2544
SC2-02,2022-10-21 09:00:00,4.4,632.2398751091658,123.0,18.8,46.6,1.2786
SC2-02,2022-10-21 10:00:00,2.7,545.6881409432269,134.0,19.4,37.5,1.187
SC2-02,2022-10-21 11:00:00,1.7,476.136406777288,111.0,21.2,27.7,1.0899
SC2-02,2022-10-21 12:00:00,1.2,437.5846726113491,105.0,21.9,24.1,1.0284
SC2-02,2022-10-21 13:00:00,1.2,402.03293844541025,102.0,22.0,20.9,0.9791
SC2-02,2022-10-21 14:00:00,0.7,261.48120427947134,79.0,21.7,23.1,0.9813
SC2-02,2022-10-21 15:00:00,0.9,226.92947011353246,65.0,20.6,17.6,0.8915
SC2-02,2022-10-21 16:00:00,0.5,228.37773594759355,55.0,20.6,18.7,0.9097
SC2-02,2022-10-21 17:00:00,0.4,229.82600178165467,67.0,19.5,23.3,0.9395
SC2-02,2022-10-21 18:00:00,1.3,233.2742676157158,89.0,18.4,27.1,0.9387
SC2-02,2022-10-21 19:00:00,,309.72253344977685,131.0,16.3,29.7,0.9153
SC2-02,2022-10-21 20:00:00,3.1,399.170799283838,147.0,16.5,30.6,0.9639
SC2-02,2022-10-21 21:00:00,2.5,309.6190651178991,139.0,17.8,28.8,0.9722
SC2-02,2022-10-21 22:00:00,1.4,254.0673309519602,116.0,15.5,37.1,0.9614
SC2-02,2022-10-21 23:00:00,1.2,238.5155967860213,109.0,15.4,31.0,0.9009
SC2-02,2022-10-22 00:00:00,1.4,239.9638626200824,99.0,15.3,31.3,0.9092
SC2-02,2022-10-22 01:00:00,1.7,241.4121284541435,71.0,15.7,38.1,0.9812
SC2-02,2022-10-22 02:00:00,0.8,242.86039428820462,38.0,15.2,43.5,0.9925
SC2-02,2022-10-22 03:00:00,1.0,244.3086601222657,47.0,14.2,44.0,0.9473
SC2-02,2022-10-22 04:00:00,0.7,245.75692595632682,17.0,14.1,43.1,0.9294
SC2-02,2022-10-22 05:00:00,1.2,247.20519179038794,41.0,13.9,51.1,1.0115
SC2-02,2022-10-22 06:00:00,1.7,301.65345762444906,62.0,15.7,54.9,1.1344
SC2-02,2022-10-22 07:00:00,2.7,392.10172345851015,82.0,17.2,50.3,1.1271
SC2-02,2022-10-22 08:00:00,3.6,554.5499892925712,101.0,16.8,53.3,1.1507
SC2-02,2022-10-22 09:00:00,2.9,510.99825512663233,91.0,17.5,54.9,1.1853
SC2-02,2022-10-22 10:00:00,2.8,505.4465209606934,114.0,20.7,47.3,1.1607
SC2-02,2022-10-22 11:00:00,2.7,439.89478679475457,117.0,23.0,36.8,1.0835
SC2-02,2022-10-22 12:00:00,2.1,455.34305262881566,110.0,23.7,32.9,1.0372
SC2-02,2022-10-22 13:00:00,2.4,457.79131846287675,112.0,24.9,33.9,1.0345
SC2-02,2022-10-22 14:00:00,2.1,432.2395842969379,101.0,25.9,31.9,1.0297
SC2-02,2022-10-22 15:00:00,2.3,412.687850130999,99.0,25.8,33.1,1.0072
SC2-02,2022-10-22 16:00:00,2.6,500.13611596506007,110.0,25.9,44.7,1.1189
SC2-02,2022-10-22 17:00:00,3.7,600.5843817991213,133.0,26.0,43.5,1.1167
SC2-02,2022-10-22 18:00:00,,706.0326476331823,158.0,24.4,49.0,1.1649
SC2-02,2022-10-22 19:00:00,4.9,629.4809134672435,148.0,,49.7,1.2201
SC2-02,2022-10-22 20:00:00,4.8,563.9291793013044,136.0,24.6,50.0,1.2557
SC2-02,2022-10-22 21:00:00,4.7,637.3774451353656,134.0,24.1,53.9,1.276
SC2-02,2022-10-22 22:00:00,,608.8257109694267,125.0,22.4,60.6,1.3123
SC2-02,2022-10-22 23:00:00,4.7,570.2739768034878,121.0,22.5,65.2,1.3711
SC2-02,2022-10-23 00:00:00,3.6,540.7222426375489,116.0,22.1,60.7,1.3005
SC2-02,2022-10-23 01:00:00,2.8,495.17050847161005,113.0,20.0,63.6,1.3066
SC2-02,2022-10-23 02:00:00,2.0,396.61877430567114,74.0,18.6,67.7,1.2791
SC2-02,2022-10-23 03:00:00,1.5,325.0670401397322,59.0,18.3,72.7,1.3452
SC2-02,2022-10-23 04:00:00,0.4,280.5153059737934,25.0,17.7,73.9,1.3033
SC2-02,2022-10-23 05:00:00,0.7,286.96357180785446,23.0,16.7,78.7,1.3204
SC2-02,2022-10-23 06:00:00,1.6,419.41183764191555,67.0,15.7,81.2,1.2762
SC2-02,2022-10-23 07:00:00,2.2,494.86010347597664,87.0,16.3,73.7,1.2733
SC2-02,2022-10-23 08:00:00,4.1,726.3083693100377,113.0,18.4,67.7,1.3088
SC2-02,2022-10-23 09:00:00,3.3,596.7566351440989,103.0,19.3,61.0,1.2916
SC2-02,2022-10-23 10:00:00,2.7,536.20490097816,96.0,20.2,56.7,1.2558
SC2-02,2022-10-23 11:00:00,2.9,618.6531668122211,103.0,22.5,52.6,1.2634
SC2-02,2022-10-23 12:00:00,1.8,518.1014326462822,93.0,23.3,54.7,1.3058
SC2-02,2022-10-23 13:00:00,1.5,498.54969848034335,89.0,22.0,60.4,1.2851
SC2-02,2022-10-23 14:00:00,0.9,442.99796431440444,98.0,20.7,60.3,1.2472
SC2-02,2022-10-23 15:00:00,0.8,430.44623014846553,112.0,22.4,48.7,1.1573
SC2-02,2022-10-23 16:00:00,1.7,541.8944959825267,123.0,21.9,49.0,1.1277
SC2-02,2022-10-23 17:00:00,2.5,648.3427618165878,138.0,21.8,50.3,1.0957
SC2-02,2022-10-23 18:00:00,3.5,740.7910276506489,150.0,19.8,53.1,1.115
SC2-02,2022-10-23 19:00:00,3.0,,159.0,19.8,55.2,1.1797
SC2-02,2022-10-23 20:00:00,2.8,622.687559318771,149.0,19.0,56.8,1.1847
SC2-02,2022-10-23 21:00:00,0.6,366.1358251528322,102.0,18.5,56.1,1.142
SC2-02,2022-10-23 22:00:00,0.05,306.5840909868933,76.0,18.7,58.0,1.1797
SC2-02,2022-10-23 23:00:00,0.05,308.03235682095436,65.0,18.1,57.3,1.1788
SC2-02,2022-10-24 00:00:00,0.05,309.4806226550155,52.0,17.3,56.9,1.1242
SC2-02,2022-10-24 01:00:00,0.05,310.9288884890766,33.0,18.7,55.1,1.1762
SC2-02,2022-10-24 02:00:00,0.05,312.3771543231377,24.0,17.9,61.6,1.2136
SC2-02,2022-10-24 03:00:00,0.5,313.82542015719883,57.0,17.3,58.6,1.1397
SC2-02,2022-10-24 04:00:00,0.1,315.2736859912599,,17.9,57.8,1.1403
SC2-02,2022-10-24 05:00:00,0.05,316.721951825321,62.0,17.8,60.7,1.1474
SC2-02,2022-10-24 06:00:00,0.05,330.1702176593821,66.0,17.9,60.6,1.1557
SC2-02,2022-10-24 07:00:00,1.4,450.61848349344325,88.0,17.5,55.4,1.075
SC2-02,2022-10-24 08:00:00,2.7,568.0667493275043,113.0,18.9,47.4,1.0325
SC2-02,2022-10-24 09:00:00,3.0,626.5150151615654,157.0,20.0,41.3,0.9683
SC2-02,2022-10-24 10:00:00,2.8,617.9632809956265,155.0,21.7,34.6,0.9329
SC2-02,2022-10-24 11:00:00,3.0,668.4115468296877,143.0,22.8,31.3,0.9402
SC2-02,2022-10-24 12:00:00,3.2,720.8598126637487,146.0,24.6,22.3,0.8422
SC2-02,2022-10-24 13:00:00,,,164.0,26.2,22.6,0.8766
SC2-02,2022-10-24 14:00:00,4.1,,127.0,26.4,20.2,0.8868
SC2-02,2022-10-24 15:00:00,3.3,548.2046101659321,100.0,26.4,24.9,0.9341
SC2-02,2022-10-24 16:00:00,2.7,530.6528759999932,88.0,26.6,26.0,0.9588
SC2-02,2022-10-24 17:00:00,3.7,695.1011418340543,125.0,26.5,29.3,1.0098
SC2-02,2022-10-24 18:00:00,4.3,711.5494076681155,127.0,23.7,33.4,0.9874
SC2-02,2022-10-24 19:00:00,4.3,,143.0,22.8,34.9,0.9685
SC2-02,2022-10-24 20:00:00,4.2,757.4459393362376,151.0,22.6,35.0,1.0056
SC2-02,2022-10-24 21:00:00,,655.8942051702987,134.0,,44.5,1.0329
SC2-02,2022-10-24 22:00:00,2.5,579.3424710043598,104.0,18.9,55.8,1.1076
SC2-02,2022-10-24 23:00:00,2.8,560.7907368384209,111.0,17.8,53.9,1.0532
SC2-02,2022-10-25 00:00:00,2.0,540.239002672482,99.0,16.9,58.5,1.1486
SC2-02,2022-10-25 01:00:00,1.0,504.68726850654315,80.0,17.0,59.2,1.132
SC2-02,2022-10-25 02:00:00,0.3,399.13553434060424,60.0,15.9,60.1,1.1256
SC2-02,2022-10-25 03:00:00,0.9,546.5838001746654,107.0,15.0,62.0,1.0799
SC2-02,2022-10-25 04:00:00,1.6,518.0320660087264,83.0,15.3,63.1,1.1138
SC2-02,2022-10-25 05:00:00,1.7,497.48033184278756,80.0,15.4,65.3,1.1182
SC2-02,2022-10-25 06:00:00,1.8,532.9285976768487,83.0,14.7,63.4,1.0657
SC2-02,2022-10-25 07:00:00,3.6,678.3768635109097,139.0,16.5,62.2,1.1248
SC2-02,2022-10-25 08:00:00,4.1,743.825129344971,146.0,17.2,60.3,
SC2-02,2022-10-25 09:00:00,4.2,787.2733951790319,164.0,17.3,54.7,1.0652
SC2-02,2022-10-25 10:00:00,3.6,674.7216610130931,,20.6,46.0,1.029
SC2-02,2022-10-25 11:00:00,2.7,530.1699268471541,140.0,22.4,39.3,0.9729
SC2-02,2022-10-25 12:00:00,2.8,553.6181926812153,148.0,23.5,34.8,0.9664
SC2-02,2022-10-25 13:00:00,2.9,568.0664585152764,151.0,24.1,33.2,0.9385
SC2-02,2022-10-25 14:00:00,3.8,672.5147243493375,171.0,25.0,35.0,0.985
SC2-02,2022-10-25 15:00:00,3.2,615.9629901833986,164.0,25.3,34.1,0.9664
SC2-02,2022-10-25 16:00:00,3.5,686.4112560174597,148.0,25.4,42.4,1.0672
SC2-02,2022-10-25 17:00:00,3.5,687.8595218515209,132.0,25.1,41.1,1.0691
SC2-02,2022-10-25 18:00:00,3.4,,121.0,25.3,45.5,1.1408
SC2-02,2022-10-25 19:00:00,3.7,676.756053519643,116.0,23.2,56.5,1.176
SC2-02,2022-10-25 20:00:00,3.3,688.2043193537041,114.0,23.9,60.5,0.2328116119334802
SC2-02,2022-10-25 21:00:00,2.7,623.6525851877652,97.0,21.9,67.0,1.2842
SC2-02,2022-10-25 22:00:00,2.0,526.1008510218263,75.0,21.6,71.1,1.3199
SC2-02,2022-10-25 23:00:00,2.4,466.54911685588746,,21.5,76.9,1.4086
SC2-02,2022-10-26 00:00:00,2.5,489.99738268994855,71.0,20.3,79.2,1.4009
SC2-02,2022-10-26 01:00:00,1.1,380.44564852400964,44.0,19.7,75.0,1.353
SC2-02,2022-10-26 02:00:00,0.4,381.89391435807073,27.0,18.9,74.4,1.3143
SC2-02,2022-10-26 03:00:00,0.05,383.3421801921319,10.0,19.2,73.3,1.3081
SC2-02,2022-10-26 04:00:00,0.05,384.79044602619297,1.0,17.7,77.7,1.3041
SC2-02,2022-10-26 05:00:00,0.1,384.79044602619297,1.0,17.8,73.3,1.3001
SC2-02,2022-10-26 06:00:00,1.0,384.79044602619297,1.0,15.4,76.3,1.2739
SC2-02,2022-10-26 07:00:00,2.8,454.79044602619297,33.0,15.0,75.8,1.2682
SC2-02,2022-10-26 08:00:00,3.4,551.790446026193,65.0,14.2,71.8,1.2498
SC2-02,2022-10-26 09:00:00,4.1,630.790446026193,71.0,16.7,71.5,1.3021
SC2-02,2022-10-26 10:00:00,2.9,484.79044602619297,52.0,18.5,67.1,1.3604
SC2-02,2022-10-26 11:00:00,2.4,419.79044602619297,52.0,20.9,56.0,1.2969
SC2-02,2022-10-26 12:00:00,1.3,384.79044602619297,43.0,22.0,54.1,1.2902
SC2-02,2022-10-26 13:00:00,1.7,384.79044602619297,34.0,21.7,45.7,1.1909
SC2-02,2022-10-26 14:00:00,2.5,389.79044602619297,52.0,20.9,51.9,1.1814
SC2-02,2022-10-26 15:00:00,3.2,426.79044602619297,53.0,21.3,54.7,1.2227
SC2-02,2022-10-26 16:00:00,3.5,514.790446026193,59.0,21.7,48.1,1.1411
SC2-02,2022-10-26 17:00:00,4.5,622.790446026193,101.0,24.5,41.2,1.1418
SC2-02,2022-10-26 18:00:00,4.5,643.790446026193,91.0,23.3,40.9,1.1187
SC2-02,2022-10-26 19:00:00,4.4,572.790446026193,81.0,20.9,43.1,1.0658
SC2-02,2022-10-26 20:00:00,4.6,601.790446026193,79.0,17.9,49.7,1.0604
SC2-02,2022-10-26 21:00:00,4.0,589.790446026193,,17.3,51.7,1.0726
SC2-02,2022-10-26 22:00:00,4.2,670.790446026193,95.0,15.6,54.2,1.0463
SC2-02,2022-10-26 23:00:00,4.7,699.790446026193,86.0,15.7,59.5,1.0807
SC2-02,2022-10-27 00:00:00,4.9,733.790446026193,95.0,15.2,61.3,1.0966
SC2-02,2022-10-27 01:00:00,3.7,550.790446026193,71.0,15.0,59.8,1.078
SC2-02,2022-10-27 02:00:00,2.8,440.79044602619297,36.0,13.4,66.2,1.0844
SC2-02,2022-10-27 03:00:00,1.7,386.79044602619297,35.0,13.5,67.9,1.129
SC2-02,2022-10-27 04:00:00,1.4,384.79044602619297,1.0,13.3,68.3,1.1221
SC2-02,2022-10-27 05:00:00,1.5,384.79044602619297,1.0,13.3,76.4,1.2199
SC2-02,2022-10-27 06:00:00,2.4,,,13.2,78.9,1.2439
SC2-02,2022-10-27 07:00:00,3.5,604.790446026193,86.0,14.0,73.8,1.1718
SC2-02,2022-10-27 08:00:00,4.4,725.790446026193,106.0,14.9,74.5,1.1963
SC2-02,2022-10-27 09:00:00,3.8,691.790446026193,105.0,18.0,62.2,1.1641
SC2-02,2022-10-27 10:00:00,3.5,636.790446026193,104.0,20.1,56.7,1.1664
SC2-02,2022-10-27 11:00:00,3.6,670.790446026193,99.0,21.5,55.9,1.1881
SC2-02,2022-10-27 12:00:00,4.0,697.790446026193,108.0,23.8,53.2,1.2094
SC2-02,2022-10-27 13:00:00,4.8,757.790446026193,121.0,23.5,48.3,1.1486
SC2-02,2022-10-27 14:00:00,4.8,792.790446026193,127.0,24.1,49.6,1.16
SC2-02,2022-10-27 15:00:00,4.1,689.790446026193,126.0,24.6,50.4,1.2227
SC2-02,2022-10-27 16:00:00,3.6,672.790446026193,129.0,25.0,53.2,1.2534
SC2-02,2022-10-27 17:00:00,4.4,734.790446026193,133.0,24.8,52.7,1.2943
SC2-02,2022-10-27 18:00:00,4.9,736.790446026193,150.0,22.7,62.9,1.3803
SC2-02,2022-10-27 19:00:00,4.1,659.790446026193,117.0,21.1,64.5,1.3568
SC2-02,2022-10-27 20:00:00,4.5,708.790446026193,,20.3,66.0,1.4013
SC2-02,2022-10-27 21:00:00,3.7,669.790446026193,118.0,19.3,69.4,1.4491
SC2-02,2022-10-27 22:00:00,3.4,546.790446026193,95.0,18.5,69.1,1.4044
SC2-02,2022-10-27 23:00:00,2.7,492.79044602619297,95.0,17.8,72.8,1.4039
SC2-02,2022-10-28 00:00:00,3.3,535.790446026193,94.0,16.8,83.8,1.4997
SC2-02,2022-10-28 01:00:00,2.0,427.79044602619297,59.0,16.4,80.8,1.5032
SC2-02,2022-10-28 02:00:00,2.3,462.79044602619297,67.0,16.4,78.7,1.5035
SC2-02,2022-10-28 03:00:00,2.5,496.79044602619297,70.0,16.0,77.1,1.4796
SC2-02,2022-10-28 04:00:00,2.1,446.79044602619297,47.0,17.0,77.3,1.5065
SC2-02,2022-10-28 05:00:00,1.6,384.79044602619297,48.0,17.5,77.5,1.5165
SC2-02,2022-10-28 06:00:00,1.1,384.79044602619297,60.0,17.6,78.2,1.4832
SC2-02,2022-10-28 07:00:00,1.8,425.79044602619297,68.0,16.7,80.5,1.4388
SC2-02,2022-10-28 08:00:00,1.9,499.79044602619297,70.0,16.8,78.4,1.4356
SC2-02,2022-10-28 09:00:00,2.0,457.79044602619297,,19.7,69.6,1.4565
SC2-02,2022-10-28 10:00:00,1.7,525.790446026193,95.0,21.0,63.7,1.4121
SC2-02,2022-10-28 11:00:00,1.5,473.79044602619297,78.0,23.0,54.8,1.3261
SC2-02,2022-10-28 12:00:00,0.8,400.79044602619297,64.0,23.9,50.9,1.3451
SC2-02,2022-10-28 13:00:00,1.1,390.79044602619297,62.0,22.8,54.9,1.3351
SC2-02,2022-10-28 14:00:00,0.9,422.79044602619297,83.0,22.1,54.3,1.2773
SC2-02,2022-10-28 15:00:00,0.6,405.79044602619297,65.0,23.1,53.3,1.2804
SC2-02,2022-10-28 16:00:00,1.9,564.790446026193,91.0,,54.3,1.2919
SC2-02,2022-10-28 17:00:00,2.8,586.790446026193,103.0,22.3,57.4,1.2984
SC2-02,2022-10-28 18:00:00,3.6,545.790446026193,95.0,20.2,60.7,1.2698
SC2-02,2022-10-28 19:00:00,3.6,523.790446026193,85.0,19.5,62.4,1.3166
SC2-02,2022-10-28 20:00:00,2.9,407.79044602619297,64.0,18.8,68.7,1.3588
SC2-02,2022-10-28 21:00:00,1.8,384.79044602619297,48.0,17.6,75.5,1.4171
SC2-02,2022-10-28 22:00:00,1.5,384.79044602619297,40.0,17.2,76.0,1.4321
SC2-02,2022-10-28 23:00:00,0.9,384.79044602619297,1.0,17.9,75.0,1.4713
SC2-02,2022-10-29 00:00:00,0.6,384.79044602619297,40.0,17.5,71.2,1.4465
SC2-02,2022-10-29 01:00:00,1.1,384.79044602619297,51.0,,75.9,1.4653
SC2-02,2022-10-29 02:00:00,0.9,384.79044602619297,45.0,16.5,77.7,1.5027
SC2-02,2022-10-29 03:00:00,0.7,384.79044602619297,35.0,17.7,79.5,1.5798
SC2-02,2022-10-29 04:00:00,0.3,384.79044602619297,13.0,17.6,73.1,1.4823
SC2-02,2022-10-29 05:00:00,1.0,384.79044602619297,49.0,16.8,71.5,1.3999
SC2-02,2022-10-29 06:00:00,2.2,562.790446026193,93.0,17.1,76.3,1.4636
SC2-02,2022-10-29 07:00:00,3.9,733.790446026193,126.0,16.9,72.3,1.4015
SC2-02,2022-10-29 08:00:00,4.0,832.790446026193,132.0,19.2,70.8,1.4218
SC2-02,2022-10-29 09:00:00,3.7,790.790446026193,137.0,20.6,73.3,1.5275
SC2-02,2022-10-29 10:00:00,3.6,783.790446026193,131.0,21.4,69.5,1.5078
SC2-02,2022-10-29 11:00:00,3.0,736.790446026193,130.0,24.1,56.5,1.4228
SC2-02,2022-10-29 12:00:00,2.6,638.790446026193,127.0,26.2,50.6,1.3793
SC2-02,2022-10-29 13:00:00,3.3,651.790446026193,121.0,25.5,54.0,1.3875
SC2-02,2022-10-29 14:00:00,3.3,624.790446026193,113.0,26.3,53.4,1.4403
SC2-02,2022-10-29 15:00:00,3.4,614.790446026193,97.0,27.0,50.6,1.4107
SC2-02,2022-10-29 16:00:00,3.4,674.790446026193,108.0,27.9,50.7,1.4547
SC2-02,2022-10-29 17:00:00,4.4,752.790446026193,126.0,29.0,46.5,1.458
SC2-02,2022-10-29 18:00:00,4.8,823.790446026193,144.0,28.6,45.1,1.4715
SC2-02,2022-10-29 19:00:00,5.4,842.790446026193,147.0,25.6,52.7,1.4803
SC2-02,2022-10-29 20:00:00,5.2,803.790446026193,158.0,24.3,54.9,1.5097
SC2-02,2022-10-29 21:00:00,4.2,698.790446026193,123.0,23.5,60.2,1.5629
SC2-02,2022-10-29 22:00:00,3.0,493.79044602619297,83.0,23.1,60.8,1.5547
SC2-02,2022-10-29 23:00:00,3.0,500.79044602619297,83.0,20.7,70.2,1.5436
SC2-02,2022-10-30 00:00:00,2.7,486.79044602619297,78.0,19.8,71.7,1.5192
SC2-02,2022-10-30 01:00:00,2.2,445.79044602619297,65.0,18.6,69.4,1.4222
SC2-02,2022-10-30 02:00:00,2.5,440.79044602619297,60.0,17.9,73.9,1.4339
SC2-02,2022-10-30 03:00:00,1.6,446.79044602619297,71.0,17.6,69.9,1.3764
SC2-02,2022-10-30 04:00:00,0.9,384.79044602619297,14.0,16.9,74.4,1.4393
SC2-02,2022-10-30 05:00:00,0.05,384.79044602619297,1.0,17.6,70.6,1.4047
SC2-02,2022-10-30 06:00:00,0.05,384.79044602619297,1.0,17.5,73.6,1.4524
SC2-02,2022-10-30 07:00:00,0.05,384.79044602619297,1.0,15.3,75.0,1.3827
SC2-02,2022-10-30 08:00:00,1.3,416.79044602619297,35.0,15.4,74.5,1.3765
SC2-02,2022-10-30 09:00:00,2.6,542.790446026193,43.0,16.2,69.8,1.3773
SC2-02,2022-10-30 10:00:00,2.1,513.790446026193,48.0,19.0,62.9,1.3712
SC2-02,2022-10-30 11:00:00,1.7,411.79044602619297,43.0,21.6,53.6,1.3057
SC2-02,2022-10-30 12:00:00,1.5,384.79044602619297,23.0,22.5,49.3,1.2362
SC2-02,2022-10-30 13:00:00,2.4,401.79044602619297,,22.7,46.1,1.1993
SC2-02,2022-10-30 14:00:00,3.1,518.790446026193,63.0,21.8,47.6,1.1699
SC2-02,2022-10-30 15:00:00,2.8,511.79044602619297,59.0,22.1,42.7,1.1401
SC2-02,2022-10-30 16:00:00,3.1,509.79044602619297,66.0,21.6,43.2,1.1631
SC2-02,2022-10-30 17:00:00,3.5,554.790446026193,82.0,20.7,48.5,1.1802
SC2-02,2022-10-30 18:00:00,4.3,564.790446026193,112.0,18.1,49.8,1.1233
SC2-02,2022-10-30 19:00:00,3.9,547.790446026193,122.0,16.4,,1.1289
SC2-02,2022-10-30 20:00:00,3.1,415.79044602619297,92.0,16.4,56.8,1.181
SC2-02,2022-10-30 21:00:00,1.8,384.79044602619297,65.0,14.1,59.7,1.1411
SC2-02,2022-10-30 22:00:00,1.1,384.79044602619297,39.0,14.1,60.1,1.166
SC2-02,2022-10-30 23:00:00,1.7,384.79044602619297,31.0,15.3,65.6,
SC2-02,2022-10-31 00:00:00,1.5,384.79044602619297,34.0,13.9,62.9,1.1777
SC2-02,2022-10-31 01:00:00,1.3,384.79044602619297,11.0,13.6,63.9,1.2023
SC2-02,2022-10-31 02:00:00,1.1,384.79044602619297,20.0,13.7,61.4,1.2023
SC2-02,2022-10-31 03:00:00,1.5,384.79044602619297,39.0,12.8,61.5,1.1624
SC2-02,2022-10-31 04:00:00,2.0,444.79044602619297,58.0,,60.7,1.1481
SC2-02,2022-10-31 05:00:00,2.7,544.790446026193,54.0,12.1,64.8,1.1546
SC2-02,2022-10-31 06:00:00,2.7,578.790446026193,72.0,11.8,66.2,1.1602
SC2-02,2022-10-31 07:00:00,3.4,678.790446026193,,13.1,68.3,1.2166
SC2-02,2022-10-31 08:00:00,3.7,722.790446026193,84.0,13.3,65.6,1.18
SC2-02,2022-10-31 09:00:00,3.8,738.790446026193,119.0,13.2,59.1,1.1099
SC2-02,2022-10-31 10:00:00,3.7,733.790446026193,137.0,15.2,49.3,1.0579
SC2-02,2022-10-31 11:00:00,3.0,692.790446026193,137.0,16.2,44.5,1.0094
SC2-02,2022-10-31 12:00:00,2.4,,138.0,17.0,43.6,1.0149
SC2-02,2022-10-31 13:00:00,2.1,553.790446026193,117.0,17.1,37.7,0.9274
SC2-02,2022-10-31 14:00:00,2.4,497.79044602619297,112.0,16.6,38.5,0.9018
SC2-02,2022-10-31 15:00:00,2.9,525.790446026193,103.0,16.7,45.5,0.9712
SC2-02,2022-10-31 16:00:00,2.9,557.790446026193,117.0,15.4,48.5,0.9191
SC2-02,2022-10-31 17:00:00,3.5,607.790446026193,115.0,15.6,52.4,0.9978
SC2-02,2022-10-31 18:00:00,4.3,733.790446026193,141.0,12.8,60.9,1.0367
SC2-02,2022-10-31 19:00:00,3.8,716.790446026193,122.0,12.5,61.7,1.0605
SC2-02,2022-10-31 20:00:00,3.4,695.790446026193,131.0,12.1,56.0,1.0145
SC2-02,2022-10-31 21:00:00,2.4,648.790446026193,133.0,12.1,49.8,0.9874
SC2-02,2022-10-31 22:00:00,1.8,601.790446026193,127.0,11.1,52.1,0.9907
SC2-02,2022-10-31 23:00:00,2.0,621.790446026193,127.0,10.6,51.2,0.9524
SC2-02,2022-11-01 00:00:00,2.1,753.790446026193,163.0,2.1,47.0,0.3431
SC2-02,2022-11-01 01:00:00,2.1,653.790446026193,129.0,2.7,,0.414
SC2-02,2022-11-01 02:00:00,1.3,557.790446026193,105.0,2.1,45.7,0.3263
SC2-02,2022-11-01 03:00:00,0.9,498.79044602619297,94.0,0.8,44.2,0.261
SC2-02,2022-11-01 04:00:00,0.9,480.79044602619297,70.0,0.4,45.9,0.2409
SC2-02,2022-11-01 05:00:00,0.8,473.79044602619297,73.0,0.9,51.5,0.2863
SC2-02,2022-11-01 06:00:00,1.4,546.790446026193,90.0,0.9,55.2,0.3156
SC2-02,2022-11-01 07:00:00,2.2,691.790446026193,103.0,1.9,57.1,0.3632
SC2-02,2022-11-01 08:00:00,3.2,838.790446026193,142.0,1.9,56.3,0.3501
SC2-02,2022-11-01 09:00:00,2.6,775.790446026193,129.0,3.1,54.3,0.3642
SC2-02,2022-11-01 10:00:00,3.2,858.790446026193,167.0,5.0,52.6,0.4131
SC2-02,2022-11-01 11:00:00,3.4,,179.0,8.1,48.6,0.4652
SC2-02,2022-11-01 12:00:00,3.5,850.790446026193,177.0,8.6,,0.4186
SC2-02,2022-11-01 13:00:00,4.4,900.0,196.0,8.7,52.2,0.4189
SC2-02,2022-11-01 14:00:00,4.5,900.0,199.0,10.2,48.2,0.3998
SC2-02,2022-11-01 15:00:00,4.6,900.0,207.0,9.8,49.9,0.3833
SC2-02,2022-11-01 16:00:00,4.8,900.0,198.0,10.5,52.9,0.4481
SC2-02,2022-11-01 17:00:00,5.0,900.0,221.0,11.0,52.6,0.5057
SC2-02,2022-11-01 18:00:00,4.8,900.0,223.0,9.1,54.3,0.4677
SC2-02,2022-11-01 19:00:00,4.9,900.0,223.0,6.5,57.2,0.4312
SC2-02,2022-11-01 20:00:00,4.5,,207.0,6.0,57.7,0.4455
SC2-02,2022-11-01 21:00:00,3.8,807.790446026193,186.0,4.9,65.9,0.8221266725473086
SC2-02,2022-11-01 22:00:00,4.4,833.790446026193,192.0,4.8,66.9,
SC2-02,2022-11-01 23:00:00,3.2,747.790446026193,160.0,3.8,72.1,0.05
SC2-02,2022-11-02 00:00:00,3.3,800.790446026193,161.0,4.2,75.6,1.4633526605388547
SC2-02,2022-11-02 01:00:00,2.6,722.790446026193,129.0,4.5,75.8,0.23170815475704282
SC2-02,2022-11-02 02:00:00,1.7,557.790446026193,90.0,0.9,79.3,0.5788
SC2-02,2022-11-02 03:00:00,1.3,506.79044602619297,87.0,1.2,83.9,0.6395
SC2-02,2022-11-02 04:00:00,1.9,469.79044602619297,60.0,1.9,83.0,0.6532
SC2-02,2022-11-02 05:00:00,1.8,420.79044602619297,60.0,2.4,82.3,0.6785
SC2-02,2022-11-02 06:00:00,2.1,470.79044602619297,50.0,2.6,81.9,0.655
SC2-02,2022-11-02 07:00:00,2.1,494.79044602619297,51.0,3.0,84.8,0.6865
SC2-02,2022-11-02 08:00:00,4.2,660.790446026193,82.0,3.8,86.2,0.7425
SC2-02,2022-11-02 09:00:00,3.6,620.790446026193,104.0,6.6,78.4,0.7517
SC2-02,2022-11-02 10:00:00,3.1,588.790446026193,106.0,9.3,70.0,0.7487
SC2-02,2022-11-02 11:00:00,2.8,586.790446026193,100.0,10.8,64.1,0.7725
SC2-02,2022-11-02 12:00:00,2.1,563.790446026193,94.0,12.9,58.3,0.7514
SC2-02,2022-11-02 13:00:00,2.3,551.790446026193,112.0,12.4,59.7,0.7502
SC2-02,2022-11-02 14:00:00,2.7,604.790446026193,122.0,14.2,58.5,0.7727
SC2-02,2022-11-02 15:00:00,3.1,693.790446026193,146.0,15.6,55.7,0.7841
SC2-02,2022-11-02 16:00:00,4.4,850.790446026193,184.0,15.3,60.8,0.8557
SC2-02,2022-11-02 17:00:00,4.6,855.790446026193,180.0,14.5,57.6,0.7869
SC2-02,2022-11-02 18:00:00,4.9,900.0,216.0,13.2,58.3,0.7647
SC2-02,2022-11-02 19:00:00,4.1,871.790446026193,216.0,11.3,59.7,0.7635
SC2-02,2022-11-02 20:00:00,3.7,759.790446026193,175.0,11.2,62.0,0.8271
SC2-02,2022-11-02 21:00:00,3.3,,174.0,10.7,63.5,0.887
SC2-02,2022-11-02 22:00:00,2.7,658.790446026193,162.0,10.2,62.4,0.8122
SC2-02,2022-11-02 23:00:00,2.2,686.790446026193,158.0,8.5,74.1,0.05
SC2-02,2022-11-03 00:00:00,1.9,743.790446026193,160.0,6.9,78.1,0.8805
SC2-02,2022-11-03 01:00:00,1.2,646.790446026193,137.0,6.2,80.0,0.8743
SC2-02,2022-11-03 02:00:00,1.3,634.790446026193,120.0,5.6,75.3,0.7756
SC2-02,2022-11-03 03:00:00,0.9,501.79044602619297,105.0,5.0,70.6,0.7217
SC2-02,2022-11-03 04:00:00,0.9,560.790446026193,92.0,4.7,66.4,0.6385
SC2-02,2022-11-03 05:00:00,0.6,452.79044602619297,80.0,5.2,62.7,0.6298
SC2-02,2022-11-03 06:00:00,1.2,481.79044602619297,104.0,4.0,67.2,0.627
SC2-02,2022-11-03 07:00:00,1.9,622.790446026193,135.0,4.9,67.6,0.6409
SC2-02,2022-11-03 08:00:00,3.0,736.790446026193,161.0,5.2,65.4,0.6187
SC2-02,2022-11-03 09:00:00,3.4,775.790446026193,170.0,6.4,,0.6268
SC2-02,2022-11-03 10:00:00,2.5,751.790446026193,159.0,9.6,58.1,0.681
SC2-02,2022-11-03 11:00:00,2.5,744.790446026193,159.0,11.8,56.6,0.7199
SC2-02,2022-11-03 12:00:00,3.2,772.790446026193,163.0,12.4,64.9,0.8199
SC2-02,2022-11-03 13:00:00,3.5,791.790446026193,163.0,14.5,65.9,0.9091
SC2-02,2022-11-03 14:00:00,3.1,691.790446026193,155.0,14.8,59.7,0.8556
SC2-02,2022-11-03 15:00:00,2.0,575.790446026193,135.0,14.1,57.7,0.8083
SC2-02,2022-11-03 16:00:00,2.6,623.790446026193,,14.7,56.4,0.8236
SC2-02,2022-11-03 17:00:00,3.5,744.790446026193,178.0,15.2,50.2,0.8075
SC2-02,2022-11-03 18:00:00,3.4,822.790446026193,191.0,13.3,54.7,0.7941
SC2-02,2022-11-03 19:00:00,3.7,825.790446026193,186.0,12.6,58.7,0.8246
SC2-02,2022-11-03 20:00:00,3.1,815.790446026193,174.0,12.2,56.7,0.8162
SC2-02,2022-11-03 21:00:00,2.6,670.790446026193,139.0,11.1,63.7,0.861
SC2-02,2022-11-03 22:00:00,2.7,689.790446026193,143.0,11.1,65.3,0.9001
SC2-02,2022-11-03 23:00:00,2.9,673.790446026193,127.0,9.8,63.8,0.8365
SC2-02,2022-11-04 00:00:00,3.1,654.790446026193,128.0,9.7,62.7,0.8239
SC2-02,2022-11-04 01:00:00,2.0,573.790446026193,102.0,-15.0,62.9,0.819
SC2-02,2022-11-04 02:00:00,1.1,414.79044602619297,69.0,7.5,57.2,0.7229
SC2-02,2022-11-04 03:00:00,1.7,547.790446026193,82.0,6.3,63.1,0.7514
SC2-02,2022-11-04 04:00:00,1.3,474.79044602619297,45.0,6.1,59.9,0.6956
SC2-02,2022-11-04 05:00:00,1.5,492.79044602619297,81.0,7.9,52.3,0.68
SC2-02,2022-11-04 06:00:00,2.0,582.790446026193,107.0,8.0,58.8,0.7407
SC2-02,2022-11-04 07:00:00,2.3,634.790446026193,119.0,8.1,58.1,
SC2-02,2022-11-04 08:00:00,2.8,750.790446026193,137.0,10.0,55.7,0.7767
SC2-02,2022-11-04 09:00:00,3.3,818.790446026193,164.0,10.9,50.1,0.7196
SC2-02,2022-11-04 10:00:00,3.6,871.790446026193,181.0,15.3,43.7,0.7843
SC2-02,2022-11-04 11:00:00,4.3,899.790446026193,184.0,18.5,37.0,0.807
SC2-02,2022-11-04 12:00:00,3.8,764.790446026193,155.0,18.9,33.7,0.7715
SC2-02,2022-11-04 13:00:00,2.8,637.790446026193,126.0,20.8,28.7,0.7876
SC2-02,2022-11-04 14:00:00,2.1,619.790446026193,127.0,20.9,28.5,0.8184
SC2-02,2022-11-04 15:00:00,1.7,605.790446026193,119.0,20.9,25.6,0.7933
SC2-02,2022-11-04 16:00:00,,602.790446026193,130.0,21.9,26.2,0.8135
SC2-02,2022-11-04 17:00:00,3.2,718.790446026193,147.0,21.1,38.7,0.9378
SC2-02,2022-11-04 18:00:00,3.2,689.790446026193,133.0,20.7,41.1,0.992
SC2-02,2022-11-04 19:00:00,3.5,682.790446026193,128.0,18.6,49.3,1.0306
SC2-02,2022-11-04 20:00:00,3.2,715.790446026193,126.0,16.7,60.8,1.0681
SC2-02,2022-11-04 21:00:00,2.5,645.790446026193,114.0,15.9,61.4,1.044
SC2-02,2022-11-04 22:00:00,3.0,604.790446026193,106.0,16.2,64.5,1.0738
SC2-02,2022-11-04 23:00:00,3.5,600.790446026193,89.0,15.5,65.3,1.0563
SC2-02,2022-11-05 00:00:00,3.2,573.790446026193,95.0,14.2,66.3,1.0636
SC2-02,2022-11-05 01:00:00,2.8,550.790446026193,84.0,13.4,73.4,1.1296
SC2-02,2022-11-05 02:00:00,2.2,514.790446026193,57.0,13.8,71.8,1.1659
SC2-02,2022-11-05 03:00:00,2.3,582.790446026193,62.0,14.3,75.2,1.2283
SC2-02,2022-11-05 04:00:00,2.2,553.790446026193,40.0,12.9,80.6,1.27
SC2-02,2022-11-05 05:00:00,2.5,607.790446026193,31.0,12.3,82.3,1.2747
SC2-02,2022-11-05 06:00:00,2.1,576.790446026193,43.0,10.2,80.9,1.162
SC2-02,2022-11-05 07:00:00,2.9,684.790446026193,74.0,10.2,79.9,1.1375
SC2-02,2022-11-05 08:00:00,4.2,842.790446026193,94.0,11.4,74.1,1.134
SC2-02,2022-11-05 09:00:00,3.9,820.790446026193,103.0,11.7,71.0,1.1283
SC2-02,2022-11-05 10:00:00,4.0,900.0,126.0,13.3,65.5,1.096
SC2-02,2022-11-05 11:00:00,3.9,899.790446026193,135.0,15.1,64.9,1.1506
SC2-02,2022-11-05 12:00:00,2.7,694.790446026193,101.0,16.5,54.2,1.0982
SC2-02,2022-11-05 13:00:00,2.7,705.790446026193,114.0,16.7,54.4,1.0942
SC2-02,2022-11-05 14:00:00,2.9,692.790446026193,114.0,16.4,46.4,0.9545
SC2-02,2022-11-05 15:00:00,3.4,785.790446026193,133.0,17.6,40.9,0.8803
SC2-02,2022-11-05 16:00:00,3.7,822.790446026193,135.0,17.2,45.4,0.9042
SC2-02,2022-11-05 17:00:00,3.9,803.790446026193,134.0,16.6,46.4,0.9187
SC2-02,2022-11-05 18:00:00,4.9,863.790446026193,145.0,16.1,47.1,0.9571
SC2-02,2022-11-05 19:00:00,4.4,854.790446026193,129.0,14.5,54.5,0.9972
SC2-02,2022-11-05 20:00:00,3.4,760.790446026193,107.0,13.2,,0.917
SC2-02,2022-11-05 21:00:00,3.1,728.790446026193,104.0,11.7,63.3,0.9654
SC2-02,2022-11-05 22:00:00,1.8,620.790446026193,78.0,10.1,64.5,0.9406
SC2-02,2022-11-05 23:00:00,2.1,656.790446026193,78.0,10.5,60.2,0.8936
SC2-02,2022-11-06 00:00:00,3.2,757.790446026193,103.0,12.0,67.9,0.9939
SC2-02,2022-11-06 01:00:00,2.9,795.790446026193,119.0,10.5,70.0,0.9715
SC2-02,2022-11-06 02:00:00,2.3,608.790446026193,91.0,10.9,71.6,0.9796
SC2-02,2022-11-06 03:00:00,2.7,597.790446026193,120.0,9.0,67.3,0.8708
SC2-02,2022-11-06 04:00:00,2.0,559.790446026193,80.0,8.4,72.6,0.9087
SC2-02,2022-11-06 05:00:00,1.3,524.790446026193,89.0,7.8,71.8,0.871
SC2-02,2022-11-06 06:00:00,2.2,144.0,106.0,6.6,70.2,0.815
SC2-02,2022-11-06 07:00:00,3.2,169.0,131.0,6.5,77.1,0.8878
SC2-02,2022-11-06 08:00:00,4.2,271.0,151.0,6.6,75.2,0.8524
SC2-02,2022-11-06 09:00:00,4.8,374.0,158.0,7.4,76.1,0.8611
SC2-02,2022-11-06 10:00:00,4.0,320.0,154.0,10.5,67.9,0.8402
SC2-02,2022-11-06 11:00:00,3.7,216.0,149.0,12.1,64.3,0.824
SC2-02,2022-11-06 12:00:00,3.1,85.0,123.0,14.3,51.8,0.7702
SC2-02,2022-11-06 13:00:00,3.3,47.0,128.0,15.1,55.1,0.8242
SC2-02,2022-11-06 14:00:00,3.9,121.0,143.0,14.6,,0.8102
SC2-02,2022-11-06 15:00:00,3.5,123.0,149.0,14.7,51.5,0.7296
SC2-02,2022-11-06 16:00:00,,115.0,159.0,14.5,45.2,0.6485
SC2-02,2022-11-06 17:00:00,3.9,244.0,204.0,13.7,45.8,0.6339
SC2-02,2022-11-06 18:00:00,4.8,323.0,231.0,13.9,48.6,0.6859
SC2-02,2022-11-06 19:00:00,4.4,320.0,226.0,12.9,44.6,0.6381
SC2-02,2022-11-06 20:00:00,4.2,232.0,202.0,11.7,45.0,0.6018
SC2-02,2022-11-06 21:00:00,1.2,1.0,148.0,9.6,46.4,0.5565
SC2-02,2022-11-06 22:00:00,1.0,1.0,141.0,9.9,45.0,0.5545
SC2-02,2022-11-06 23:00:00,0.4,1.0,112.0,10.0,45.7,0.5925
SC2-02,2022-11-07 00:00:00,1.4,1.0,130.0,10.0,45.9,0.6143
SC2-02,2022-11-07 01:00:00,2.1,1.0,126.0,8.7,45.6,0.5892
SC2-02,2022-11-07 02:00:00,0.6,,101.0,9.1,44.3,0.5933
SC2-02,2022-11-07 03:00:00,0.2,1.0,93.0,8.9,46.6,0.6103
SC2-02,2022-11-07 04:00:00,0.3,1.0,75.0,8.8,46.7,0.5829
SC2-02,2022-11-07 05:00:00,0.6,1.0,75.0,7.0,47.2,0.516
SC2-02,2022-11-07 06:00:00,1.8,1.0,87.0,6.8,47.9,0.4912
SC2-02,2022-11-07 07:00:00,3.4,80.0,124.0,6.8,44.0,0.4532
SC2-02,2022-11-07 08:00:00,4.6,253.0,158.0,8.0,40.0,0.4424
SC2-02,2022-11-07 09:00:00,4.5,316.0,166.0,10.1,33.8,0.4965
SC2-02,2022-11-07 10:00:00,3.5,269.0,165.0,11.5,29.7,0.4812
SC2-02,2022-11-07 11:00:00,4.0,294.0,183.0,13.9,26.7,0.4971
